seed,bond,angle,torsion,nonbonded,gb_solvation,total
survivor_000_basin_000_candidate_2765_gencluster_851_conf_166340_implicit_min,20.07672119140625,74.51789855957031,363.1156005859375,-330.6060371398926,-1699.675995349884,-1572.5707325935364
survivor_001_basin_001_candidate_1629_gencluster_1629_conf_005682_implicit_min,17.36787986755371,66.6588363647461,364.1479797363281,-447.5124683380127,-1569.192048072815,-1568.5304770618677
survivor_002_basin_002_nma_bh_candidate_2492_gencluster_473_conf_171315_implicit_min_hop_002_mode02_m1.35A_implicit_min,17.821523666381836,76.50347137451172,377.4700927734375,-655.928304195404,-1467.6893572807312,-1651.822772204876
survivor_003_basin_003_nma_bh_candidate_323_gencluster_323_conf_140845_implicit_min_hop_002_mode02_m0.75A_implicit_min,18.177433013916016,77.11674499511719,384.13214111328125,-727.161548614502,-1360.702293395996,-1608.4377309083939
survivor_004_basin_004_nma_bh_candidate_2863_gencluster_967_conf_115824_implicit_min_hop_000_mode02_p0.75A_implicit_min,17.77643394470215,65.03678894042969,351.11492919921875,-394.16164207458496,-1628.3730382919312,-1588.606936454773
survivor_005_basin_005_explore_r02_hit_0010_conf_049019_implicit_min,18.740894317626953,90.32008361816406,376.73309326171875,-529.8976607322693,-1574.0798835754395,-1618.1833696365356
survivor_006_basin_006_nma_bh_candidate_2683_gencluster_750_conf_033714_implicit_min_hop_002_mode02_m1.35A_implicit_min,20.062360763549805,76.42033386230469,367.9125671386719,-449.95834398269653,-1585.222526550293,-1570.7858010828495
survivor_007_basin_007_nma_bh_candidate_484_gencluster_484_conf_150688_implicit_min_hop_002_mode01_p1.35A_implicit_min,20.79552459716797,91.10782623291016,360.1826171875,-478.40991497039795,-1594.0002937316895,-1600.3236856460571
survivor_008_basin_008_nma_bh_candidate_1187_gencluster_1187_conf_135333_implicit_min_hop_002_mode01_m0.75A_implicit_min,18.159482955932617,75.11904907226562,361.53857421875,-355.2287473678589,-1647.9231991767883,-1548.3336129784584
survivor_009_basin_009_candidate_2692_gencluster_762_conf_086462_implicit_min,19.016284942626953,68.2372817993164,354.9216613769531,-354.64716958999634,-1672.3239274024963,-1584.7950911968946
survivor_010_basin_010_candidate_1138_gencluster_1138_conf_004095_implicit_min,20.880033493041992,116.2471923828125,368.6080322265625,-440.54728984832764,-1594.5786485671997,-1529.390645056963
survivor_011_basin_011_nma_bh_candidate_896_gencluster_896_conf_007510_implicit_min_hop_002_mode02_m0.75A_implicit_min,18.845048904418945,69.39730834960938,374.34307861328125,-685.2054233551025,-1395.831886291504,-1618.451226234436
survivor_012_basin_012_candidate_1190_gencluster_1190_conf_082473_implicit_min,18.177776336669922,66.13653564453125,348.7145690917969,-630.3745336532593,-1406.6837921142578,-1604.0288432240486
survivor_013_basin_013_candidate_1379_gencluster_1379_conf_043815_implicit_min,19.481624603271484,78.30618286132812,354.3591613769531,-377.8028554916382,-1683.94047164917,-1609.5959923267365
survivor_014_basin_014_explore_r05_hit_0049_conf_001590_implicit_min,18.16299057006836,67.3485107421875,380.0473327636719,-940.8219661712646,-1180.0851783752441,-1655.348891735077
survivor_015_basin_015_nma_bh_candidate_2397_gencluster_351_conf_182360_implicit_min_hop_003_mode02_m1.35A_implicit_min,20.00074577331543,90.75419616699219,366.0230712890625,-283.1747360229492,-1798.6209297180176,-1605.0175371170044
survivor_016_basin_016_candidate_1079_gencluster_1079_conf_006890_implicit_min,17.79203987121582,67.69783782958984,380.71746826171875,-480.9483299255371,-1576.5137481689453,-1591.2553808391094
survivor_017_basin_017_nma_bh_candidate_2492_gencluster_473_conf_171315_implicit_min_hop_000_mode01_p1.35A_implicit_min,21.520713806152344,89.6949462890625,369.57293701171875,-463.9443416595459,-1623.6525163650513,-1606.808851659298
survivor_018_basin_018_candidate_1176_gencluster_1176_conf_003581_implicit_min,16.255496978759766,59.6033935546875,364.9289245605469,-567.0594844818115,-1471.7890491485596,-1598.0612683296204
survivor_019_basin_019_nma_bh_candidate_2863_gencluster_967_conf_115824_implicit_min_hop_001_mode02_p1.35A_implicit_min,18.248106002807617,70.08641815185547,357.3106994628906,-458.6841011047363,-1583.8317861557007,-1596.8709911108017
survivor_020_basin_020_candidate_2176_gencluster_077_conf_037512_implicit_min,17.51898956298828,63.227725982666016,353.7776794433594,-437.87489891052246,-1589.0117921829224,-1592.36296620965
survivor_021_basin_021_nma_bh_candidate_1822_gencluster_1822_conf_005041_implicit_min_hop_000_mode02_m0.75A_implicit_min,15.730510711669922,59.99156188964844,351.939697265625,-414.09024477005005,-1608.458996772766,-1594.8875048160553
survivor_022_basin_022_candidate_2132_gencluster_024_conf_197987_implicit_min,19.84220314025879,86.35736846923828,334.2997741699219,-365.4984607696533,-1668.4863834381104,-1593.4856410324574
survivor_023_basin_023_nma_bh_candidate_2537_gencluster_535_conf_063339_implicit_min_hop_000_mode01_m1.35A_implicit_min,18.735210418701172,70.8647689819336,363.6263427734375,-396.73619079589844,-1688.455307006836,-1631.9657824635506
survivor_024_basin_024_nma_bh_candidate_2149_gencluster_045_conf_000812_implicit_min_hop_000_mode01_p0.75A_implicit_min,17.81099510192871,73.41436004638672,375.80218505859375,-471.9536552429199,-1577.804162979126,-1582.7300205230713
survivor_025_basin_026_nma_bh_candidate_109_gencluster_109_conf_041191_implicit_min_hop_001_mode02_m0.75A_implicit_min,19.707355499267578,83.30668640136719,390.5442199707031,-338.44189643859863,-1735.6309881210327,-1580.514216184616
survivor_026_basin_027_nma_bh_candidate_703_gencluster_703_conf_042424_implicit_min_hop_003_mode02_m0.75A_implicit_min,17.749757766723633,80.21207427978516,369.5078125,-559.0861682891846,-1495.0653676986694,-1586.6815239191055
survivor_027_basin_028_candidate_1674_gencluster_1674_conf_194930_implicit_min,16.1648006439209,54.927825927734375,376.94671630859375,-542.8922147750854,-1498.1880702972412,-1593.0408728122711
survivor_028_basin_029_explore_r01_hit_0042_conf_007863_implicit_min,17.953601837158203,67.2598876953125,379.3043212890625,-328.74850940704346,-1715.5383214950562,-1579.7694698870182
survivor_029_basin_030_nma_bh_candidate_369_gencluster_369_conf_030202_implicit_min_hop_001_mode02_p1.35A_implicit_min,18.095767974853516,69.88153076171875,366.0333557128906,-346.4257845878601,-1695.015830039978,-1587.431325674057
survivor_030_basin_031_nma_bh_candidate_2548_gencluster_554_conf_187437_implicit_min_hop_001_mode02_m0.75A_implicit_min,17.1109676361084,62.03010940551758,355.3006591796875,-430.27293491363525,-1587.8030862808228,-1583.6343123316765
survivor_031_basin_032_nma_bh_candidate_2190_gencluster_093_conf_183542_implicit_min_hop_002_mode01_m0.75A_implicit_min,18.834976196289062,81.82920837402344,370.6248474121094,-292.3879852294922,-1792.454746246338,-1613.5527620315552
survivor_032_basin_033_candidate_1323_gencluster_1323_conf_176407_implicit_min,17.724853515625,63.98033142089844,362.8651123046875,-558.490309715271,-1503.8043785095215,-1617.7237729430199
survivor_033_basin_034_nma_bh_candidate_2478_gencluster_456_conf_103120_implicit_min_hop_003_mode01_p1.35A_implicit_min,17.58891487121582,62.25775909423828,371.18743896484375,-401.9776945114136,-1614.1650500297546,-1565.107789248228
survivor_034_basin_035_nma_bh_candidate_2684_gencluster_753_conf_185631_implicit_min_hop_002_mode01_m0.75A_implicit_min,20.92736053466797,88.04219055175781,363.31060791015625,-511.76257514953613,-1553.44038438797,-1592.922090753913
survivor_035_basin_036_nma_bh_candidate_2457_gencluster_433_conf_149315_implicit_min_hop_000_mode02_m1.35A_implicit_min,19.06715965270996,78.07232666015625,367.3211975097656,-665.1630229949951,-1417.046157836914,-1617.7477190494537
survivor_036_basin_037_nma_bh_candidate_2328_gencluster_260_conf_086582_implicit_min_hop_000_mode02_p1.35A_implicit_min,16.738590240478516,77.87972259521484,391.2203063964844,-572.329966545105,-1543.2687673568726,-1629.759519457817
survivor_037_basin_038_candidate_1716_gencluster_1716_conf_008066_implicit_min,17.929372787475586,69.4446029663086,393.2781982421875,-749.383378982544,-1366.6297073364258,-1635.360612154007
survivor_038_basin_039_candidate_2378_gencluster_324_conf_089792_implicit_min,20.636777877807617,89.9067611694336,353.8696594238281,-602.0187158584595,-1486.422833442688,-1624.0287391543388
survivor_039_basin_040_candidate_677_gencluster_677_conf_049043_implicit_min,17.202041625976562,60.796356201171875,372.7292175292969,-501.6713390350342,-1521.581148147583,-1572.5250747203827
survivor_040_basin_041_nma_bh_candidate_109_gencluster_109_conf_041191_implicit_min_hop_002_mode01_p1.35A_implicit_min,19.65284538269043,80.93843841552734,364.6256408691406,-542.1294379234314,-1516.3013453483582,-1593.214357316494
survivor_041_basin_042_candidate_2111_gencluster_001_conf_166685_implicit_min,15.896546363830566,59.65230178833008,356.2423095703125,-431.9758973121643,-1590.5977897644043,-1590.7822674512863
survivor_042_basin_043_candidate_360_gencluster_360_conf_035303_implicit_min,17.97591781616211,67.63925170898438,377.61151123046875,-613.1508255004883,-1452.4806537628174,-1602.405258655548
survivor_043_basin_044_candidate_1824_gencluster_1824_conf_013500_implicit_min,18.775959014892578,69.87913513183594,361.1793518066406,-693.0678281784058,-1356.7756023406982,-1600.0078600049019
survivor_044_basin_045_nma_bh_candidate_1684_gencluster_1684_conf_111666_implicit_min_hop_002_mode01_m0.75A_implicit_min,19.548072814941406,72.54298400878906,350.58843994140625,-467.3656578063965,-1585.5757684707642,-1610.2622768580914
survivor_045_basin_046_candidate_813_gencluster_813_conf_008039_implicit_min,18.34413719177246,72.1143798828125,385.84161376953125,-406.36490392684937,-1640.8193063735962,-1570.8838457018137
survivor_046_basin_047_candidate_2736_gencluster_815_conf_151086_implicit_min,18.992050170898438,76.0013427734375,355.7542724609375,-406.13014125823975,-1638.6167621612549,-1593.9995186328888
survivor_047_basin_048_candidate_018_gencluster_018_conf_009938_implicit_min,19.059223175048828,77.71420288085938,358.78155517578125,-465.18788385391235,-1597.9114274978638,-1607.5447442531586
survivor_048_basin_049_nma_bh_candidate_631_gencluster_631_conf_003162_implicit_min_hop_000_mode02_m1.35A_implicit_min,18.271087646484375,73.83050537109375,359.90142822265625,-555.3118739128113,-1524.1483869552612,-1627.4566455483437
survivor_049_basin_050_nma_bh_candidate_2432_gencluster_394_conf_196710_implicit_min_hop_001_mode01_m0.75A_implicit_min,18.993717193603516,70.36029052734375,364.216796875,-447.53193283081055,-1595.5355758666992,-1589.4975371658802
survivor_050_basin_051_explore_r04_hit_0024_conf_000679_implicit_min,18.499736785888672,67.86369323730469,342.0876159667969,-246.99121284484863,-1777.3520183563232,-1595.8926181793213
survivor_051_basin_052_nma_bh_candidate_2622_gencluster_663_conf_094041_implicit_min_hop_000_mode01_p0.75A_implicit_min,19.072641372680664,81.86128234863281,361.8172302246094,-493.1072039604187,-1543.4709486961365,-1573.827221184969
survivor_052_basin_053_candidate_1991_gencluster_1991_conf_023509_implicit_min,19.329450607299805,78.73806762695312,354.6214294433594,-508.1937789916992,-1558.8092551231384,-1614.3144810795784
survivor_053_basin_054_nma_bh_candidate_1736_gencluster_1736_conf_126029_implicit_min_hop_000_mode01_p1.35A_implicit_min,17.2972354888916,62.04081344604492,371.6227111816406,-678.276403427124,-1356.6094903945923,-1583.924725472927
survivor_054_basin_055_nma_bh_candidate_323_gencluster_323_conf_140845_implicit_min_hop_003_mode02_m0.75A_implicit_min,18.501789093017578,78.36392974853516,369.7018127441406,-637.8792495727539,-1420.494550704956,-1591.8063838481903
survivor_055_basin_056_candidate_1026_gencluster_1026_conf_089406_implicit_min,17.912206649780273,75.77025604248047,368.9432373046875,-759.529483795166,-1313.8384428024292,-1610.7424459457397
survivor_056_basin_057_candidate_385_gencluster_385_conf_006902_implicit_min,17.720439910888672,66.80229949951172,356.8748779296875,-652.0529546737671,-1393.3619003295898,-1604.01707559824
survivor_057_basin_058_nma_bh_candidate_082_gencluster_082_conf_089503_implicit_min_hop_000_mode02_m0.75A_implicit_min,18.53287696838379,74.41995239257812,366.25811767578125,-643.5390691757202,-1413.8363127708435,-1598.165295213461
survivor_058_basin_059_nma_bh_candidate_657_gencluster_657_conf_033799_implicit_min_hop_000_mode02_m1.35A_implicit_min,18.413738250732422,71.69895935058594,355.8955078125,-693.6744756698608,-1349.7591581344604,-1597.425535917282
survivor_059_basin_060_nma_bh_candidate_2234_gencluster_149_conf_175099_implicit_min_hop_000_mode02_m0.75A_implicit_min,17.735748291015625,73.12454223632812,383.7039489746094,-480.1941900253296,-1603.2119092941284,-1608.8419079780579
survivor_060_basin_062_nma_bh_candidate_1920_gencluster_1920_conf_068917_implicit_min_hop_000_mode01_p1.35A_implicit_min,18.099393844604492,70.6392822265625,361.9430847167969,-420.30410385131836,-1645.8122940063477,-1615.434157371521
survivor_061_basin_063_nma_bh_candidate_2028_gencluster_2028_conf_133119_implicit_min_hop_002_mode01_p1.35A_implicit_min,17.408395767211914,72.00112915039062,364.0502624511719,-450.8540425300598,-1597.1401224136353,-1594.533908173442
survivor_062_basin_064_nma_bh_candidate_807_gencluster_807_conf_049347_implicit_min_hop_003_mode01_p1.35A_implicit_min,17.634506225585938,73.0068130493164,365.2773132324219,-572.984395980835,-1493.1180000305176,-1610.1842277646065
survivor_063_basin_065_nma_bh_candidate_1736_gencluster_1736_conf_126029_implicit_min_hop_002_mode01_m0.75A_implicit_min,18.502254486083984,69.50347900390625,345.3758544921875,-477.9448571205139,-1534.9104852676392,-1579.4736628234386
survivor_064_basin_066_candidate_1322_gencluster_1322_conf_009465_implicit_min,19.591617584228516,85.79951477050781,391.6519775390625,-468.088472366333,-1567.3428945541382,-1538.3880027234554
survivor_065_basin_067_candidate_2905_gencluster_1017_conf_018841_implicit_min,16.674406051635742,59.51747131347656,358.5125427246094,-533.735758304596,-1488.1588468551636,-1587.1908600479364
survivor_066_basin_068_nma_bh_candidate_459_gencluster_459_conf_009899_implicit_min_hop_001_mode01_m1.35A_implicit_min,18.69305992126465,86.84215545654297,379.4942626953125,-713.1362075805664,-1376.9201202392578,-1605.0271484851837
survivor_067_basin_069_nma_bh_candidate_2101_gencluster_2101_conf_074791_implicit_min_hop_000_mode02_p0.75A_implicit_min,17.172657012939453,68.43901062011719,363.3167419433594,-529.9073514938354,-1526.201868057251,-1607.1810488700867
survivor_068_basin_070_nma_bh_candidate_631_gencluster_631_conf_003162_implicit_min_hop_003_mode01_m0.75A_implicit_min,20.037975311279297,83.63424682617188,393.30767822265625,-636.4964513778687,-1456.4849548339844,-1596.0016112923622
survivor_069_basin_071_nma_bh_candidate_1391_gencluster_1391_conf_031128_implicit_min_hop_003_mode01_p1.35A_implicit_min,19.640010833740234,81.94258880615234,380.741943359375,-344.5825309753418,-1757.0695838928223,-1619.3277428150177
survivor_070_basin_072_explore_r01_hit_0098_conf_012977_implicit_min,18.645343780517578,78.39144134521484,375.3622741699219,-612.527660369873,-1441.4858589172363,-1581.6140446066856
survivor_071_basin_073_nma_bh_candidate_1045_gencluster_1045_conf_012052_implicit_min_hop_000_mode01_m1.35A_implicit_min,18.977968215942383,72.39315795898438,362.9728698730469,-198.79678535461426,-1807.8651258945465,-1552.3189318180084
survivor_072_basin_074_candidate_1009_gencluster_1009_conf_104140_implicit_min,20.119136810302734,73.43596649169922,371.541015625,-617.8829851150513,-1426.125316619873,-1578.9125034809113
survivor_073_basin_075_nma_bh_candidate_366_gencluster_366_conf_085244_implicit_min_hop_002_mode02_m1.35A_implicit_min,20.397520065307617,87.18849182128906,352.59320068359375,-567.2889451980591,-1455.5377645492554,-1562.646695613861
survivor_074_basin_076_nma_bh_candidate_2739_gencluster_819_conf_086560_implicit_min_hop_001_mode02_p0.75A_implicit_min,19.67919921875,83.3680419921875,353.79180908203125,-740.7004814147949,-1337.812268257141,-1621.6737116873264
survivor_075_basin_077_candidate_2661_gencluster_715_conf_172338_implicit_min,18.911300659179688,59.83415603637695,351.8360900878906,-473.97832107543945,-1560.2450914382935,-1603.642489284277
survivor_076_basin_078_candidate_2927_gencluster_1046_conf_047650_implicit_min,21.244678497314453,106.13815307617188,366.85308837890625,-393.14325189590454,-1691.1719846725464,-1590.078649520874
survivor_077_basin_079_candidate_383_gencluster_383_conf_039722_implicit_min,18.62983512878418,76.73019409179688,355.1617431640625,-356.1627883911133,-1700.6331367492676,-1606.2741214632988
survivor_078_basin_080_candidate_1548_gencluster_1548_conf_055765_implicit_min,20.752885818481445,80.06494140625,395.98577880859375,-439.9847159385681,-1615.3960275650024,-1558.5767907500267
survivor_079_basin_081_candidate_598_gencluster_598_conf_069914_implicit_min,16.40774917602539,68.31071472167969,365.80657958984375,-531.6120796203613,-1528.6525630950928,-1609.7401666641235
survivor_080_basin_082_nma_bh_candidate_926_gencluster_926_conf_015915_implicit_min_hop_003_mode01_p0.75A_implicit_min,20.810388565063477,88.35017395019531,363.76446533203125,-474.8704557418823,-1553.4918327331543,-1555.4365139603615
survivor_081_basin_083_nma_bh_candidate_2792_gencluster_884_conf_057741_implicit_min_hop_002_mode02_p1.35A_implicit_min,17.391551971435547,72.40988159179688,366.9661865234375,-549.3313312530518,-1498.1052865982056,-1590.668978214264
survivor_082_basin_084_candidate_2199_gencluster_103_conf_163518_implicit_min,18.28215217590332,67.85569763183594,375.5887756347656,-267.53500843048096,-1755.7949752807617,-1561.603259563446
survivor_083_basin_085_nma_bh_candidate_858_gencluster_858_conf_004120_implicit_min_hop_001_mode02_p0.75A_implicit_min,20.480667114257812,82.10404968261719,371.5259704589844,-613.9228506088257,-1440.6633396148682,-1580.4750187397003
survivor_084_basin_086_candidate_2616_gencluster_650_conf_151474_implicit_min,17.753429412841797,73.49447631835938,362.14697265625,-645.066556930542,-1406.3490371704102,-1598.0206046104431
survivor_085_basin_087_candidate_1646_gencluster_1646_conf_108793_implicit_min,15.906667709350586,64.2447738647461,370.0148620605469,-240.69601440429688,-1794.7113456726074,-1585.2417194843292
survivor_086_basin_088_candidate_175_gencluster_175_conf_048166_implicit_min,16.1243896484375,72.3438720703125,375.26220703125,-761.3902907371521,-1358.8813400268555,-1656.5415652096272
survivor_087_basin_089_candidate_1011_gencluster_1011_conf_141880_implicit_min,16.559410095214844,63.94727325439453,367.14471435546875,-531.8159809112549,-1485.0997076034546,-1569.2644999325275
survivor_088_basin_090_candidate_1325_gencluster_1325_conf_012350_implicit_min,18.403278350830078,64.990966796875,360.01788330078125,-530.5332660675049,-1507.7018795013428,-1594.8225946426392
survivor_089_basin_091_explore_r01_hit_0026_conf_015831_implicit_min,16.985122680664062,71.26206970214844,368.81719970703125,-455.1843967437744,-1607.2349796295166,-1605.355146408081
survivor_090_basin_092_candidate_1904_gencluster_1904_conf_113649_implicit_min,17.98982810974121,65.6915512084961,346.96942138671875,-467.15337562561035,-1547.0130462646484,-1583.516101628542
survivor_091_basin_093_nma_bh_candidate_1191_gencluster_1191_conf_097898_implicit_min_hop_000_mode01_m0.75A_implicit_min,17.041522979736328,74.69225311279297,373.51153564453125,-577.5558738708496,-1503.7043261528015,-1616.0147554278374
survivor_092_basin_094_candidate_1080_gencluster_1080_conf_116880_implicit_min,17.827903747558594,88.7572021484375,408.8625183105469,-437.95515632629395,-1620.5622611045837,-1543.0691072940826
survivor_093_basin_095_nma_bh_candidate_2799_gencluster_891_conf_103935_implicit_min_hop_000_mode01_p0.75A_implicit_min,18.357128143310547,73.48582458496094,365.3394775390625,-191.23105716705322,-1853.8519592285156,-1587.9004842042923
survivor_094_basin_096_nma_bh_candidate_2083_gencluster_2083_conf_036478_implicit_min_hop_001_mode02_m1.35A_implicit_min,18.304508209228516,75.02882385253906,370.3319091796875,-429.9490427970886,-1610.4013304710388,-1576.6851936131716
survivor_095_basin_098_nma_bh_candidate_1533_gencluster_1533_conf_017890_implicit_min_hop_001_mode01_m1.35A_implicit_min,19.40244483947754,72.1125717163086,370.6136474609375,-439.4225401878357,-1593.542757987976,-1570.8370925486088
survivor_096_basin_099_nma_bh_candidate_2635_gencluster_682_conf_091883_implicit_min_hop_002_mode01_m0.75A_implicit_min,21.109567642211914,85.59962463378906,395.28570556640625,-577.6833229064941,-1461.474051475525,-1537.162546157837
survivor_097_basin_100_nma_bh_candidate_731_gencluster_731_conf_049995_implicit_min_hop_003_mode02_m0.75A_implicit_min,18.09377670288086,72.7430419921875,361.9898681640625,-651.6963195800781,-1397.5883769989014,-1596.458146572113
survivor_098_basin_101_candidate_572_gencluster_572_conf_006944_implicit_min,18.312847137451172,75.25634765625,355.48895263671875,-510.57082176208496,-1544.7714338302612,-1606.283801317215
survivor_099_basin_102_nma_bh_candidate_181_gencluster_181_conf_004749_implicit_min_hop_000_mode01_p1.35A_implicit_min,16.100845336914062,59.16057586669922,350.33941650390625,-455.6192364692688,-1577.1810960769653,-1607.1997334361076
survivor_1000_basin_1017_candidate_758_gencluster_758_conf_012892_implicit_min,17.78733253479004,73.32970428466797,364.70404052734375,-511.7925901412964,-1562.7553358078003,-1618.7271275520325
survivor_1001_basin_1018_candidate_669_gencluster_669_conf_001848_implicit_min,16.501981735229492,57.218231201171875,393.40362548828125,-479.2352523803711,-1562.3940229415894,-1574.5060309171677
survivor_1002_basin_1019_explore_r03_hit_0063_conf_022936_implicit_min,19.948280334472656,88.13481140136719,360.5534973144531,-402.1158456802368,-1663.5731039047241,-1597.052549123764
survivor_1003_basin_1020_candidate_2127_gencluster_019_conf_092646_implicit_min,18.443069458007812,72.128662109375,361.3436584472656,-463.0752372741699,-1584.1366605758667,-1595.296531677246
survivor_1004_basin_1021_nma_bh_candidate_1888_gencluster_1888_conf_021802_implicit_min_hop_000_mode01_p0.75A_implicit_min,15.965188026428223,62.10542297363281,372.490966796875,-427.9083857536316,-1599.6262040138245,-1576.97238650918
survivor_1005_basin_1022_nma_bh_candidate_1558_gencluster_1558_conf_198584_implicit_min_hop_001_mode01_m0.75A_implicit_min,19.302953720092773,74.7545166015625,370.1595458984375,-490.4016351699829,-1539.7349300384521,-1565.919377207756
survivor_1006_basin_1023_candidate_589_gencluster_589_conf_178197_implicit_min,18.855003356933594,69.17475128173828,377.6046447753906,-344.6575918197632,-1704.4257192611694,-1583.4486832618713
survivor_1007_basin_1024_candidate_1117_gencluster_1117_conf_044870_implicit_min,17.223121643066406,69.33500671386719,352.4344482421875,-400.3820457458496,-1665.0304861068726,-1626.4201927185059
survivor_1008_basin_1025_nma_bh_candidate_1005_gencluster_1005_conf_032431_implicit_min_hop_002_mode01_p1.35A_implicit_min,19.196779251098633,73.83349609375,339.0508728027344,-384.84658432006836,-1666.6583633422852,-1619.423689365387
survivor_1009_basin_1026_candidate_2016_gencluster_2016_conf_008278_implicit_min,17.559246063232422,65.15811157226562,393.6578063964844,-308.9422025680542,-1740.3581275939941,-1572.9253706336021
survivor_100_basin_103_nma_bh_candidate_459_gencluster_459_conf_009899_implicit_min_hop_002_mode02_m0.75A_implicit_min,20.23221206665039,78.10357666015625,360.9384460449219,-625.5270223617554,-1451.7265520095825,-1617.979118347168
survivor_1010_basin_1027_nma_bh_candidate_694_gencluster_694_conf_053743_implicit_min_hop_002_mode02_m0.75A_implicit_min,19.205459594726562,62.362060546875,370.59051513671875,-616.2682800292969,-1434.4125156402588,-1598.522822856903
survivor_1011_basin_1028_candidate_453_gencluster_453_conf_112634_implicit_min,20.179275512695312,68.67100524902344,358.66424560546875,-323.26167392730713,-1722.0933809280396,-1597.8404786586761
survivor_1012_basin_1029_explore_r04_hit_0026_conf_018501_implicit_min,19.569700241088867,86.40814208984375,352.4599914550781,-419.43383407592773,-1656.295618057251,-1617.291337966919
survivor_1013_basin_1030_nma_bh_candidate_2269_gencluster_189_conf_027155_implicit_min_hop_001_mode01_m1.35A_implicit_min,19.00164222717285,74.01512145996094,355.51171875,-488.6085772514343,-1532.3787107467651,-1572.4592731893063
survivor_1014_basin_1031_candidate_673_gencluster_673_conf_066370_implicit_min,19.22614860534668,79.535400390625,360.67755126953125,-712.3058137893677,-1365.5304470062256,-1618.3979635238647
survivor_1015_basin_1032_candidate_1680_gencluster_1680_conf_006314_implicit_min,17.72579574584961,74.07012939453125,352.193603515625,-509.8929214477539,-1552.1052298545837,-1618.0079331099987
survivor_1016_basin_1033_candidate_1162_gencluster_1162_conf_193781_implicit_min,19.03604507446289,69.39926147460938,367.3428039550781,-613.2020988464355,-1420.783618927002,-1578.2084629535675
survivor_1017_basin_1034_nma_bh_candidate_659_gencluster_659_conf_039862_implicit_min_hop_000_mode02_p0.75A_implicit_min,18.165760040283203,70.30810546875,369.31982421875,-295.89860439300537,-1746.6360063552856,-1584.7413660287857
survivor_1018_basin_1035_candidate_636_gencluster_636_conf_198251_implicit_min,18.37782859802246,66.05580139160156,391.2158203125,-529.9153232574463,-1529.6492233276367,-1583.915675163269
survivor_1019_basin_1036_candidate_2112_gencluster_002_conf_085357_implicit_min,18.22713851928711,77.43206024169922,370.3251037597656,-417.4032049179077,-1633.2348914146423,-1584.6538386791945
survivor_101_basin_104_nma_bh_candidate_2734_gencluster_813_conf_171932_implicit_min_hop_003_mode02_m0.75A_implicit_min,18.699874877929688,69.55323791503906,372.52642822265625,-384.4635901451111,-1648.200379371643,-1571.884600609541
survivor_1020_basin_1037_explore_r05_hit_0031_conf_043127_implicit_min,18.250469207763672,67.82767486572266,367.3570556640625,-246.9408197402954,-1806.6622257232666,-1600.1677961349487
survivor_1021_basin_1038_nma_bh_candidate_2101_gencluster_2101_conf_074791_implicit_min_hop_001_mode01_p1.35A_implicit_min,16.723873138427734,68.95785522460938,386.18670654296875,-501.63666343688965,-1556.3157272338867,-1586.0835480690002
survivor_1022_basin_1039_candidate_1537_gencluster_1537_conf_025720_implicit_min,17.95094871520996,69.81060791015625,372.6864318847656,-811.5075511932373,-1299.8049278259277,-1650.864928662777
survivor_1023_basin_1040_nma_bh_candidate_1632_gencluster_1632_conf_108386_implicit_min_hop_002_mode01_p0.75A_implicit_min,17.836647033691406,74.27824401855469,372.27056884765625,-559.2767457962036,-1510.4197840690613,-1605.3110914230347
survivor_1024_basin_1041_candidate_1580_gencluster_1580_conf_005801_implicit_min,19.158382415771484,67.41000366210938,372.2403564453125,-735.3843536376953,-1362.8125176429749,-1639.3883037567139
survivor_1025_basin_1042_candidate_2258_gencluster_178_conf_180743_implicit_min,19.24199867248535,87.86038208007812,371.19287109375,-603.7644581794739,-1507.8045568466187,-1633.2742962539196
survivor_1026_basin_1043_nma_bh_candidate_1391_gencluster_1391_conf_031128_implicit_min_hop_002_mode02_p0.75A_implicit_min,18.138683319091797,78.85176086425781,381.0812072753906,-649.2937564849854,-1442.894389629364,-1614.1167586892843
survivor_1027_basin_1044_nma_bh_candidate_082_gencluster_082_conf_089503_implicit_min_hop_003_mode02_m0.75A_implicit_min,19.823341369628906,80.1947021484375,363.78302001953125,-714.5447340011597,-1365.4788236618042,-1616.2232576012611
survivor_1028_basin_1045_nma_bh_candidate_2779_gencluster_868_conf_171044_implicit_min_hop_002_mode02_p0.75A_implicit_min,17.550752639770508,78.20774841308594,361.32244873046875,-342.36125469207764,-1719.9429531097412,-1605.2231215238571
survivor_1029_basin_1046_nma_bh_candidate_2779_gencluster_868_conf_171044_implicit_min_hop_002_mode01_m1.35A_implicit_min,17.569421768188477,77.2392807006836,358.948974609375,-423.40278244018555,-1638.6171550750732,-1608.262167930603
survivor_102_basin_105_nma_bh_candidate_1228_gencluster_1228_conf_073136_implicit_min_hop_000_mode01_p0.75A_implicit_min,18.46500587463379,70.98344421386719,359.7289123535156,-476.23450088500977,-1573.1169776916504,-1600.174088716507
survivor_1030_basin_1047_nma_bh_candidate_926_gencluster_926_conf_015915_implicit_min_hop_003_mode02_m0.75A_implicit_min,20.73142433166504,87.86453247070312,362.6255187988281,-538.2030930519104,-1500.6709213256836,-1567.6527718901634
survivor_1031_basin_1048_candidate_2913_gencluster_1028_conf_089579_implicit_min,17.826026916503906,72.78520202636719,374.4858093261719,-426.76555919647217,-1642.134204864502,-1603.802722811699
survivor_1032_basin_1049_candidate_1614_gencluster_1614_conf_058900_implicit_min,16.09449577331543,72.51008605957031,383.7821960449219,-733.5708994865417,-1351.4527859687805,-1612.6379488706589
survivor_1033_basin_1050_nma_bh_candidate_2397_gencluster_351_conf_182360_implicit_min_hop_003_mode01_m0.75A_implicit_min,20.214765548706055,96.64173126220703,356.79034423828125,-273.20255279541016,-1810.2719459533691,-1609.827968597412
survivor_1034_basin_1051_nma_bh_candidate_1647_gencluster_1647_conf_134687_implicit_min_hop_000_mode01_p0.75A_implicit_min,18.416290283203125,68.69908142089844,384.4588928222656,-587.9761838912964,-1485.8954019546509,-1602.2969551086426
survivor_1035_basin_1052_nma_bh_candidate_2659_gencluster_710_conf_112081_implicit_min_hop_002_mode01_m1.35A_implicit_min,19.34421730041504,84.96336364746094,353.693359375,-466.74871826171875,-1579.659483909607,-1588.4071148633957
survivor_1036_basin_1053_candidate_1144_gencluster_1144_conf_126626_implicit_min,17.021156311035156,63.59601974487305,361.8603210449219,-530.207670211792,-1496.5036582946777,-1584.2344708442688
survivor_1037_basin_1054_candidate_2287_gencluster_209_conf_137697_implicit_min,21.100666046142578,82.84930419921875,358.8255310058594,-339.2759828567505,-1701.4398274421692,-1577.939765304327
survivor_1038_basin_1055_nma_bh_candidate_631_gencluster_631_conf_003162_implicit_min_hop_001_mode02_m0.75A_implicit_min,18.029224395751953,77.84296417236328,372.95269775390625,-545.4461922645569,-1521.9011030197144,-1598.5227781534195
survivor_1039_basin_1056_candidate_663_gencluster_663_conf_005049_implicit_min,19.299217224121094,76.12529754638672,356.0500793457031,-477.5601797103882,-1546.599370956421,-1572.6850490272045
survivor_103_basin_106_candidate_2451_gencluster_420_conf_068432_implicit_min,19.1722412109375,79.03043365478516,355.15869140625,-529.7595534324646,-1558.7826647758484,-1635.1817292273045
survivor_1040_basin_1057_nma_bh_candidate_1558_gencluster_1558_conf_198584_implicit_min_hop_002_mode02_m1.35A_implicit_min,17.752147674560547,70.37132263183594,369.0380554199219,-625.5036702156067,-1414.5579857826233,-1582.9008708000183
survivor_1041_basin_1058_nma_bh_candidate_2779_gencluster_868_conf_171044_implicit_min_hop_003_mode02_p0.75A_implicit_min,20.268598556518555,78.36228942871094,363.42584228515625,-333.7205157279968,-1719.0302052497864,-1590.6938141584396
survivor_1042_basin_1059_candidate_2246_gencluster_163_conf_174102_implicit_min,17.904911041259766,78.28657531738281,445.95013427734375,-380.36408615112305,-1668.0935859680176,-1506.316867262125
survivor_1043_basin_1060_explore_r02_hit_0045_conf_048484_implicit_min,16.027992248535156,72.62919616699219,365.1275939941406,-664.0530414581299,-1395.0786142349243,-1605.3462810516357
survivor_1044_basin_1061_nma_bh_candidate_858_gencluster_858_conf_004120_implicit_min_hop_003_mode02_m1.35A_implicit_min,19.195186614990234,76.02620697021484,399.767578125,-545.9896230697632,-1518.5053000450134,-1569.5061693191528
survivor_1045_basin_1062_nma_bh_candidate_1114_gencluster_1114_conf_035202_implicit_min_hop_000_mode01_p0.75A_implicit_min,16.836570739746094,73.27789306640625,375.4662780761719,-636.7218332290649,-1458.4181699752808,-1629.5586321502924
survivor_1046_basin_1063_candidate_1730_gencluster_1730_conf_006405_implicit_min,15.49279499053955,60.15943145751953,360.2839660644531,-480.99048805236816,-1557.6251010894775,-1602.679535150528
survivor_1047_basin_1064_nma_bh_candidate_694_gencluster_694_conf_053743_implicit_min_hop_000_mode01_m0.75A_implicit_min,19.60015869140625,62.586769104003906,379.5010986328125,-479.84155464172363,-1565.1167430877686,-1583.2705278396606
survivor_1048_basin_1065_candidate_1236_gencluster_1236_conf_004515_implicit_min,18.691207885742188,85.97982025146484,357.62591552734375,-475.97732067108154,-1576.3921756744385,-1590.0737717598677
survivor_1049_basin_1066_candidate_2082_gencluster_2082_conf_065630_implicit_min,17.841245651245117,65.67021179199219,403.89141845703125,-719.438554763794,-1412.118537902832,-1644.1541631817818
survivor_104_basin_107_nma_bh_candidate_2537_gencluster_535_conf_063339_implicit_min_hop_001_mode02_m1.35A_implicit_min,17.467973709106445,69.86337280273438,344.60595703125,-458.2440404891968,-1596.0473880767822,-1622.3547867834568
survivor_1050_basin_1067_nma_bh_candidate_249_gencluster_249_conf_007818_implicit_min_hop_000_mode02_p1.35A_implicit_min,17.434690475463867,69.40116882324219,362.22491455078125,-197.60821533203125,-1840.4739246368408,-1589.0213958323002
survivor_1051_basin_1068_nma_bh_candidate_2683_gencluster_750_conf_033714_implicit_min_hop_000_mode02_p0.75A_implicit_min,17.615440368652344,68.07177734375,369.5244140625,-467.36735343933105,-1562.8324041366577,-1574.9883074611425
survivor_1052_basin_1069_nma_bh_candidate_1306_gencluster_1306_conf_001572_implicit_min_hop_002_mode02_p1.35A_implicit_min,21.429515838623047,74.74766540527344,368.73779296875,-568.1835432052612,-1497.8991327285767,-1601.1671850681305
survivor_1053_basin_1070_candidate_574_gencluster_574_conf_054760_implicit_min,18.463972091674805,77.27774047851562,364.2151794433594,-514.199291229248,-1583.5781078338623,-1637.820468902588
survivor_1054_basin_1071_explore_r04_hit_0049_conf_038758_implicit_min,16.699935913085938,64.7470703125,388.29974365234375,-536.4253158569336,-1506.6772327423096,-1573.3556519150734
survivor_1055_basin_1073_candidate_1531_gencluster_1531_conf_002079_implicit_min,18.806961059570312,86.53998565673828,364.60943603515625,-539.2684755325317,-1524.207971572876,-1593.519713819027
survivor_1056_basin_1074_candidate_1815_gencluster_1815_conf_005311_implicit_min,15.251134872436523,53.93621826171875,374.44293212890625,-393.1086149215698,-1638.4431252479553,-1587.9218167960644
survivor_1057_basin_1075_candidate_2977_gencluster_1112_conf_060532_implicit_min,19.385074615478516,73.22926330566406,367.1880798339844,-643.0729837417603,-1429.6370124816895,-1612.9079222381115
survivor_1058_basin_1076_nma_bh_candidate_807_gencluster_807_conf_049347_implicit_min_hop_003_mode01_m0.75A_implicit_min,17.725337982177734,73.33778381347656,359.1095275878906,-556.272668838501,-1502.354302406311,-1608.4541554152966
survivor_1059_basin_1077_candidate_1294_gencluster_1294_conf_009186_implicit_min,16.98475456237793,74.73555755615234,390.224853515625,-599.8607263565063,-1478.6301679611206,-1596.5450185537338
survivor_105_basin_108_explore_r01_hit_0046_conf_021070_implicit_min,18.099340438842773,66.67933654785156,372.6986083984375,-266.08408308029175,-1773.6318984031677,-1582.2389389574528
survivor_1060_basin_1078_nma_bh_candidate_1549_gencluster_1549_conf_001708_implicit_min_hop_001_mode01_m0.75A_implicit_min,18.777984619140625,78.5594482421875,357.60406494140625,-494.8506784439087,-1591.4382195472717,-1631.3479354977608
survivor_1061_basin_1079_candidate_1348_gencluster_1348_conf_024995_implicit_min,20.20683479309082,73.59184265136719,373.6930236816406,-394.4885835647583,-1660.9435925483704,-1587.9404789805412
survivor_1062_basin_1080_nma_bh_candidate_416_gencluster_416_conf_072635_implicit_min_hop_002_mode01_m0.75A_implicit_min,20.00893211364746,85.64408111572266,374.38623046875,-449.25353145599365,-1613.3511486053467,-1582.565058708191
survivor_1063_basin_1081_candidate_401_gencluster_401_conf_179453_implicit_min,19.072128295898438,73.51261138916016,349.62261962890625,-444.27640438079834,-1604.1077737808228,-1606.176481306553
survivor_1064_basin_1082_candidate_2996_gencluster_1132_conf_023971_implicit_min,19.138351440429688,73.47711181640625,386.4441833496094,-521.2246761322021,-1563.4013080596924,-1605.5664315223694
survivor_1065_basin_1083_candidate_1255_gencluster_1255_conf_061684_implicit_min,18.83425521850586,81.36039733886719,361.32110595703125,-671.4901332855225,-1390.851641178131,-1600.8262784481049
survivor_1066_basin_1084_candidate_344_gencluster_344_conf_028729_implicit_min,19.258249282836914,73.44536590576172,382.11602783203125,-391.47241020202637,-1663.4120073318481,-1580.0651277899742
survivor_1067_basin_1085_nma_bh_candidate_926_gencluster_926_conf_015915_implicit_min_hop_001_mode01_p1.35A_implicit_min,19.92775535583496,86.14727783203125,368.7264099121094,-437.1845769882202,-1615.0236916542053,-1577.4072308540344
survivor_1068_basin_1086_candidate_2684_gencluster_753_conf_185631_implicit_min,20.119094848632812,87.38864135742188,350.4788513183594,-328.00009298324585,-1724.9755358695984,-1594.9892777949572
survivor_1069_basin_1087_nma_bh_candidate_2799_gencluster_891_conf_103935_implicit_min_hop_001_mode01_m1.35A_implicit_min,19.428159713745117,78.89346313476562,366.3757629394531,-252.57203197479248,-1784.2051935195923,-1572.0787646770477
survivor_106_basin_109_nma_bh_candidate_2293_gencluster_217_conf_180539_implicit_min_hop_000_mode02_m0.75A_implicit_min,16.239501953125,53.64622497558594,365.56072998046875,-433.8049077987671,-1599.525478363037,-1597.8839013278484
survivor_1070_basin_1088_nma_bh_candidate_896_gencluster_896_conf_007510_implicit_min_hop_001_mode01_m1.35A_implicit_min,19.414485931396484,69.04657745361328,373.044921875,-653.069938659668,-1397.5656442642212,-1589.1290773749352
survivor_1071_basin_1089_candidate_2300_gencluster_225_conf_070728_implicit_min,19.48443031311035,73.0537109375,382.2935485839844,-470.5835313796997,-1613.305425643921,-1609.057469189167
survivor_1072_basin_1090_candidate_962_gencluster_962_conf_018537_implicit_min,15.852516174316406,64.53724670410156,384.51483154296875,-280.4460983276367,-1736.7069368362427,-1552.2476009130478
survivor_1073_basin_1091_nma_bh_candidate_2364_gencluster_303_conf_151536_implicit_min_hop_000_mode01_m1.35A_implicit_min,19.239826202392578,79.2652816772461,359.13848876953125,-467.3207130432129,-1576.9530806541443,-1586.630243062973
survivor_1074_basin_1092_candidate_130_gencluster_130_conf_046701_implicit_min,17.224462509155273,68.79945373535156,383.38934326171875,-575.2544822692871,-1477.8149604797363,-1583.6569511294365
survivor_1075_basin_1093_candidate_918_gencluster_918_conf_044017_implicit_min,19.80055809020996,77.02824401855469,369.02825927734375,-584.5301399230957,-1488.4531440734863,-1607.1260631084442
survivor_1076_basin_1094_candidate_2748_gencluster_830_conf_030463_implicit_min,14.954174995422363,54.984230041503906,364.91259765625,-490.7059507369995,-1536.5306558609009,-1592.3851211071014
survivor_1077_basin_1095_explore_r01_hit_0050_conf_038281_implicit_min,20.111547470092773,94.55625915527344,376.4651184082031,-477.25005531311035,-1599.7633533477783,-1585.8805136680603
survivor_1078_basin_1096_nma_bh_candidate_2739_gencluster_819_conf_086560_implicit_min_hop_002_mode01_p1.35A_implicit_min,19.960912704467773,88.24547576904297,357.03076171875,-521.5307712554932,-1557.1707954406738,-1613.4644774198532
survivor_1079_basin_1097_nma_bh_candidate_2663_gencluster_717_conf_014249_implicit_min_hop_000_mode01_m0.75A_implicit_min,19.171167373657227,82.78097534179688,382.57794189453125,-379.93809509277344,-1702.5429515838623,-1597.950882434845
survivor_107_basin_110_nma_bh_candidate_416_gencluster_416_conf_072635_implicit_min_hop_003_mode01_m1.35A_implicit_min,20.58314323425293,82.62094116210938,369.86297607421875,-493.82905292510986,-1580.7257947921753,-1601.4869651794434
survivor_1080_basin_1098_candidate_010_gencluster_010_conf_099966_implicit_min,20.177453994750977,81.18305206298828,370.45501708984375,-629.3822374343872,-1447.7904739379883,-1605.3569263517857
survivor_1081_basin_1099_candidate_2243_gencluster_159_conf_104013_implicit_min,17.096513748168945,65.47816467285156,354.90167236328125,-570.6354064941406,-1502.007926940918,-1635.1673835515976
survivor_1082_basin_1100_nma_bh_candidate_2397_gencluster_351_conf_182360_implicit_min_hop_002_mode01_p1.35A_implicit_min,18.979686737060547,72.92604064941406,360.9238586425781,-354.08381366729736,-1690.9388437271118,-1592.1938251256943
survivor_1083_basin_1101_nma_bh_candidate_2879_gencluster_988_conf_169931_implicit_min_hop_000_mode02_p0.75A_implicit_min,18.25626564025879,73.49791717529297,387.7777099609375,-539.9060707092285,-1539.6026668548584,-1599.9774463772774
survivor_1084_basin_1102_candidate_2244_gencluster_161_conf_170376_implicit_min,20.818096160888672,79.86967468261719,379.95697021484375,-443.1547803878784,-1617.4727721214294,-1579.9822235107422
survivor_1085_basin_1103_nma_bh_candidate_583_gencluster_583_conf_027260_implicit_min_hop_000_mode02_p1.35A_implicit_min,18.688688278198242,72.56660461425781,380.82427978515625,-673.1345596313477,-1371.507703781128,-1572.5625900030136
survivor_1086_basin_1104_nma_bh_candidate_375_gencluster_375_conf_010225_implicit_min_hop_002_mode02_m0.75A_implicit_min,16.357261657714844,64.19632720947266,375.4955749511719,-561.4462509155273,-1529.135491847992,-1634.5325611829758
survivor_1087_basin_1105_candidate_1840_gencluster_1840_conf_127388_implicit_min,16.934045791625977,69.21829223632812,357.0546875,-426.9314546585083,-1595.2581424713135,-1578.9824393689632
survivor_1088_basin_1106_nma_bh_candidate_082_gencluster_082_conf_089503_implicit_min_hop_002_mode01_p0.75A_implicit_min,20.388973236083984,82.52643585205078,360.2269287109375,-619.0220699310303,-1438.026035308838,-1593.906008541584
survivor_1089_basin_1107_nma_bh_candidate_375_gencluster_375_conf_010225_implicit_min_hop_002_mode02_m1.35A_implicit_min,16.48744010925293,64.52169799804688,374.89898681640625,-567.6423225402832,-1524.3191695213318,-1636.0527873635292
survivor_108_basin_111_candidate_1280_gencluster_1280_conf_011206_implicit_min,16.85749053955078,65.8945541381836,372.6131591796875,-495.2136859893799,-1551.7184524536133,-1591.5669364333153
survivor_1090_basin_1108_candidate_1338_gencluster_1338_conf_039124_implicit_min,17.779420852661133,66.5796890258789,367.7208557128906,-310.6881170272827,-1712.452688217163,-1571.0609995424747
survivor_1091_basin_1109_nma_bh_candidate_1045_gencluster_1045_conf_012052_implicit_min_hop_002_mode02_p1.35A_implicit_min,20.178508758544922,84.05322265625,357.18048095703125,-317.25879096984863,-1701.3471426963806,-1557.1933347284794
survivor_1092_basin_1110_explore_r04_hit_0058_conf_001379_implicit_min,16.30891990661621,62.22602081298828,360.3170166015625,-425.1533713340759,-1638.8562955856323,-1625.1585087776184
survivor_1093_basin_1111_candidate_1948_gencluster_1948_conf_026873_implicit_min,17.818069458007812,65.04519653320312,374.2716979980469,-470.650297164917,-1561.4341711997986,-1574.9493052959442
survivor_1094_basin_1112_candidate_2145_gencluster_040_conf_146690_implicit_min,20.410865783691406,85.88904571533203,385.752197265625,-491.64227199554443,-1616.6574840545654,-1616.2476677894592
survivor_1095_basin_1113_nma_bh_candidate_1168_gencluster_1168_conf_154905_implicit_min_hop_000_mode01_m0.75A_implicit_min,17.13021469116211,71.8068618774414,372.8960876464844,-616.0856742858887,-1461.631139755249,-1615.8836581707
survivor_1096_basin_1114_candidate_1656_gencluster_1656_conf_149105_implicit_min,16.845930099487305,60.21180725097656,352.086669921875,-405.23717498779297,-1616.4184165000916,-1592.5108787417412
survivor_1097_basin_1115_nma_bh_candidate_2083_gencluster_2083_conf_036478_implicit_min_hop_002_mode01_p1.35A_implicit_min,16.952295303344727,64.49069213867188,373.145263671875,-316.87501192092896,-1715.577433347702,-1577.8634720146656
survivor_1098_basin_1116_nma_bh_candidate_2293_gencluster_217_conf_180539_implicit_min_hop_000_mode01_p0.75A_implicit_min,16.187652587890625,52.20613479614258,369.2069091796875,-436.4885745048523,-1597.8580465316772,-1596.745383426547
survivor_1099_basin_1117_candidate_2822_gencluster_916_conf_087055_implicit_min,17.190061569213867,66.7979965209961,352.09466552734375,-479.25939178466797,-1563.138415336609,-1606.315281867981
survivor_109_basin_112_candidate_455_gencluster_455_conf_097879_implicit_min,18.72478675842285,73.27214813232422,370.5523681640625,-766.2982635498047,-1321.1575870513916,-1624.9069505482912
survivor_1100_basin_1118_candidate_683_gencluster_683_conf_029283_implicit_min,17.18285369873047,72.65441131591797,373.04144287109375,-524.9649147987366,-1544.0744013786316,-1606.1607062220573
survivor_1101_basin_1119_candidate_1022_gencluster_1022_conf_021405_implicit_min,18.392799377441406,73.07025909423828,354.6117858886719,-549.2036108970642,-1486.1477155685425,-1589.276782631874
survivor_1102_basin_1120_nma_bh_candidate_1125_gencluster_1125_conf_106560_implicit_min_hop_001_mode02_m1.35A_implicit_min,19.101713180541992,92.22662353515625,365.23822021484375,-701.7946462631226,-1403.9203038215637,-1629.1479986906052
survivor_1103_basin_1121_candidate_2753_gencluster_836_conf_091642_implicit_min,21.031572341918945,87.05233764648438,375.30133056640625,-416.0650796890259,-1655.473009109497,-1588.1529799103737
survivor_1104_basin_1122_candidate_2896_gencluster_1007_conf_092741_implicit_min,16.913223266601562,62.2829704284668,375.3488464355469,-388.4255323410034,-1629.6906213760376,-1563.5708147585392
survivor_1105_basin_1123_nma_bh_candidate_1888_gencluster_1888_conf_021802_implicit_min_hop_002_mode02_m0.75A_implicit_min,18.448274612426758,68.74361419677734,361.7549743652344,-496.26754903793335,-1530.6336727142334,-1577.9541844725609
survivor_1106_basin_1124_candidate_463_gencluster_463_conf_029050_implicit_min,19.516019821166992,75.93600463867188,368.65228271484375,-280.8502073287964,-1786.9212408065796,-1603.6678175926208
survivor_1107_basin_1125_nma_bh_candidate_2659_gencluster_710_conf_112081_implicit_min_hop_003_mode01_p0.75A_implicit_min,18.726566314697266,73.8857650756836,360.6432800292969,-405.5805916786194,-1618.356291770935,-1570.6817370057106
survivor_1108_basin_1126_explore_r05_hit_0023_conf_045490_implicit_min,19.94837760925293,85.95883178710938,345.630615234375,-259.9030456542969,-1775.9617280960083,-1584.328038573265
survivor_1109_basin_1127_candidate_485_gencluster_485_conf_025519_implicit_min,16.413043975830078,58.73350524902344,367.281494140625,-468.2866177558899,-1564.4338245391846,-1590.2928474992514
survivor_110_basin_113_nma_bh_candidate_720_gencluster_720_conf_069593_implicit_min_hop_002_mode01_m0.75A_implicit_min,18.095901489257812,67.77996063232422,379.16693115234375,-439.4698829650879,-1618.649598121643,-1593.0762404203415
survivor_1110_basin_1128_explore_r01_hit_0023_conf_015827_implicit_min,17.920818328857422,84.59837341308594,379.0943603515625,-579.6483383178711,-1536.8813734054565,-1634.9164958000183
survivor_1111_basin_1129_candidate_2124_gencluster_016_conf_033280_implicit_min,20.582006454467773,77.38243865966797,360.12518310546875,-413.34070110321045,-1625.1653690338135,-1580.4152268469334
survivor_1112_basin_1130_candidate_650_gencluster_650_conf_015148_implicit_min,18.81374168395996,76.49205017089844,367.07550048828125,-553.3266363143921,-1492.2312507629395,-1583.1766624450684
survivor_1113_basin_1131_nma_bh_candidate_2548_gencluster_554_conf_187437_implicit_min_hop_000_mode02_p0.75A_implicit_min,17.70614242553711,54.861392974853516,364.9720458984375,-447.11149501800537,-1589.1351261138916,-1598.7078665494919
survivor_1114_basin_1132_explore_r02_hit_0063_conf_030729_implicit_min,19.86991310119629,73.55364990234375,364.9864501953125,-555.5179710388184,-1493.5424900054932,-1590.6504335403442
survivor_1115_basin_1133_candidate_194_gencluster_194_conf_008364_implicit_min,18.642330169677734,79.52723693847656,389.69488525390625,-921.5631227493286,-1222.9389638900757,-1656.637547492981
survivor_1116_basin_1134_candidate_1069_gencluster_1069_conf_182751_implicit_min,19.92361831665039,87.13267517089844,362.01898193359375,-510.8993573188782,-1585.1489901542664,-1626.972925543785
survivor_1117_basin_1135_nma_bh_candidate_1714_gencluster_1714_conf_011260_implicit_min_hop_001_mode02_p0.75A_implicit_min,18.718517303466797,75.87181091308594,369.66436767578125,-464.84377670288086,-1626.139892578125,-1626.7283432483673
survivor_1118_basin_1136_nma_bh_candidate_375_gencluster_375_conf_010225_implicit_min_hop_001_mode02_p0.75A_implicit_min,16.379953384399414,62.8156852722168,384.3077697753906,-598.4496450424194,-1495.1222743988037,-1630.0688595175743
survivor_1119_basin_1137_candidate_1066_gencluster_1066_conf_054501_implicit_min,19.596961975097656,83.61082458496094,368.574951171875,-706.8047580718994,-1356.2817134857178,-1591.3041250407696
survivor_111_basin_114_nma_bh_candidate_731_gencluster_731_conf_049995_implicit_min_hop_000_mode02_m0.75A_implicit_min,18.404342651367188,76.75933074951172,360.17120361328125,-623.776047706604,-1423.9036026000977,-1592.3438590765
survivor_1120_basin_1138_candidate_1316_gencluster_1316_conf_026261_implicit_min,18.248788833618164,67.29136657714844,368.47735595703125,-456.4377155303955,-1597.1768808364868,-1599.5968735218048
survivor_1121_basin_1139_nma_bh_candidate_369_gencluster_369_conf_030202_implicit_min_hop_000_mode02_p0.75A_implicit_min,19.697372436523438,78.3105239868164,353.5281677246094,-231.18477582931519,-1808.5373468399048,-1588.1862947940826
survivor_1122_basin_1140_nma_bh_candidate_2437_gencluster_400_conf_053256_implicit_min_hop_001_mode02_p1.35A_implicit_min,18.505041122436523,74.4012451171875,351.91827392578125,-417.3821029663086,-1618.565975189209,-1591.123027563095
survivor_1123_basin_1141_nma_bh_candidate_1168_gencluster_1168_conf_154905_implicit_min_hop_003_mode01_p0.75A_implicit_min,17.747337341308594,69.15404510498047,368.4652099609375,-571.7225179672241,-1482.398838043213,-1598.7549941539764
survivor_1124_basin_1142_nma_bh_candidate_2659_gencluster_710_conf_112081_implicit_min_hop_003_mode01_m0.75A_implicit_min,18.40764045715332,76.10429382324219,362.84100341796875,-381.64368534088135,-1655.8732333183289,-1580.1631188243628
survivor_1125_basin_1144_candidate_1889_gencluster_1889_conf_027356_implicit_min,17.917509078979492,77.65582275390625,371.31451416015625,-660.797520160675,-1471.3134713172913,-1665.2228202819824
survivor_1126_basin_1145_nma_bh_candidate_1138_gencluster_1138_conf_004095_implicit_min_hop_003_mode02_p0.75A_implicit_min,21.938657760620117,88.27813720703125,336.698974609375,-454.6967430114746,-1587.9663968086243,-1595.7467786073685
survivor_1127_basin_1146_candidate_2133_gencluster_025_conf_179388_implicit_min,16.118087768554688,62.11810302734375,369.0966796875,-371.5566692352295,-1637.0400981903076,-1561.263245895505
survivor_1128_basin_1147_candidate_685_gencluster_685_conf_043527_implicit_min,16.068130493164062,59.0600471496582,359.66839599609375,-490.76007747650146,-1544.5878014564514,-1600.551232367754
survivor_1129_basin_1148_nma_bh_candidate_2420_gencluster_382_conf_082252_implicit_min_hop_001_mode01_m0.75A_implicit_min,20.309066772460938,86.27801513671875,370.70733642578125,-537.2193994522095,-1536.1706352233887,-1596.0954693555832
survivor_112_basin_115_candidate_2598_gencluster_627_conf_150494_implicit_min,17.733089447021484,60.6646728515625,380.02374267578125,-558.382378578186,-1499.6397194862366,-1599.600652217865
survivor_1130_basin_1149_explore_r03_hit_0070_conf_048771_implicit_min,17.448373794555664,65.58638000488281,373.3600769042969,-271.1024880409241,-1770.4254455566406,-1585.133109331131
survivor_1131_basin_1150_nma_bh_candidate_694_gencluster_694_conf_053743_implicit_min_hop_001_mode01_m1.35A_implicit_min,16.822050094604492,61.88367462158203,371.2152404785156,-572.3508968353271,-1452.1404056549072,-1574.5701603889465
survivor_1132_basin_1151_candidate_1985_gencluster_1985_conf_033084_implicit_min,16.21390151977539,59.3863525390625,383.2979736328125,-476.0038471221924,-1574.7153978347778,-1591.8208541870117
survivor_1133_basin_1152_nma_bh_candidate_2364_gencluster_303_conf_151536_implicit_min_hop_002_mode01_p0.75A_implicit_min,17.30062484741211,70.14405822753906,373.7628173828125,-520.2873010635376,-1506.8149585723877,-1565.8946563601494
survivor_1134_basin_1153_candidate_2380_gencluster_327_conf_174339_implicit_min,18.684528350830078,79.29244995117188,383.698974609375,-547.9249091148376,-1555.0688061714172,-1621.3174375593662
survivor_1135_basin_1154_nma_bh_candidate_2517_gencluster_509_conf_118702_implicit_min_hop_000_mode02_p1.35A_implicit_min,21.418630599975586,89.28602600097656,371.21142578125,-447.6560049057007,-1594.80499792099,-1560.5442973226309
survivor_1136_basin_1155_nma_bh_candidate_781_gencluster_781_conf_154971_implicit_min_hop_001_mode02_m0.75A_implicit_min,17.362987518310547,70.87460327148438,383.3147888183594,-426.1211404800415,-1621.7611255645752,-1576.3296666145325
survivor_1137_basin_1156_nma_bh_candidate_2739_gencluster_819_conf_086560_implicit_min_hop_000_mode01_p1.35A_implicit_min,18.154590606689453,71.33091735839844,358.19732666015625,-554.9546241760254,-1522.3663964271545,-1629.6382221281528
survivor_1138_basin_1157_nma_bh_candidate_781_gencluster_781_conf_154971_implicit_min_hop_000_mode02_p0.75A_implicit_min,17.60210418701172,69.98518371582031,355.01580810546875,-393.68321800231934,-1663.3666582107544,-1614.445940554142
survivor_1139_basin_1158_nma_bh_candidate_659_gencluster_659_conf_039862_implicit_min_hop_003_mode02_m1.35A_implicit_min,17.61610984802246,73.27232360839844,362.95159912109375,-313.83697414398193,-1742.2052640914917,-1602.2017577290535
survivor_113_basin_116_nma_bh_candidate_1822_gencluster_1822_conf_005041_implicit_min_hop_001_mode02_m1.35A_implicit_min,17.961589813232422,66.98453521728516,352.5919189453125,-449.12405729293823,-1578.2883610725403,-1589.8741964697838
survivor_1140_basin_1159_candidate_2842_gencluster_942_conf_079878_implicit_min,16.753801345825195,80.09919738769531,377.997802734375,-438.0211281776428,-1597.1573176383972,-1560.3283250629902
survivor_1141_basin_1160_candidate_2057_gencluster_2057_conf_037222_implicit_min,20.548704147338867,89.33614349365234,365.93084716796875,-603.8748817443848,-1520.1689367294312,-1648.2278242707253
survivor_1142_basin_1161_nma_bh_candidate_1742_gencluster_1742_conf_052620_implicit_min_hop_000_mode02_p0.75A_implicit_min,18.78092384338379,80.19114685058594,379.0992126464844,-565.7440400123596,-1539.4942021369934,-1627.1666492819786
survivor_1143_basin_1162_candidate_2256_gencluster_175_conf_117085_implicit_min,17.82417869567871,67.26385498046875,354.0782470703125,-609.2119293212891,-1453.5829491615295,-1623.62809497118
survivor_1144_basin_1163_candidate_398_gencluster_398_conf_041320_implicit_min,17.22325897216797,72.84559631347656,389.64599609375,-438.6987705230713,-1605.6865158081055,-1564.669883519411
survivor_1145_basin_1164_candidate_1860_gencluster_1860_conf_004993_implicit_min,16.647037506103516,64.8671875,365.5175476074219,-467.06037855148315,-1545.049864768982,-1565.0782760679722
survivor_1146_basin_1165_candidate_1683_gencluster_1683_conf_070387_implicit_min,18.05721092224121,75.81028747558594,371.714599609375,-512.4240918159485,-1539.2999167442322,-1586.1422988176346
survivor_1147_basin_1166_candidate_277_gencluster_277_conf_039444_implicit_min,15.940000534057617,62.437408447265625,369.45257568359375,-627.1838684082031,-1427.4018287658691,-1606.7552740573883
survivor_1148_basin_1167_nma_bh_candidate_2967_gencluster_1102_conf_125121_implicit_min_hop_002_mode02_m0.75A_implicit_min,18.42660140991211,71.66397094726562,386.04241943359375,-536.6323776245117,-1492.9376811981201,-1553.4373273849487
survivor_1149_basin_1168_nma_bh_candidate_416_gencluster_416_conf_072635_implicit_min_hop_002_mode02_p0.75A_implicit_min,19.671255111694336,84.84231567382812,370.18548583984375,-481.2070503234863,-1575.649582862854,-1582.1571650505066
survivor_114_basin_117_nma_bh_candidate_2918_gencluster_1033_conf_098844_implicit_min_hop_003_mode02_p1.35A_implicit_min,20.700016021728516,86.8268051147461,345.5517883300781,-558.7196083068848,-1491.8080739974976,-1597.4488983750343
survivor_1150_basin_1169_nma_bh_candidate_631_gencluster_631_conf_003162_implicit_min_hop_003_mode02_p1.35A_implicit_min,19.10188102722168,79.6942138671875,390.56524658203125,-678.3169894218445,-1421.1857056617737,-1610.141029894352
survivor_1151_basin_1170_candidate_1756_gencluster_1756_conf_050369_implicit_min,16.65259552001953,60.80504608154297,371.98065185546875,-519.6312246322632,-1513.9197244644165,-1584.1122698932886
survivor_1152_basin_1171_candidate_1244_gencluster_1244_conf_102833_implicit_min,14.583154678344727,53.35947036743164,370.40740966796875,-417.32827281951904,-1597.960370540619,-1576.9384550899267
survivor_1153_basin_1172_nma_bh_candidate_2622_gencluster_663_conf_094041_implicit_min_hop_001_mode02_m0.75A_implicit_min,16.384212493896484,68.16018676757812,376.80572509765625,-524.1094737052917,-1507.0255646705627,-1569.785718664527
survivor_1154_basin_1173_candidate_1235_gencluster_1235_conf_190605_implicit_min,16.163543701171875,59.23466873168945,380.1422119140625,-536.5724763870239,-1509.8417739868164,-1590.8739627599716
survivor_1155_basin_1174_candidate_154_gencluster_154_conf_067872_implicit_min,15.591479301452637,59.492210388183594,363.25115966796875,-365.52731227874756,-1655.370020866394,-1582.5621093213558
survivor_1156_basin_1175_candidate_027_gencluster_027_conf_004566_implicit_min,20.197938919067383,83.29515075683594,377.0904541015625,-243.04615116119385,-1809.9493131637573,-1572.4116088449955
survivor_1157_basin_1176_candidate_1262_gencluster_1262_conf_033008_implicit_min,17.15305519104004,71.03199768066406,401.48602294921875,-608.5881977081299,-1461.5759925842285,-1580.4934467077255
survivor_1158_basin_1178_nma_bh_candidate_1187_gencluster_1187_conf_135333_implicit_min_hop_001_mode02_p0.75A_implicit_min,19.644695281982422,73.78681182861328,379.49212646484375,-424.033166885376,-1611.8356590270996,-1562.9454846829176
survivor_1159_basin_1179_candidate_2572_gencluster_592_conf_078814_implicit_min,19.39093017578125,73.7044906616211,358.3299560546875,-646.2507848739624,-1396.7607402801514,-1591.5860069394112
survivor_115_basin_118_nma_bh_candidate_2792_gencluster_884_conf_057741_implicit_min_hop_000_mode02_m1.35A_implicit_min,18.421783447265625,71.18815612792969,386.4459228515625,-515.8126220703125,-1562.644208908081,-1602.4011070728302
survivor_1160_basin_1180_candidate_170_gencluster_170_conf_032022_implicit_min,19.2634334564209,73.16795349121094,357.985595703125,-630.7891798019409,-1454.941927909851,-1635.3140463531017
survivor_1161_basin_1181_nma_bh_candidate_231_gencluster_231_conf_058839_implicit_min_hop_002_mode02_p0.75A_implicit_min,19.423175811767578,66.18387603759766,400.21673583984375,-459.08495140075684,-1622.959692955017,-1596.2202793955803
survivor_1162_basin_1182_explore_r02_hit_0087_conf_033164_implicit_min,19.059349060058594,77.43290710449219,380.63067626953125,-762.5756511688232,-1344.243860244751,-1629.6962475776672
survivor_1163_basin_1183_candidate_2090_gencluster_2090_conf_012762_implicit_min,14.748562812805176,57.491416931152344,366.4852600097656,-353.00812673568726,-1654.1210780143738,-1568.4040165692568
survivor_1164_basin_1184_candidate_372_gencluster_372_conf_106611_implicit_min,21.641199111938477,78.69733428955078,352.4910888671875,-365.08591079711914,-1666.1115283966064,-1578.3680831193924
survivor_1165_basin_1185_nma_bh_candidate_1549_gencluster_1549_conf_001708_implicit_min_hop_003_mode02_m0.75A_implicit_min,17.810510635375977,76.79527282714844,361.31634521484375,-607.2017936706543,-1477.5821957588196,-1628.8618298321962
survivor_1166_basin_1186_candidate_823_gencluster_823_conf_024379_implicit_min,18.720632553100586,77.38166046142578,357.2752380371094,-634.612307548523,-1405.6076707839966,-1586.841955423355
survivor_1167_basin_1187_candidate_1591_gencluster_1591_conf_018064_implicit_min,16.244182586669922,57.652679443359375,374.4138488769531,-432.77652168273926,-1618.7974178791046,-1603.2630251646042
survivor_1168_basin_1188_nma_bh_candidate_720_gencluster_720_conf_069593_implicit_min_hop_002_mode02_m0.75A_implicit_min,17.532594680786133,66.26850891113281,373.6067199707031,-409.3182969093323,-1642.845449924469,-1594.7560989558697
survivor_1169_basin_1189_candidate_437_gencluster_437_conf_005407_implicit_min,17.23179817199707,58.87921905517578,347.1099853515625,-485.31428813934326,-1532.8359270095825,-1594.929526180029
survivor_116_basin_119_candidate_2659_gencluster_710_conf_112081_implicit_min,19.146087646484375,71.06065368652344,355.7820129394531,-386.4420795440674,-1634.787678718567,-1575.2409475147724
survivor_1170_basin_1190_nma_bh_candidate_2149_gencluster_045_conf_000812_implicit_min_hop_001_mode01_m1.35A_implicit_min,17.801795959472656,70.9671859741211,370.31549072265625,-532.2085666656494,-1509.230474472046,-1582.3544392585754
survivor_1171_basin_1191_nma_bh_candidate_375_gencluster_375_conf_010225_implicit_min_hop_001_mode02_p1.35A_implicit_min,16.616262435913086,64.58164978027344,383.58282470703125,-575.3465623855591,-1517.123463153839,-1627.689105808735
survivor_1172_basin_1192_explore_r04_hit_0037_conf_021321_implicit_min,18.412179946899414,71.54180908203125,393.0143737792969,-754.6390037536621,-1300.3712816238403,-1572.0412697792053
survivor_1173_basin_1193_candidate_607_gencluster_607_conf_031322_implicit_min,20.186893463134766,85.04247283935547,367.34210205078125,-536.2290725708008,-1500.0828876495361,-1563.741352558136
survivor_1174_basin_1194_nma_bh_candidate_2167_gencluster_066_conf_172158_implicit_min_hop_002_mode02_p1.35A_implicit_min,16.81397819519043,66.56324768066406,372.80499267578125,-421.1570701599121,-1619.161584854126,-1584.136424690485
survivor_1175_basin_1195_candidate_1927_gencluster_1927_conf_050928_implicit_min,15.376564025878906,59.13408660888672,354.3661193847656,-401.7339172363281,-1603.9042720794678,-1576.7623481154442
survivor_1176_basin_1196_nma_bh_candidate_2739_gencluster_819_conf_086560_implicit_min_hop_003_mode01_p1.35A_implicit_min,19.847591400146484,81.3451919555664,354.3747863769531,-542.7145767211914,-1530.08518409729,-1617.232376754284
survivor_1177_basin_1197_candidate_1864_gencluster_1864_conf_090950_implicit_min,16.436922073364258,61.509498596191406,355.3363037109375,-330.82316970825195,-1684.714228630066,-1582.2540501356125
survivor_1178_basin_1198_nma_bh_candidate_2364_gencluster_303_conf_151536_implicit_min_hop_002_mode02_p0.75A_implicit_min,18.877975463867188,74.18214416503906,373.473388671875,-519.4507532119751,-1508.877088546753,-1561.7942286133766
survivor_1179_basin_1199_candidate_2437_gencluster_400_conf_053256_implicit_min,15.406500816345215,59.70392608642578,367.7413024902344,-385.19703578948975,-1652.5901679992676,-1594.9355337619781
survivor_117_basin_120_candidate_2056_gencluster_2056_conf_011667_implicit_min,18.6248722076416,79.93382263183594,367.6002197265625,-776.440601348877,-1316.949571609497,-1627.2321483492851
survivor_1180_basin_1200_candidate_1504_gencluster_1504_conf_011082_implicit_min,18.625167846679688,79.599365234375,384.60107421875,-549.8607921600342,-1558.172046661377,-1625.206980228424
survivor_1181_basin_1201_nma_bh_candidate_2923_gencluster_1040_conf_172799_implicit_min_hop_002_mode01_p1.35A_implicit_min,18.22417449951172,77.26287841796875,368.83404541015625,-517.1928377151489,-1578.0241956710815,-1630.8958486616611
survivor_1182_basin_1202_nma_bh_candidate_706_gencluster_706_conf_010197_implicit_min_hop_000_mode01_m0.75A_implicit_min,20.23944091796875,82.33267211914062,362.09393310546875,-558.4964332580566,-1494.626130104065,-1588.4562973380089
survivor_1183_basin_1203_candidate_995_gencluster_995_conf_073232_implicit_min,19.87415313720703,74.49885559082031,384.9349365234375,-413.09927463531494,-1612.5732431411743,-1546.3643356263638
survivor_1184_basin_1204_nma_bh_candidate_1742_gencluster_1742_conf_052620_implicit_min_hop_003_mode02_p1.35A_implicit_min,18.819515228271484,83.90245056152344,362.96295166015625,-617.7893733978271,-1489.0377054214478,-1641.142030775547
survivor_1185_basin_1205_candidate_2472_gencluster_450_conf_157167_implicit_min,15.002821922302246,55.462135314941406,365.4715270996094,-432.5868420600891,-1578.43639087677,-1575.0872285366058
survivor_1186_basin_1206_candidate_884_gencluster_884_conf_001561_implicit_min,18.600994110107422,73.96299743652344,373.0633544921875,-577.2754917144775,-1488.4672946929932,-1600.115885257721
survivor_1187_basin_1207_candidate_964_gencluster_964_conf_118641_implicit_min,18.386402130126953,69.03497314453125,361.30126953125,-159.97651386260986,-1869.7448062896729,-1580.9981187582016
survivor_1188_basin_1208_candidate_336_gencluster_336_conf_024892_implicit_min,15.391719818115234,59.96039581298828,378.0018310546875,-446.1494197845459,-1581.981141090393,-1574.7765398025513
survivor_1189_basin_1209_nma_bh_candidate_1742_gencluster_1742_conf_052620_implicit_min_hop_000_mode02_m0.75A_implicit_min,18.473892211914062,81.48974609375,372.5986022949219,-556.8306813240051,-1546.1676898002625,-1630.4365760087967
survivor_118_basin_121_nma_bh_candidate_2923_gencluster_1040_conf_172799_implicit_min_hop_000_mode02_p0.75A_implicit_min,19.899524688720703,80.99372863769531,360.68792724609375,-426.9524230957031,-1643.6060628890991,-1608.9771698117256
survivor_1190_basin_1210_nma_bh_candidate_2734_gencluster_813_conf_171932_implicit_min_hop_002_mode01_p1.35A_implicit_min,17.40479278564453,72.76703643798828,351.0415344238281,-424.5205993652344,-1612.9182081222534,-1596.2251962423325
survivor_1191_basin_1211_nma_bh_candidate_1533_gencluster_1533_conf_017890_implicit_min_hop_001_mode02_m1.35A_implicit_min,18.047155380249023,69.22377014160156,350.38275146484375,-435.8923349380493,-1586.897653579712,-1585.1364369094372
survivor_1192_basin_1212_candidate_2930_gencluster_1049_conf_105172_implicit_min,17.496700286865234,67.98394012451172,376.7847900390625,-526.0583381652832,-1556.4542169570923,-1620.2472128868103
survivor_1193_basin_1213_nma_bh_candidate_1891_gencluster_1891_conf_036811_implicit_min_hop_003_mode02_p1.35A_implicit_min,18.109174728393555,78.6090087890625,380.765380859375,-577.0700578689575,-1527.1824674606323,-1626.7691822052002
survivor_1194_basin_1214_nma_bh_candidate_2867_gencluster_973_conf_126544_implicit_min_hop_000_mode02_p0.75A_implicit_min,20.079418182373047,80.11189270019531,365.9927978515625,-749.8625946044922,-1356.1555395126343,-1639.834312736988
survivor_1195_basin_1215_explore_r05_hit_0045_conf_048767_implicit_min,18.982799530029297,74.87584686279297,363.890625,-771.2228660583496,-1314.1750583648682,-1627.6488037109375
survivor_1196_basin_1216_candidate_2613_gencluster_645_conf_166857_implicit_min,19.086763381958008,80.85295104980469,358.0901794433594,-422.0902490615845,-1648.309555530548,-1612.3695176839828
survivor_1197_basin_1217_candidate_1031_gencluster_1031_conf_168055_implicit_min,16.40549087524414,62.80158233642578,391.497802734375,-334.65768814086914,-1695.561336517334,-1559.5135064721107
survivor_1198_basin_1218_nma_bh_candidate_2989_gencluster_1124_conf_159390_implicit_min_hop_001_mode02_m1.35A_implicit_min,23.79079818725586,90.91781616210938,353.9251403808594,-647.3806343078613,-1398.3472709655762,-1577.0944385528564
survivor_1199_basin_1219_candidate_2276_gencluster_196_conf_008892_implicit_min,15.7251615524292,67.31475067138672,374.6263122558594,-255.01501321792603,-1796.4301114082336,-1593.7788765281439
survivor_119_basin_122_candidate_1571_gencluster_1571_conf_037897_implicit_min,16.72357749938965,65.26504516601562,369.13031005859375,-446.25360202789307,-1584.563196182251,-1579.6971399784088
survivor_1200_basin_1220_candidate_192_gencluster_192_conf_051167_implicit_min,16.752038955688477,61.93403625488281,371.9356994628906,-531.3820190429688,-1499.837670326233,-1580.5981895327568
survivor_1201_basin_1221_nma_bh_candidate_1888_gencluster_1888_conf_021802_implicit_min_hop_002_mode01_m1.35A_implicit_min,17.853246688842773,70.05218505859375,351.8753662109375,-492.0321464538574,-1535.3585920333862,-1587.6095083653927
survivor_1202_basin_1222_candidate_936_gencluster_936_conf_019621_implicit_min,18.764904022216797,77.6068115234375,373.77471923828125,-365.212522983551,-1701.019323348999,-1596.0854560732841
survivor_1203_basin_1223_candidate_1994_gencluster_1994_conf_098889_implicit_min,17.43445587158203,62.732242584228516,365.413818359375,-321.81802797317505,-1704.5412788391113,-1580.7783912271261
survivor_1204_basin_1224_candidate_1954_gencluster_1954_conf_028622_implicit_min,14.62974739074707,54.85301971435547,364.57958984375,-445.558301448822,-1578.915693283081,-1590.4119745194912
survivor_1205_basin_1225_nma_bh_candidate_1888_gencluster_1888_conf_021802_implicit_min_hop_000_mode01_m1.35A_implicit_min,16.70392608642578,63.64164352416992,377.3561096191406,-470.4190664291382,-1559.2370314598083,-1571.9543767273426
survivor_1206_basin_1226_explore_r01_hit_0097_conf_005590_implicit_min,17.845643997192383,76.43905639648438,380.8329772949219,-727.6706027984619,-1368.8143634796143,-1621.3682041168213
survivor_1207_basin_1227_nma_bh_candidate_2635_gencluster_682_conf_091883_implicit_min_hop_002_mode02_p0.75A_implicit_min,21.62074851989746,86.11488342285156,398.74798583984375,-575.5092086791992,-1481.8999347686768,-1550.925015091896
survivor_1208_basin_1228_candidate_1378_gencluster_1378_conf_012414_implicit_min,16.39223861694336,69.17288208007812,376.12396240234375,-601.6624517440796,-1486.5197672843933,-1626.4926587939262
survivor_1209_basin_1229_candidate_2464_gencluster_441_conf_131227_implicit_min,19.5824031829834,78.159423828125,365.5526123046875,-535.1576271057129,-1512.2412066459656,-1584.1037034988403
survivor_120_basin_123_explore_r02_hit_0094_conf_001790_implicit_min,20.8231201171875,89.30311584472656,355.4169921875,-404.95693492889404,-1662.4216794967651,-1601.8345956802368
survivor_1210_basin_1230_candidate_1355_gencluster_1355_conf_002652_implicit_min,17.393394470214844,61.48472213745117,373.7799072265625,-435.93486309051514,-1593.9318599700928,-1577.2082155644894
survivor_1211_basin_1231_nma_bh_candidate_2420_gencluster_382_conf_082252_implicit_min_hop_001_mode02_p0.75A_implicit_min,20.56827735900879,88.63945007324219,367.36334228515625,-517.5240006446838,-1554.636770248413,-1595.5893598794937
survivor_1212_basin_1232_candidate_805_gencluster_805_conf_014331_implicit_min,18.588211059570312,70.75806427001953,380.0663757324219,-654.5670909881592,-1381.26806640625,-1566.4224178195
survivor_1213_basin_1233_candidate_2718_gencluster_793_conf_050979_implicit_min,19.083702087402344,76.65826416015625,355.2045593261719,-693.8378663063049,-1397.3874197006226,-1640.2790070474148
survivor_1214_basin_1234_candidate_1311_gencluster_1311_conf_021812_implicit_min,15.206709861755371,57.693660736083984,365.0743408203125,-171.86113834381104,-1847.203013420105,-1581.0893352627754
survivor_1215_basin_1235_candidate_645_gencluster_645_conf_008973_implicit_min,20.196834564208984,77.72158813476562,376.34600830078125,-730.9597272872925,-1356.2953538894653,-1612.990148961544
survivor_1216_basin_1236_nma_bh_candidate_706_gencluster_706_conf_010197_implicit_min_hop_000_mode02_m1.35A_implicit_min,20.253774642944336,85.38107299804688,359.03875732421875,-607.5301456451416,-1455.1570138931274,-1598.0122993290424
survivor_1217_basin_1237_explore_r01_hit_0034_conf_043458_implicit_min,19.244783401489258,62.72002410888672,369.4472961425781,-543.8212833404541,-1503.7204208374023,-1596.12926197052
survivor_1218_basin_1238_nma_bh_candidate_2918_gencluster_1033_conf_098844_implicit_min_hop_001_mode02_m1.35A_implicit_min,18.05867576599121,75.86283874511719,385.25225830078125,-621.4403429031372,-1449.5852994918823,-1591.8524720668793
survivor_1219_basin_1239_candidate_2183_gencluster_086_conf_121063_implicit_min,17.29346466064453,65.39896392822266,375.7642822265625,-260.99162197113037,-1778.3845882415771,-1580.919227719307
survivor_121_basin_124_nma_bh_candidate_1908_gencluster_1908_conf_138911_implicit_min_hop_003_mode01_m1.35A_implicit_min,17.89301109313965,71.05121612548828,375.29339599609375,-283.12925910949707,-1746.8006963729858,-1565.6921822726727
survivor_1220_basin_1240_candidate_1566_gencluster_1566_conf_004167_implicit_min,15.679171562194824,56.63787841796875,365.1521301269531,-418.40125846862793,-1603.473918914795,-1584.4060980677605
survivor_1221_basin_1241_nma_bh_candidate_2420_gencluster_382_conf_082252_implicit_min_hop_001_mode02_p1.35A_implicit_min,19.881370544433594,94.77755737304688,377.19500732421875,-518.7109899520874,-1557.5512347221375,-1584.4073324799538
survivor_1222_basin_1242_nma_bh_candidate_1891_gencluster_1891_conf_036811_implicit_min_hop_002_mode01_p0.75A_implicit_min,18.605188369750977,76.01239776611328,359.3868408203125,-551.028079032898,-1535.8376998901367,-1632.8609677255154
survivor_1223_basin_1244_nma_bh_candidate_1920_gencluster_1920_conf_068917_implicit_min_hop_000_mode02_m0.75A_implicit_min,16.934661865234375,67.35882568359375,358.13519287109375,-402.7519760131836,-1676.9651145935059,-1637.2884721755981
survivor_1224_basin_1245_candidate_1772_gencluster_1772_conf_087702_implicit_min,17.450450897216797,72.86764526367188,395.3065185546875,-400.8205680847168,-1656.3715658187866,-1571.5675631165504
survivor_1225_basin_1246_candidate_2297_gencluster_222_conf_194295_implicit_min,19.26542854309082,73.01530456542969,347.1037902832031,-422.3333740234375,-1608.8311529159546,-1591.780673623085
survivor_1226_basin_1247_nma_bh_candidate_2548_gencluster_554_conf_187437_implicit_min_hop_003_mode01_p0.75A_implicit_min,17.90174102783203,65.92008209228516,354.6410827636719,-457.01904106140137,-1554.106032371521,-1572.6614121198654
survivor_1227_basin_1248_nma_bh_candidate_1992_gencluster_1992_conf_005930_implicit_min_hop_000_mode01_m1.35A_implicit_min,20.834239959716797,91.70501708984375,355.982421875,-437.71732234954834,-1628.3215193748474,-1597.5170461982489
survivor_1228_basin_1249_candidate_2229_gencluster_144_conf_184708_implicit_min,19.25000762939453,72.7318115234375,364.79473876953125,-295.27781200408936,-1715.1366076469421,-1553.6377380788326
survivor_1229_basin_1250_nma_bh_candidate_1558_gencluster_1558_conf_198584_implicit_min_hop_002_mode01_p0.75A_implicit_min,19.1765193939209,68.9112548828125,359.677490234375,-661.6787972450256,-1370.94215965271,-1584.8553918600082
survivor_122_basin_125_candidate_399_gencluster_399_conf_040161_implicit_min,19.983020782470703,69.1414794921875,369.10931396484375,-393.74499130249023,-1661.5395731925964,-1597.050727546215
survivor_1230_basin_1251_nma_bh_candidate_2663_gencluster_717_conf_014249_implicit_min_hop_002_mode02_p1.35A_implicit_min,18.56708526611328,71.36058044433594,377.3340148925781,-428.96514225006104,-1655.5954265594482,-1617.2987456321716
survivor_1231_basin_1252_candidate_1923_gencluster_1923_conf_074295_implicit_min,16.738994598388672,62.79279327392578,360.9090881347656,-391.9172339439392,-1635.9101042747498,-1587.3862455636263
survivor_1232_basin_1253_nma_bh_candidate_2492_gencluster_473_conf_171315_implicit_min_hop_002_mode01_m0.75A_implicit_min,18.820539474487305,80.98274230957031,365.7474670410156,-655.8170714378357,-1458.383508682251,-1648.649908542633
survivor_1233_basin_1254_nma_bh_candidate_1992_gencluster_1992_conf_005930_implicit_min_hop_003_mode02_p0.75A_implicit_min,20.939565658569336,90.3387680053711,348.22540283203125,-453.92575216293335,-1621.2418937683105,-1615.664203852415
survivor_1234_basin_1255_candidate_843_gencluster_843_conf_041105_implicit_min,17.50196647644043,61.908294677734375,357.4320068359375,-391.7617869377136,-1644.7295546531677,-1599.648897126317
survivor_1235_basin_1256_nma_bh_candidate_659_gencluster_659_conf_039862_implicit_min_hop_002_mode02_m1.35A_implicit_min,17.671140670776367,68.45848083496094,372.8880920410156,-315.6728801727295,-1723.8426895141602,-1580.4976571798325
survivor_1236_basin_1257_nma_bh_candidate_1714_gencluster_1714_conf_011260_implicit_min_hop_003_mode02_p0.75A_implicit_min,19.758853912353516,76.435546875,370.6867980957031,-570.9555788040161,-1513.398042678833,-1617.4727425575256
survivor_1237_basin_1258_explore_r03_hit_0051_conf_003110_implicit_min,17.8551025390625,69.18037414550781,365.895263671875,-331.82342529296875,-1730.1236324310303,-1609.0171173810959
survivor_1238_basin_1259_candidate_1471_gencluster_1471_conf_023499_implicit_min,18.32591438293457,66.68832397460938,356.206787109375,-427.03530406951904,-1622.0545058250427,-1607.8688372075558
survivor_1239_basin_1260_nma_bh_candidate_1168_gencluster_1168_conf_154905_implicit_min_hop_000_mode01_p0.75A_implicit_min,16.246601104736328,69.5669174194336,373.9056701660156,-597.6210746765137,-1480.617998123169,-1618.5200500488281
survivor_123_basin_126_bh_candidate_1614_gencluster_1614_conf_058900_implicit_min_hop_001,17.339275360107422,88.79193878173828,378.7614440917969,-561.8467726707458,-1531.2395792007446,-1608.1932765841484
survivor_1240_basin_1261_candidate_1470_gencluster_1470_conf_016785_implicit_min,18.37661361694336,69.84959411621094,354.5945129394531,-475.9686679840088,-1556.4691324234009,-1589.6177880764008
survivor_1241_basin_1262_nma_bh_candidate_1742_gencluster_1742_conf_052620_implicit_min_hop_003_mode01_m1.35A_implicit_min,20.75173568725586,86.60197448730469,377.7047119140625,-605.5997648239136,-1495.5276818275452,-1616.069347023964
survivor_1242_basin_1263_nma_bh_candidate_720_gencluster_720_conf_069593_implicit_min_hop_003_mode01_p0.75A_implicit_min,16.593122482299805,60.628692626953125,359.10577392578125,-414.9757332801819,-1594.6910891532898,-1573.33963547647
survivor_1243_basin_1264_nma_bh_candidate_2792_gencluster_884_conf_057741_implicit_min_hop_000_mode01_p1.35A_implicit_min,19.04786491394043,78.36819458007812,382.1776123046875,-578.5394840240479,-1506.2779731750488,-1605.22407913208
survivor_1244_basin_1265_explore_r01_hit_0006_conf_044806_implicit_min,21.222713470458984,86.68167114257812,423.6849670410156,-485.0104064941406,-1552.6143035888672,-1506.035771369934
survivor_1245_basin_1266_nma_bh_candidate_982_gencluster_982_conf_053435_implicit_min_hop_000_mode02_p1.35A_implicit_min,18.80333137512207,74.33362579345703,398.0522766113281,-418.4876594543457,-1625.2458682060242,-1552.5444059073925
survivor_1246_basin_1267_nma_bh_candidate_1632_gencluster_1632_conf_108386_implicit_min_hop_003_mode02_p1.35A_implicit_min,20.185720443725586,81.43682861328125,377.8427734375,-547.9521627426147,-1515.8819017410278,-1584.3688731193542
survivor_1247_basin_1268_nma_bh_candidate_2989_gencluster_1124_conf_159390_implicit_min_hop_001_mode02_p0.75A_implicit_min,20.313610076904297,76.2500228881836,363.1473083496094,-531.719672203064,-1509.2919969558716,-1581.3010680675507
survivor_1248_basin_1269_nma_bh_candidate_541_gencluster_541_conf_145579_implicit_min_hop_002_mode01_m0.75A_implicit_min,17.391775131225586,66.32832336425781,382.1747741699219,-667.247652053833,-1389.9029111862183,-1591.2556768655777
survivor_1249_basin_1270_candidate_1105_gencluster_1105_conf_116483_implicit_min,17.801130294799805,70.48648071289062,364.2673034667969,-470.8721160888672,-1541.4578247070312,-1559.774751484394
survivor_124_basin_127_nma_bh_candidate_2190_gencluster_093_conf_183542_implicit_min_hop_003_mode02_m1.35A_implicit_min,19.598928451538086,83.96482849121094,360.865966796875,-472.3608703613281,-1616.5046300888062,-1624.4349946975708
survivor_1250_basin_1271_candidate_672_gencluster_672_conf_077951_implicit_min,19.26536750793457,65.73930358886719,429.254638671875,-393.3444700241089,-1649.3736419677734,-1528.4587896466255
survivor_1251_basin_1272_candidate_2782_gencluster_871_conf_059842_implicit_min,19.889083862304688,82.94017028808594,367.948974609375,-250.01898288726807,-1773.5011796951294,-1552.7411664426327
survivor_1252_basin_1273_candidate_2982_gencluster_1117_conf_100675_implicit_min,16.131242752075195,69.7303466796875,371.22821044921875,-420.78852462768555,-1654.0201959609985,-1617.7190942764282
survivor_1253_basin_1274_candidate_748_gencluster_748_conf_003244_implicit_min,19.55952262878418,87.8359375,363.2977294921875,-440.82808542251587,-1578.1706957817078,-1548.3052067756653
survivor_1254_basin_1275_explore_r01_hit_0093_conf_005560_implicit_min,19.36400604248047,77.4837646484375,361.7529296875,-617.1175832748413,-1479.9555797576904,-1638.472596168518
survivor_1255_basin_1276_nma_bh_candidate_858_gencluster_858_conf_004120_implicit_min_hop_000_mode02_p1.35A_implicit_min,17.668689727783203,78.23918151855469,386.4862060546875,-668.7105941772461,-1384.0066623687744,-1570.3234773874283
survivor_1256_basin_1277_candidate_391_gencluster_391_conf_003131_implicit_min,18.63457489013672,70.74223327636719,375.0294494628906,-475.1998128890991,-1580.3788118362427,-1591.1726203858852
survivor_1257_basin_1278_candidate_1690_gencluster_1690_conf_035958_implicit_min,17.932790756225586,75.00100708007812,386.77410888671875,-615.4744100570679,-1458.7492084503174,-1594.5147148370743
survivor_1258_basin_1279_candidate_1172_gencluster_1172_conf_006078_implicit_min,22.4017276763916,81.26542663574219,365.6090087890625,-480.7241144180298,-1571.4186997413635,-1582.866246983409
survivor_1259_basin_1280_candidate_751_gencluster_751_conf_067135_implicit_min,18.210315704345703,73.23783111572266,395.13482666015625,-366.7638649940491,-1673.669476032257,-1553.850797533989
survivor_125_basin_128_nma_bh_candidate_1282_gencluster_1282_conf_013249_implicit_min_hop_003_mode01_m0.75A_implicit_min,19.207719802856445,76.12386322021484,348.5283203125,-432.77143144607544,-1620.120705127716,-1609.0323387384415
survivor_1260_basin_1281_nma_bh_candidate_1154_gencluster_1154_conf_003210_implicit_min_hop_003_mode02_p1.35A_implicit_min,16.719032287597656,68.2906723022461,369.3672180175781,-622.1475048065186,-1426.057710647583,-1593.8279809951782
survivor_1261_basin_1282_candidate_2453_gencluster_422_conf_008260_implicit_min,15.47930908203125,55.15515899658203,365.47149658203125,-293.7825436592102,-1718.91255235672,-1576.588992074132
survivor_1262_basin_1283_nma_bh_candidate_2437_gencluster_400_conf_053256_implicit_min_hop_002_mode01_m0.75A_implicit_min,17.707841873168945,67.07511901855469,348.7909240722656,-385.0792827606201,-1649.323296546936,-1600.829051733017
survivor_1263_basin_1284_nma_bh_candidate_2663_gencluster_717_conf_014249_implicit_min_hop_001_mode01_m0.75A_implicit_min,18.434459686279297,78.97332763671875,360.47393798828125,-452.4415907859802,-1625.794584274292,-1620.3542919158936
survivor_1264_basin_1285_candidate_1051_gencluster_1051_conf_017101_implicit_min,15.900552749633789,62.679290771484375,374.225341796875,-446.43790578842163,-1602.2134194374084,-1595.8457916975021
survivor_1265_basin_1286_nma_bh_candidate_541_gencluster_541_conf_145579_implicit_min_hop_001_mode02_m0.75A_implicit_min,18.859033584594727,79.52978515625,370.3083190917969,-624.7775106430054,-1423.0111804008484,-1579.0911639928818
survivor_1266_basin_1287_candidate_2997_gencluster_1133_conf_109196_implicit_min,17.618423461914062,66.76532745361328,356.0613098144531,-476.51000213623047,-1594.1333408355713,-1630.1981158852577
survivor_1267_basin_1288_candidate_571_gencluster_571_conf_180593_implicit_min,20.530513763427734,89.22210693359375,359.7763366699219,-443.1543483734131,-1605.9739303588867,-1579.5992217063904
survivor_1268_basin_1289_candidate_2803_gencluster_895_conf_179847_implicit_min,20.69351577758789,80.15872192382812,349.5499267578125,-539.321665763855,-1507.433645248413,-1596.3523703813553
survivor_1269_basin_1290_candidate_1398_gencluster_1398_conf_003735_implicit_min,18.869840621948242,77.17589569091797,365.70904541015625,-460.7071604728699,-1572.960256099701,-1571.9125233143568
survivor_126_basin_129_candidate_2628_gencluster_670_conf_036334_implicit_min,16.134077072143555,58.34490966796875,374.405517578125,-468.185809135437,-1569.6452980041504,-1588.9472601413727
survivor_1270_basin_1291_candidate_1762_gencluster_1762_conf_029752_implicit_min,20.105758666992188,83.01660919189453,369.3008728027344,-794.3051891326904,-1313.4274606704712,-1635.3085298836231
survivor_1271_basin_1292_candidate_619_gencluster_619_conf_182116_implicit_min,16.186105728149414,61.124759674072266,379.79486083984375,-228.590322971344,-1785.6423149108887,-1557.1271491646767
survivor_1272_basin_1293_candidate_040_gencluster_040_conf_172761_implicit_min,17.873157501220703,83.63308715820312,418.21075439453125,-466.02684354782104,-1630.7551226615906,-1577.0648390054703
survivor_1273_basin_1294_candidate_2310_gencluster_237_conf_098096_implicit_min,18.388229370117188,72.91751098632812,353.27081298828125,-476.5479898452759,-1577.9039554595947,-1609.8758001327515
survivor_1274_basin_1295_nma_bh_candidate_1139_gencluster_1139_conf_053753_implicit_min_hop_003_mode01_p0.75A_implicit_min,20.10138702392578,77.35398864746094,384.8940124511719,-374.3325562477112,-1675.6224331855774,-1567.605599194765
survivor_1275_basin_1296_candidate_127_gencluster_127_conf_023003_implicit_min,18.967628479003906,72.97227478027344,373.9873046875,-586.1992244720459,-1485.5918102264404,-1605.863719344139
survivor_1276_basin_1297_candidate_2926_gencluster_1044_conf_024603_implicit_min,19.845054626464844,79.29879760742188,344.70574951171875,-507.0895881652832,-1531.8809413909912,-1595.1207075119019
survivor_1277_basin_1298_candidate_1256_gencluster_1256_conf_010934_implicit_min,15.94180965423584,61.13243865966797,372.8465881347656,-412.4663677215576,-1616.332806110382,-1578.8776191174984
survivor_1278_basin_1299_candidate_686_gencluster_686_conf_085478_implicit_min,16.830671310424805,64.64549255371094,364.2641906738281,-416.82571029663086,-1618.6426305770874,-1589.7280161380768
survivor_1279_basin_1300_candidate_2282_gencluster_202_conf_199487_implicit_min,20.193042755126953,80.75904846191406,374.3399963378906,-786.488115310669,-1306.859224319458,-1618.0548701286316
survivor_127_basin_130_candidate_2225_gencluster_138_conf_078321_implicit_min,17.93881607055664,59.308837890625,361.98663330078125,-490.11567401885986,-1555.1440725326538,-1606.0250144451857
survivor_1280_basin_1301_candidate_2521_gencluster_514_conf_091316_implicit_min,19.373689651489258,78.32456970214844,368.8717346191406,-531.9769787788391,-1503.472275018692,-1568.8797358870506
survivor_1281_basin_1302_nma_bh_candidate_694_gencluster_694_conf_053743_implicit_min_hop_001_mode02_m0.75A_implicit_min,18.139467239379883,67.77265167236328,370.5666809082031,-557.9569911956787,-1461.3272724151611,-1562.8049948215485
survivor_1282_basin_1303_candidate_1215_gencluster_1215_conf_136730_implicit_min,18.74057960510254,71.88688659667969,363.26617431640625,-496.52083587646484,-1551.1082849502563,-1593.7353184521198
survivor_1283_basin_1304_candidate_2362_gencluster_301_conf_191854_implicit_min,17.077869415283203,64.43130493164062,372.6297302246094,-531.8118095397949,-1563.6243538856506,-1641.2974101305008
survivor_1284_basin_1305_explore_r01_hit_0068_conf_025924_implicit_min,18.52695655822754,61.08831787109375,379.245361328125,-769.266487121582,-1308.9376258850098,-1619.3433175086975
survivor_1285_basin_1306_candidate_1394_gencluster_1394_conf_108495_implicit_min,16.715850830078125,59.41552734375,368.42047119140625,-422.47692346572876,-1606.4045276641846,-1584.3294636160135
survivor_1286_basin_1307_nma_bh_candidate_2233_gencluster_148_conf_073474_implicit_min_hop_003_mode02_p0.75A_implicit_min,15.947327613830566,63.905113220214844,355.6274108886719,-492.4174461364746,-1534.48708152771,-1591.425283908844
survivor_1287_basin_1308_nma_bh_candidate_1519_gencluster_1519_conf_015687_implicit_min_hop_002_mode01_m0.75A_implicit_min,17.99236488342285,75.64454650878906,385.3047790527344,-506.70079803466797,-1576.4240140914917,-1604.183832168579
survivor_1288_basin_1309_nma_bh_candidate_2328_gencluster_260_conf_086582_implicit_min_hop_000_mode01_m1.35A_implicit_min,17.350406646728516,77.80421447753906,379.722412109375,-606.2867431640625,-1497.9221549034119,-1629.3316433429718
survivor_1289_basin_1310_candidate_1751_gencluster_1751_conf_014671_implicit_min,18.008596420288086,62.724952697753906,373.5303649902344,-392.50982189178467,-1634.051676750183,-1572.2976820468903
survivor_128_basin_131_nma_bh_candidate_720_gencluster_720_conf_069593_implicit_min_hop_001_mode01_p0.75A_implicit_min,17.084590911865234,57.633445739746094,366.9139404296875,-406.369158744812,-1626.179446220398,-1590.9162733703852
survivor_1290_basin_1311_candidate_2471_gencluster_449_conf_037287_implicit_min,18.663658142089844,73.02567291259766,369.872314453125,-495.68438148498535,-1567.224479675293,-1601.3470752239227
survivor_1291_basin_1312_candidate_769_gencluster_769_conf_173034_implicit_min,17.710607528686523,65.80343627929688,374.61651611328125,-519.6044883728027,-1570.6583833694458,-1632.1321539878845
survivor_1292_basin_1313_nma_bh_candidate_631_gencluster_631_conf_003162_implicit_min_hop_002_mode01_p1.35A_implicit_min,20.427995681762695,85.043701171875,369.9066467285156,-465.16510820388794,-1586.1957511901855,-1575.9833151996136
survivor_1293_basin_1314_candidate_477_gencluster_477_conf_007970_implicit_min,15.031182289123535,57.399044036865234,358.2110595703125,-542.8753023147583,-1470.424307346344,-1582.6588386297226
survivor_1294_basin_1315_candidate_054_gencluster_054_conf_029386_implicit_min,19.791242599487305,76.65158081054688,362.39056396484375,-582.2506637573242,-1502.919973373413,-1626.3373613357544
survivor_1295_basin_1316_nma_bh_candidate_2126_gencluster_018_conf_131165_implicit_min_hop_001_mode02_p1.35A_implicit_min,18.028268814086914,79.73780059814453,348.13909912109375,-622.0873761177063,-1440.090434551239,-1616.2720181941986
survivor_1296_basin_1317_candidate_1679_gencluster_1679_conf_019564_implicit_min,17.096006393432617,76.35581970214844,366.5481262207031,-704.0319805145264,-1390.5941619873047,-1634.6260323524475
survivor_1297_basin_1318_candidate_2331_gencluster_263_conf_048149_implicit_min,17.599605560302734,70.95567321777344,367.623779296875,-457.0642580986023,-1574.5862264633179,-1575.4711377620697
survivor_1298_basin_1319_nma_bh_candidate_2395_gencluster_349_conf_060719_implicit_min_hop_003_mode02_m1.35A_implicit_min,19.914165496826172,88.74896240234375,372.9945373535156,-519.0817279815674,-1534.428261756897,-1571.8526420593262
survivor_1299_basin_1321_candidate_2102_gencluster_2102_conf_037746_implicit_min,16.02813720703125,56.52306365966797,348.00811767578125,-372.4853620529175,-1642.2361688613892,-1594.1625669300556
survivor_129_basin_132_nma_bh_candidate_781_gencluster_781_conf_154971_implicit_min_hop_001_mode01_p0.75A_implicit_min,17.421628952026367,71.69796752929688,381.86700439453125,-397.72792053222656,-1647.46630859375,-1574.207837074995
survivor_1300_basin_1322_explore_r05_hit_0042_conf_017154_implicit_min,19.353891372680664,79.21900177001953,393.45269775390625,-562.9112968444824,-1517.884774684906,-1588.7711899280548
survivor_1301_basin_1323_candidate_2475_gencluster_453_conf_097208_implicit_min,19.23638153076172,66.61441040039062,354.2618408203125,-495.98127937316895,-1563.3789367675781,-1619.2474217414856
survivor_1302_basin_1324_candidate_279_gencluster_279_conf_167172_implicit_min,17.656221389770508,73.04450225830078,400.1800537109375,-842.1851005554199,-1259.1196932792664,-1610.424326658249
survivor_1303_basin_1325_nma_bh_candidate_2684_gencluster_753_conf_185631_implicit_min_hop_002_mode01_p0.75A_implicit_min,21.864028930664062,94.22219848632812,345.28778076171875,-461.4538559913635,-1599.3950290679932,-1599.4749732762575
survivor_1304_basin_1326_candidate_420_gencluster_420_conf_046742_implicit_min,18.950069427490234,80.67723083496094,348.937255859375,-605.3265290260315,-1469.0337314605713,-1625.7957239747047
survivor_1305_basin_1327_nma_bh_candidate_2867_gencluster_973_conf_126544_implicit_min_hop_002_mode01_m1.35A_implicit_min,19.806598663330078,78.40143585205078,391.01629638671875,-893.2944974899292,-1235.7276077270508,-1639.7976883649826
survivor_1306_basin_1328_nma_bh_candidate_1006_gencluster_1006_conf_003848_implicit_min_hop_003_mode02_m1.35A_implicit_min,18.337953567504883,68.35847473144531,353.76495361328125,-534.7807998657227,-1497.05144739151,-1591.370742559433
survivor_1307_basin_1329_nma_bh_candidate_982_gencluster_982_conf_053435_implicit_min_hop_001_mode01_m1.35A_implicit_min,20.624143600463867,73.64712524414062,341.5483703613281,-519.3600378036499,-1524.2159099578857,-1607.7558135390282
survivor_1308_basin_1330_nma_bh_candidate_1614_gencluster_1614_conf_058900_implicit_min_hop_001_mode01_m0.75A_implicit_min,18.374799728393555,86.1142578125,375.75604248046875,-569.332848072052,-1529.3831701278687,-1618.4706748723984
survivor_1309_basin_1331_candidate_2322_gencluster_250_conf_027045_implicit_min,17.71251678466797,65.427490234375,369.34515380859375,-473.22660064697266,-1605.5726022720337,-1626.314460426569
survivor_130_basin_133_candidate_1245_gencluster_1245_conf_044552_implicit_min,16.37567901611328,62.74039077758789,366.9072265625,-515.1872310638428,-1551.844313621521,-1621.0075689852238
survivor_1310_basin_1332_candidate_2929_gencluster_1048_conf_022881_implicit_min,17.53419303894043,60.27875900268555,388.2630615234375,-559.1715831756592,-1487.0806865692139,-1580.175630390644
survivor_1311_basin_1333_candidate_2036_gencluster_2036_conf_018754_implicit_min,19.270671844482422,77.76677703857422,356.393798828125,-497.55568504333496,-1554.9099369049072,-1599.0341923832893
survivor_1312_basin_1334_candidate_2364_gencluster_303_conf_151536_implicit_min,18.789493560791016,77.43938446044922,367.97894287109375,-459.163104057312,-1579.9777240753174,-1574.9333606660366
survivor_1313_basin_1335_nma_bh_candidate_459_gencluster_459_conf_009899_implicit_min_hop_003_mode02_p0.75A_implicit_min,23.75627326965332,104.7132797241211,354.6217956542969,-728.944655418396,-1322.8796339035034,-1568.7336909770966
survivor_1314_basin_1336_nma_bh_candidate_2437_gencluster_400_conf_053256_implicit_min_hop_002_mode01_m1.35A_implicit_min,18.445375442504883,71.51811981201172,347.394775390625,-374.68734550476074,-1660.7696514129639,-1598.0991039276123
survivor_1315_basin_1337_candidate_1305_gencluster_1305_conf_113488_implicit_min,18.82576560974121,70.35517120361328,391.60467529296875,-519.0279912948608,-1534.0329189300537,-1572.2753295898438
survivor_1316_basin_1338_nma_bh_candidate_731_gencluster_731_conf_049995_implicit_min_hop_003_mode01_m1.35A_implicit_min,16.770442962646484,66.34666442871094,377.400390625,-628.8141918182373,-1417.177890777588,-1585.4745693206787
survivor_1317_basin_1339_candidate_045_gencluster_045_conf_140731_implicit_min,17.424421310424805,73.1400375366211,368.94427490234375,-549.9926509857178,-1486.6535987854004,-1577.137538433075
survivor_1318_basin_1340_candidate_2497_gencluster_480_conf_040055_implicit_min,19.0996036529541,69.55725860595703,352.1487731933594,-393.86030673980713,-1638.7903056144714,-1591.8454147279263
survivor_1319_basin_1341_explore_r01_hit_0043_conf_010064_implicit_min,20.522287368774414,85.9095687866211,363.104248046875,-608.3734397888184,-1470.9313373565674,-1609.7689418792725
survivor_131_basin_134_nma_bh_candidate_1992_gencluster_1992_conf_005930_implicit_min_hop_000_mode01_p0.75A_implicit_min,22.082185745239258,94.5064697265625,352.9827880859375,-476.42310857772827,-1587.8764791488647,-1594.7271978110075
survivor_1320_basin_1342_nma_bh_candidate_1006_gencluster_1006_conf_003848_implicit_min_hop_000_mode02_p1.35A_implicit_min,21.541488647460938,86.21385192871094,379.1061096191406,-648.348671913147,-1424.4179210662842,-1585.9047071933746
survivor_1321_basin_1343_nma_bh_candidate_2395_gencluster_349_conf_060719_implicit_min_hop_001_mode02_p0.75A_implicit_min,18.96866226196289,76.2559814453125,364.93829345703125,-436.21747970581055,-1598.91912317276,-1574.9731583595276
survivor_1322_basin_1345_candidate_215_gencluster_215_conf_091193_implicit_min,16.73325538635254,63.03253173828125,366.5614013671875,-521.0261173248291,-1515.064863204956,-1589.7637550532818
survivor_1323_basin_1346_nma_bh_candidate_2437_gencluster_400_conf_053256_implicit_min_hop_000_mode01_p1.35A_implicit_min,16.7220516204834,62.68787384033203,360.061767578125,-386.08658742904663,-1656.5618543624878,-1603.176743388176
survivor_1324_basin_1347_candidate_1283_gencluster_1283_conf_051068_implicit_min,17.808563232421875,68.37374877929688,350.450927734375,-614.385763168335,-1456.5388069152832,-1634.2905983924866
survivor_1325_basin_1348_nma_bh_candidate_1005_gencluster_1005_conf_032431_implicit_min_hop_001_mode02_m1.35A_implicit_min,19.596763610839844,77.10575866699219,350.6759948730469,-333.42194986343384,-1691.0170888900757,-1577.0606386363506
survivor_1326_basin_1349_candidate_169_gencluster_169_conf_000221_implicit_min,15.18026351928711,56.148902893066406,358.4617919921875,-390.6872544288635,-1622.512080192566,-1583.407634139061
survivor_1327_basin_1350_candidate_387_gencluster_387_conf_036102_implicit_min,17.564855575561523,65.82512664794922,380.4251403808594,-461.47716522216797,-1583.9292612075806,-1581.5911421775818
survivor_1328_basin_1351_candidate_2468_gencluster_445_conf_027465_implicit_min,16.98504066467285,63.011260986328125,365.0308532714844,-415.88216495513916,-1641.023374080658,-1611.8780423104763
survivor_1329_basin_1352_candidate_167_gencluster_167_conf_005410_implicit_min,15.346413612365723,58.32897186279297,381.78985595703125,-505.3703899383545,-1558.0191144943237,-1607.9244674444199
survivor_132_basin_135_nma_bh_candidate_862_gencluster_862_conf_049308_implicit_min_hop_000_mode01_m0.75A_implicit_min,17.128623962402344,65.23829650878906,369.3622131347656,-409.95391845703125,-1618.2503786087036,-1576.4751389920712
survivor_1330_basin_1353_candidate_2084_gencluster_2084_conf_062090_implicit_min,17.95928192138672,70.66415405273438,343.61602783203125,-558.2044334411621,-1500.9394688606262,-1626.9042835235596
survivor_1331_basin_1354_nma_bh_candidate_1549_gencluster_1549_conf_001708_implicit_min_hop_001_mode02_p1.35A_implicit_min,18.8095760345459,81.58726501464844,358.14501953125,-423.7363848686218,-1667.9696912765503,-1633.1637184023857
survivor_1332_basin_1355_candidate_1532_gencluster_1532_conf_005851_implicit_min,19.162885665893555,83.78170013427734,361.3955078125,-535.7719655036926,-1507.6896815299988,-1579.1210098266602
survivor_1333_basin_1356_candidate_367_gencluster_367_conf_009826_implicit_min,17.2022705078125,60.55546569824219,371.44305419921875,-495.15908432006836,-1580.6686096191406,-1626.6270496845245
survivor_1334_basin_1357_candidate_2948_gencluster_1074_conf_165604_implicit_min,17.998130798339844,64.72288513183594,375.7679748535156,-509.89621448516846,-1550.1428155899048,-1601.5504503250122
survivor_1335_basin_1358_nma_bh_candidate_2799_gencluster_891_conf_103935_implicit_min_hop_002_mode01_p0.75A_implicit_min,18.318159103393555,72.08782958984375,358.2510986328125,-351.9921627044678,-1691.5038080215454,-1594.8381445407867
survivor_1336_basin_1359_nma_bh_candidate_1088_gencluster_1088_conf_064565_implicit_min_hop_003_mode02_p1.35A_implicit_min,15.69958782196045,55.274147033691406,381.5213317871094,-317.05648040771484,-1703.9297761917114,-1568.4903714358807
survivor_1337_basin_1360_candidate_1443_gencluster_1443_conf_016808_implicit_min,17.246501922607422,67.21128845214844,369.75994873046875,-310.57615900039673,-1728.877290725708,-1585.2358340770006
survivor_1338_basin_1361_candidate_034_gencluster_034_conf_001562_implicit_min,15.456534385681152,59.066558837890625,371.22308349609375,-319.3689708709717,-1688.7560749053955,-1562.3778810054064
survivor_1339_basin_1362_nma_bh_candidate_1736_gencluster_1736_conf_126029_implicit_min_hop_000_mode01_m1.35A_implicit_min,18.787694931030273,66.66293334960938,365.9012451171875,-461.47545337677,-1560.804838180542,-1570.9282377660275
survivor_133_basin_136_candidate_1373_gencluster_1373_conf_003825_implicit_min,18.89118003845215,74.43206787109375,360.3098449707031,-647.0250225067139,-1409.7339825630188,-1603.1254829764366
survivor_1340_basin_1363_nma_bh_candidate_2799_gencluster_891_conf_103935_implicit_min_hop_002_mode02_p0.75A_implicit_min,17.385700225830078,70.538330078125,356.4549560546875,-291.301646232605,-1745.184133529663,-1592.1069798469543
survivor_1341_basin_1364_candidate_989_gencluster_989_conf_137715_implicit_min,18.50554084777832,65.71382141113281,355.7884216308594,-812.5643310546875,-1245.296362876892,-1617.8531098365784
survivor_1342_basin_1365_nma_bh_candidate_2635_gencluster_682_conf_091883_implicit_min_hop_003_mode02_p1.35A_implicit_min,20.3101749420166,81.25997161865234,381.9065246582031,-573.5209083557129,-1494.0124206542969,-1584.0563657283783
survivor_1343_basin_1366_nma_bh_candidate_1154_gencluster_1154_conf_003210_implicit_min_hop_003_mode02_m1.35A_implicit_min,16.42549705505371,67.43528747558594,400.019287109375,-693.0140419006348,-1361.7472982406616,-1570.8807771205902
survivor_1344_basin_1367_nma_bh_candidate_1266_gencluster_1266_conf_074504_implicit_min_hop_001_mode01_p1.35A_implicit_min,17.899822235107422,80.2725830078125,384.76129150390625,-700.1547145843506,-1364.9176807403564,-1582.1388102173805
survivor_1345_basin_1368_candidate_041_gencluster_041_conf_059806_implicit_min,19.72585678100586,66.82917785644531,349.1993408203125,-659.5553951263428,-1423.1751909255981,-1646.9757561683655
survivor_1346_basin_1369_nma_bh_candidate_705_gencluster_705_conf_003845_implicit_min_hop_000_mode02_p1.35A_implicit_min,18.73185157775879,68.8509750366211,368.32672119140625,-415.7175703048706,-1610.880347251892,-1570.6882835626602
survivor_1347_basin_1370_candidate_2315_gencluster_242_conf_125942_implicit_min,16.133867263793945,62.126869201660156,383.3648681640625,-567.7361927032471,-1457.8334531784058,-1563.9440083503723
survivor_1348_basin_1371_nma_bh_candidate_2190_gencluster_093_conf_183542_implicit_min_hop_003_mode01_p1.35A_implicit_min,18.803524017333984,81.08302307128906,366.7875671386719,-477.24083709716797,-1612.9771709442139,-1623.5439367294312
survivor_1349_basin_1372_nma_bh_candidate_1306_gencluster_1306_conf_001572_implicit_min_hop_000_mode02_p1.35A_implicit_min,18.136863708496094,69.83836364746094,352.8232727050781,-538.7635364532471,-1514.2897539138794,-1612.2546900510788
survivor_134_basin_137_candidate_1301_gencluster_1301_conf_141065_implicit_min,15.985137939453125,53.292198181152344,360.4831848144531,-404.859658241272,-1626.9556813240051,-1602.0540399104357
survivor_1350_basin_1373_candidate_2768_gencluster_855_conf_024119_implicit_min,18.54659080505371,83.98431396484375,392.2613525390625,-511.7817716598511,-1600.0629930496216,-1617.0527544021606
survivor_1351_basin_1374_candidate_712_gencluster_712_conf_023507_implicit_min,17.562591552734375,61.20879364013672,380.98797607421875,-491.86711502075195,-1562.9922676086426,-1595.0994589924812
survivor_1352_basin_1375_candidate_1900_gencluster_1900_conf_002877_implicit_min,15.986988067626953,57.317710876464844,372.97686767578125,-376.0173659324646,-1637.9344935417175,-1567.67048484087
survivor_1353_basin_1376_candidate_2153_gencluster_049_conf_188031_implicit_min,16.305620193481445,68.31607818603516,384.411865234375,-456.55472326278687,-1633.4230933189392,-1620.9438017308712
survivor_1354_basin_1377_nma_bh_candidate_1614_gencluster_1614_conf_058900_implicit_min_hop_002_mode01_p1.35A_implicit_min,18.464418411254883,85.39948272705078,382.7498779296875,-691.3933320045471,-1430.2912340164185,-1635.070879459381
survivor_1355_basin_1378_nma_bh_candidate_416_gencluster_416_conf_072635_implicit_min_hop_001_mode02_m0.75A_implicit_min,19.555212020874023,76.2063217163086,375.5126953125,-515.0158061981201,-1548.0829572677612,-1591.8250204324722
survivor_1356_basin_1379_nma_bh_candidate_807_gencluster_807_conf_049347_implicit_min_hop_002_mode01_p0.75A_implicit_min,17.327455520629883,72.30742645263672,375.8223876953125,-551.7252340316772,-1472.1498198509216,-1558.4172496199608
survivor_1357_basin_1380_explore_r03_hit_0061_conf_029534_implicit_min,17.946449279785156,69.70024108886719,359.0144348144531,-490.2958917617798,-1579.6550607681274,-1623.2900352478027
survivor_1358_basin_1381_candidate_240_gencluster_240_conf_040900_implicit_min,17.871826171875,68.05587768554688,357.1363525390625,-665.5192756652832,-1397.057312965393,-1619.512995004654
survivor_1359_basin_1382_nma_bh_candidate_082_gencluster_082_conf_089503_implicit_min_hop_000_mode02_p1.35A_implicit_min,17.526004791259766,76.69082641601562,368.538818359375,-687.6746263504028,-1381.269497871399,-1606.1878765523434
survivor_135_basin_138_candidate_022_gencluster_022_conf_114836_implicit_min,19.368181228637695,71.37647247314453,374.86737060546875,-448.2488718032837,-1640.0543484687805,-1622.6915743350983
survivor_1360_basin_1383_candidate_1757_gencluster_1757_conf_008743_implicit_min,17.57624626159668,75.30609130859375,386.32366943359375,-500.55268383026123,-1532.6580200195312,-1554.0048010647297
survivor_1361_basin_1384_candidate_586_gencluster_586_conf_009571_implicit_min,16.90800666809082,65.20950317382812,357.7743225097656,-375.3903121948242,-1675.8085050582886,-1611.3067349493504
survivor_1362_basin_1385_nma_bh_candidate_2126_gencluster_018_conf_131165_implicit_min_hop_002_mode02_p0.75A_implicit_min,17.2025146484375,71.79727935791016,362.546875,-565.7382898330688,-1493.3831911087036,-1607.574157178402
survivor_1363_basin_1386_nma_bh_candidate_982_gencluster_982_conf_053435_implicit_min_hop_003_mode01_m0.75A_implicit_min,18.407976150512695,68.6386489868164,376.26507568359375,-458.70782136917114,-1566.60187625885,-1561.99827003479
survivor_1364_basin_1387_candidate_1249_gencluster_1249_conf_005270_implicit_min,19.175186157226562,81.9617691040039,360.7601623535156,-515.8664655685425,-1534.8961277008057,-1588.8651509284973
survivor_1365_basin_1388_candidate_2212_gencluster_123_conf_053984_implicit_min,16.64219856262207,61.492706298828125,365.8132019042969,-377.21601819992065,-1655.3637237548828,-1588.631598725915
survivor_1366_basin_1389_candidate_2024_gencluster_2024_conf_184020_implicit_min,21.674116134643555,115.521728515625,437.35968017578125,-547.9781093597412,-1535.0045890808105,-1508.4265493154526
survivor_1367_basin_1390_candidate_1091_gencluster_1091_conf_031736_implicit_min,20.440805435180664,81.12543487548828,370.35235595703125,-551.7305870056152,-1531.1077041625977,-1610.9202299118042
survivor_1368_basin_1391_nma_bh_candidate_2364_gencluster_303_conf_151536_implicit_min_hop_003_mode01_p1.35A_implicit_min,19.218036651611328,79.04312133789062,366.32861328125,-473.0874080657959,-1551.845908164978,-1560.343518793583
survivor_1369_basin_1392_candidate_627_gencluster_627_conf_062320_implicit_min,19.117551803588867,66.45115661621094,362.8682861328125,-319.6910262107849,-1714.7613725662231,-1586.0149799883366
survivor_136_basin_139_candidate_1372_gencluster_1372_conf_151374_implicit_min,17.895692825317383,77.19636535644531,364.97686767578125,-348.12439346313477,-1681.2203378677368,-1569.2754811048508
survivor_1370_basin_1393_nma_bh_candidate_862_gencluster_862_conf_049308_implicit_min_hop_000_mode02_p0.75A_implicit_min,18.06673240661621,67.32249450683594,370.48291015625,-471.893856048584,-1568.2999687194824,-1584.3222202658653
survivor_1371_basin_1394_nma_bh_candidate_2137_gencluster_030_conf_063074_implicit_min_hop_001_mode01_m1.35A_implicit_min,18.454647064208984,64.35769653320312,356.13250732421875,-535.201265335083,-1512.5632343292236,-1608.8200294077396
survivor_1372_basin_1395_candidate_145_gencluster_145_conf_010871_implicit_min,15.677116394042969,61.03324890136719,354.936767578125,-221.5712833404541,-1817.8748626708984,-1607.7989534139633
survivor_1373_basin_1396_candidate_2455_gencluster_429_conf_113767_implicit_min,18.038469314575195,65.24220275878906,355.9413757324219,-527.107292175293,-1516.3384704589844,-1604.223815202713
survivor_1374_basin_1397_candidate_2494_gencluster_476_conf_133824_implicit_min,17.271963119506836,66.86238861083984,384.42236328125,-741.1398973464966,-1385.692931652069,-1658.2760627865791
survivor_1375_basin_1398_candidate_519_gencluster_519_conf_092659_implicit_min,24.413246154785156,85.30387878417969,373.43548583984375,-355.5162115097046,-1663.8414478302002,-1536.2047625780106
survivor_1376_basin_1399_nma_bh_candidate_1714_gencluster_1714_conf_011260_implicit_min_hop_001_mode01_m1.35A_implicit_min,18.045114517211914,75.36083221435547,377.2597351074219,-478.8343505859375,-1603.1368494033813,-1611.3052275180817
survivor_1377_basin_1400_nma_bh_candidate_1632_gencluster_1632_conf_108386_implicit_min_hop_002_mode02_p1.35A_implicit_min,18.61847496032715,79.652099609375,387.2681884765625,-520.7468786239624,-1525.5670924186707,-1560.775247335434
survivor_1378_basin_1401_explore_r05_hit_0056_conf_040794_implicit_min,19.87098503112793,76.86689758300781,369.69415283203125,-487.9858055114746,-1544.1339797973633,-1565.6873931884766
survivor_1379_basin_1402_candidate_2177_gencluster_079_conf_167775_implicit_min,18.676321029663086,66.76506042480469,343.88323974609375,-236.07070446014404,-1771.5728826522827,-1578.3190116286278
survivor_137_basin_140_nma_bh_candidate_807_gencluster_807_conf_049347_implicit_min_hop_000_mode01_m1.35A_implicit_min,17.629152297973633,76.5871810913086,371.4546813964844,-627.1282558441162,-1416.050033569336,-1577.5075125694275
survivor_1380_basin_1403_nma_bh_candidate_1632_gencluster_1632_conf_108386_implicit_min_hop_001_mode02_p0.75A_implicit_min,17.747041702270508,73.44512939453125,377.1929626464844,-609.1699953079224,-1449.0843691825867,-1589.869050502777
survivor_1381_basin_1404_nma_bh_candidate_2126_gencluster_018_conf_131165_implicit_min_hop_002_mode01_m1.35A_implicit_min,17.98085594177246,73.17103576660156,359.6186218261719,-578.4891123771667,-1489.272717475891,-1616.99085059762
survivor_1382_basin_1405_candidate_2587_gencluster_613_conf_141484_implicit_min,17.923423767089844,63.9925422668457,364.12188720703125,-471.0755047798157,-1555.6696586608887,-1580.7068311870098
survivor_1383_basin_1406_candidate_2392_gencluster_346_conf_119938_implicit_min,17.805805206298828,68.79812622070312,373.85125732421875,-525.6863355636597,-1508.9809122085571,-1574.2120679616928
survivor_1384_basin_1408_nma_bh_candidate_249_gencluster_249_conf_007818_implicit_min_hop_002_mode01_m0.75A_implicit_min,19.176515579223633,72.07212829589844,360.87542724609375,-349.0453886985779,-1699.8564205169678,-1596.7780363559723
survivor_1385_basin_1409_candidate_1984_gencluster_1984_conf_003319_implicit_min,14.6795654296875,54.75111389160156,380.6734619140625,-395.1614627838135,-1623.212312221527,-1568.269709303975
survivor_1386_basin_1410_candidate_2467_gencluster_444_conf_031920_implicit_min,17.61745262145996,62.21845245361328,376.6204833984375,-549.520884513855,-1506.6140003204346,-1599.6779078245163
survivor_1387_basin_1411_candidate_2211_gencluster_121_conf_044835_implicit_min,18.540443420410156,62.95964050292969,360.3219299316406,-378.65318489074707,-1662.3783769607544,-1599.208949148655
survivor_1388_basin_1412_candidate_702_gencluster_702_conf_003509_implicit_min,17.218374252319336,63.774383544921875,360.58929443359375,-417.0489206314087,-1616.9042043685913,-1592.3716839551926
survivor_1389_basin_1413_candidate_2522_gencluster_517_conf_143197_implicit_min,17.8535099029541,70.79232788085938,370.0782470703125,-498.0317144393921,-1567.16166639328,-1606.4697689712048
survivor_138_basin_141_candidate_2895_gencluster_1006_conf_013365_implicit_min,18.237777709960938,71.96099853515625,361.5199279785156,-499.36641693115234,-1548.5835299491882,-1596.2308399677277
survivor_1390_basin_1414_nma_bh_candidate_1045_gencluster_1045_conf_012052_implicit_min_hop_001_mode02_p1.35A_implicit_min,20.026607513427734,73.98757934570312,370.227294921875,-330.57466983795166,-1680.1925859451294,-1546.525300860405
survivor_1391_basin_1415_nma_bh_candidate_1647_gencluster_1647_conf_134687_implicit_min_hop_003_mode01_m0.75A_implicit_min,16.59669303894043,66.67642211914062,385.28656005859375,-588.5960388183594,-1470.923945426941,-1590.9609150886536
survivor_1392_basin_1416_candidate_1410_gencluster_1410_conf_002273_implicit_min,20.553516387939453,76.280029296875,360.39752197265625,-532.6000709533691,-1530.5754022598267,-1605.9445886015892
survivor_1393_basin_1417_candidate_2876_gencluster_985_conf_122327_implicit_min,17.8194580078125,71.61341094970703,369.4710388183594,-502.9510955810547,-1542.8995513916016,-1586.9463865160942
survivor_1394_basin_1418_nma_bh_candidate_706_gencluster_706_conf_010197_implicit_min_hop_000_mode01_p0.75A_implicit_min,19.654207229614258,80.97254943847656,364.4962158203125,-565.7676095962524,-1495.1884727478027,-1595.8329995274544
survivor_1395_basin_1419_nma_bh_candidate_2548_gencluster_554_conf_187437_implicit_min_hop_001_mode02_p0.75A_implicit_min,15.638215065002441,61.587806701660156,359.37615966796875,-405.73306941986084,-1611.4663934707642,-1580.597730576992
survivor_1396_basin_1420_nma_bh_candidate_731_gencluster_731_conf_049995_implicit_min_hop_003_mode01_p1.35A_implicit_min,18.317806243896484,76.65948486328125,358.20196533203125,-598.027379989624,-1450.1079778671265,-1594.9558228254318
survivor_1397_basin_1421_candidate_2496_gencluster_479_conf_101723_implicit_min,18.082977294921875,72.73381805419922,353.7578430175781,-413.0108833312988,-1614.657485961914,-1583.0938389599323
survivor_1398_basin_1422_candidate_2459_gencluster_436_conf_162538_implicit_min,16.94532585144043,62.7835578918457,375.8194274902344,-604.5748157501221,-1423.326457977295,-1572.3529201447964
survivor_1399_basin_1423_explore_r03_hit_0041_conf_034284_implicit_min,19.65567970275879,77.57974243164062,374.7503356933594,-458.9987096786499,-1583.4470052719116,-1570.4601018428802
survivor_139_basin_142_candidate_2192_gencluster_095_conf_150847_implicit_min,17.848529815673828,69.64148712158203,371.4352111816406,-628.828218460083,-1420.2241497039795,-1590.1267054080963
survivor_1400_basin_1424_candidate_303_gencluster_303_conf_181678_implicit_min,20.85433578491211,95.67857360839844,364.7863464355469,-478.1694030761719,-1595.474455833435,-1592.324869185686
survivor_1401_basin_1425_explore_r05_hit_0028_conf_042320_implicit_min,19.81035041809082,78.96002197265625,370.486572265625,-586.5913414955139,-1485.7807092666626,-1603.1155474185944
survivor_1402_basin_1426_candidate_2608_gencluster_640_conf_150995_implicit_min,17.14499855041504,61.942283630371094,366.166015625,-532.1593265533447,-1494.2696990966797,-1581.1761438846588
survivor_1403_basin_1427_nma_bh_candidate_1744_gencluster_1744_conf_080354_implicit_min_hop_002_mode01_p0.75A_implicit_min,17.593446731567383,75.17567443847656,367.16552734375,-542.1570472717285,-1508.0990753173828,-1590.3221974372864
survivor_1404_basin_1428_nma_bh_candidate_2269_gencluster_189_conf_027155_implicit_min_hop_003_mode02_m0.75A_implicit_min,16.60839080810547,65.79744720458984,385.14276123046875,-474.7064208984375,-1562.484275817871,-1569.6423738151789
survivor_1405_basin_1429_explore_r01_hit_0030_conf_008845_implicit_min,20.954532623291016,87.43218994140625,396.3879089355469,-352.18196868896484,-1701.9170446395874,-1549.3238344192505
survivor_1406_basin_1430_candidate_1343_gencluster_1343_conf_107820_implicit_min,21.38858413696289,89.4398193359375,349.1510009765625,-495.2042655944824,-1532.035855293274,-1567.2606801986694
survivor_1407_basin_1431_explore_r03_hit_0075_conf_024583_implicit_min,19.061359405517578,74.20329284667969,367.8275146484375,-677.2757167816162,-1401.2187538146973,-1617.4019854068756
survivor_1408_basin_1432_candidate_2422_gencluster_384_conf_164423_implicit_min,19.985652923583984,88.46691131591797,364.2709655761719,-664.9864749908447,-1420.8262519836426,-1613.0898962020874
survivor_1409_basin_1433_candidate_1414_gencluster_1414_conf_114701_implicit_min,20.368392944335938,73.14167785644531,364.3863220214844,-849.244384765625,-1223.5007057189941,-1614.8491716384888
survivor_140_basin_143_nma_bh_candidate_323_gencluster_323_conf_140845_implicit_min_hop_003_mode02_m1.35A_implicit_min,18.27752113342285,78.54312896728516,375.38189697265625,-651.863823890686,-1407.0296239852905,-1586.6905292868614
survivor_1410_basin_1434_candidate_1934_gencluster_1934_conf_143876_implicit_min,16.84581756591797,66.12271118164062,370.7460632324219,-443.317195892334,-1596.577579498291,-1586.180087029934
survivor_1411_basin_1435_candidate_1224_gencluster_1224_conf_062801_implicit_min,20.364681243896484,78.88499450683594,386.67388916015625,-355.44877529144287,-1697.7135262489319,-1567.2383521199226
survivor_1412_basin_1436_candidate_1804_gencluster_1804_conf_084214_implicit_min,17.496532440185547,63.71443557739258,347.6607666015625,-432.354190826416,-1619.3035907745361,-1622.7858231067657
survivor_1413_basin_1438_nma_bh_candidate_1228_gencluster_1228_conf_073136_implicit_min_hop_000_mode01_p1.35A_implicit_min,17.67525863647461,69.79264831542969,360.6703186035156,-465.1913471221924,-1582.8694410324097,-1599.922155380249
survivor_1414_basin_1439_candidate_2601_gencluster_630_conf_130059_implicit_min,19.168235778808594,70.88102722167969,357.27984619140625,-382.3233757019043,-1658.0869250297546,-1593.0817717015743
survivor_1415_basin_1440_candidate_2336_gencluster_273_conf_054352_implicit_min,15.268549919128418,59.006431579589844,371.6947021484375,-428.8396301269531,-1602.9177975654602,-1585.7869756519794
survivor_1416_basin_1441_candidate_2655_gencluster_706_conf_185651_implicit_min,19.981210708618164,85.94518280029297,353.6006774902344,-580.6948757171631,-1464.9788703918457,-1586.1466605961323
survivor_1417_basin_1442_nma_bh_candidate_2457_gencluster_433_conf_149315_implicit_min_hop_002_mode02_m1.35A_implicit_min,17.288368225097656,72.38738250732422,368.9114685058594,-357.8482275009155,-1706.3728013038635,-1605.634158372879
survivor_1418_basin_1443_candidate_2558_gencluster_568_conf_132971_implicit_min,20.265775680541992,88.56918334960938,359.4346618652344,-447.7057113647461,-1641.3838200569153,-1620.8193289637566
survivor_1419_basin_1444_candidate_2193_gencluster_096_conf_115556_implicit_min,17.356840133666992,61.298011779785156,370.49066162109375,-506.2096633911133,-1544.3030767440796,-1601.3672446906567
survivor_141_basin_144_candidate_530_gencluster_530_conf_170713_implicit_min,18.139272689819336,70.45426940917969,370.8729248046875,-419.03132009506226,-1632.2600955963135,-1591.8242684602737
survivor_1420_basin_1445_explore_r05_hit_0019_conf_014878_implicit_min,18.246135711669922,91.576171875,374.08770751953125,-327.15517711639404,-1708.7801184654236,-1552.0252692252398
survivor_1421_basin_1446_candidate_2416_gencluster_378_conf_153860_implicit_min,18.5498104095459,64.43264770507812,357.98492431640625,-510.5284414291382,-1537.2102451324463,-1606.7710101604462
survivor_1422_basin_1447_candidate_2031_gencluster_2031_conf_032474_implicit_min,22.840330123901367,104.22979736328125,361.0554504394531,-465.5992088317871,-1575.385892868042,-1552.859168767929
survivor_1423_basin_1448_candidate_1928_gencluster_1928_conf_064283_implicit_min,16.348482131958008,66.17243957519531,374.63031005859375,-525.8904180526733,-1500.6663103103638,-1569.4047261178493
survivor_1424_basin_1449_candidate_1438_gencluster_1438_conf_177724_implicit_min,18.976917266845703,71.81977081298828,363.723388671875,-440.8214063644409,-1586.9801225662231,-1573.2818149030209
survivor_1425_basin_1450_nma_bh_candidate_1614_gencluster_1614_conf_058900_implicit_min_hop_002_mode02_p1.35A_implicit_min,16.399883270263672,74.58427429199219,378.37774658203125,-763.3238000869751,-1359.756356716156,-1653.7178676128387
survivor_1426_basin_1451_candidate_2552_gencluster_560_conf_124916_implicit_min,18.835224151611328,72.2941665649414,364.65362548828125,-419.10111904144287,-1621.1080656051636,-1584.425388097763
survivor_1427_basin_1452_nma_bh_candidate_794_gencluster_794_conf_015756_implicit_min_hop_001_mode02_p1.35A_implicit_min,18.254743576049805,83.01570129394531,361.48284912109375,-524.5077862739563,-1509.1745710372925,-1570.9291777610779
survivor_1428_basin_1453_nma_bh_candidate_720_gencluster_720_conf_069593_implicit_min_hop_001_mode01_m1.35A_implicit_min,16.567060470581055,59.12016296386719,365.0835876464844,-397.0697889328003,-1624.2389121055603,-1580.5389200598001
survivor_1429_basin_1454_candidate_2549_gencluster_556_conf_186197_implicit_min,16.528390884399414,64.41522216796875,367.2668151855469,-340.4036045074463,-1701.1866402626038,-1593.3797471523285
survivor_142_basin_145_nma_bh_candidate_1168_gencluster_1168_conf_154905_implicit_min_hop_000_mode02_m0.75A_implicit_min,16.692855834960938,68.88814544677734,365.5311279296875,-629.433084487915,-1447.6198348999023,-1625.9409205913544
survivor_1430_basin_1456_candidate_1818_gencluster_1818_conf_004937_implicit_min,17.505369186401367,65.82997131347656,366.89532470703125,-320.3270082473755,-1744.6432647705078,-1614.7395085394382
survivor_1431_basin_1457_candidate_186_gencluster_186_conf_018601_implicit_min,17.01889991760254,66.24319458007812,361.4784851074219,-395.09312915802,-1641.874270439148,-1592.2270838171244
survivor_1432_basin_1458_candidate_1480_gencluster_1480_conf_149343_implicit_min,18.236719131469727,70.41897583007812,366.674560546875,-533.3347415924072,-1523.2474927902222,-1601.2521563768387
survivor_1433_basin_1459_candidate_987_gencluster_987_conf_001895_implicit_min,18.283340454101562,72.23884582519531,364.12835693359375,-478.4090995788574,-1566.628252029419,-1590.3871857225895
survivor_1434_basin_1460_candidate_2402_gencluster_361_conf_150756_implicit_min,20.227510452270508,80.27996063232422,362.9310607910156,-521.4071025848389,-1559.2656087875366,-1617.2339638471603
survivor_1435_basin_1461_candidate_2852_gencluster_955_conf_158092_implicit_min,22.3890323638916,85.46542358398438,362.25360107421875,-469.7211380004883,-1591.0834412574768,-1590.6966359615326
survivor_1436_basin_1462_candidate_727_gencluster_727_conf_000767_implicit_min,19.878679275512695,76.95697021484375,376.9774475097656,-447.0139636993408,-1585.539849281311,-1558.7404280900955
survivor_1437_basin_1463_candidate_1833_gencluster_1833_conf_004385_implicit_min,15.985601425170898,56.584197998046875,383.5845947265625,-414.3127841949463,-1615.7914896011353,-1573.9501242041588
survivor_1438_basin_1464_nma_bh_candidate_2328_gencluster_260_conf_086582_implicit_min_hop_003_mode02_m1.35A_implicit_min,17.173341751098633,76.490234375,375.9675598144531,-604.9358410835266,-1481.3714599609375,-1616.6769267618656
survivor_1439_basin_1465_explore_r01_hit_0047_conf_032469_implicit_min,20.066965103149414,73.53390502929688,368.7419128417969,-397.25867462158203,-1657.7988576889038,-1592.714325428009
survivor_143_basin_146_nma_bh_candidate_366_gencluster_366_conf_085244_implicit_min_hop_001_mode02_p1.35A_implicit_min,20.117876052856445,87.46463775634766,370.1990661621094,-603.8226442337036,-1431.6543884277344,-1557.6951351165771
survivor_1440_basin_1466_candidate_1595_gencluster_1595_conf_028097_implicit_min,17.356401443481445,65.1092529296875,365.15203857421875,-583.5411605834961,-1515.8420906066895,-1651.7655839920044
survivor_1441_basin_1467_candidate_971_gencluster_971_conf_022416_implicit_min,17.62049102783203,62.18391036987305,355.77667236328125,-208.58146476745605,-1850.2175078392029,-1623.2181259393692
survivor_1442_basin_1468_candidate_1914_gencluster_1914_conf_189127_implicit_min,16.972585678100586,65.41917419433594,364.2591247558594,-409.600998878479,-1614.4680724143982,-1577.4184336662292
survivor_1443_basin_1469_nma_bh_candidate_1168_gencluster_1168_conf_154905_implicit_min_hop_002_mode01_m0.75A_implicit_min,17.82564353942871,72.21743774414062,374.8310241699219,-501.02777099609375,-1571.3694610595703,-1607.5240533351898
survivor_1444_basin_1470_candidate_2220_gencluster_133_conf_109959_implicit_min,15.917045593261719,54.83335876464844,383.26324462890625,-437.3322925567627,-1590.3926801681519,-1573.7103777378798
survivor_1445_basin_1471_candidate_977_gencluster_977_conf_177743_implicit_min,18.386398315429688,81.49488067626953,367.978515625,-452.00954246520996,-1608.2779846191406,-1592.4277702569962
survivor_1446_basin_1472_candidate_2339_gencluster_276_conf_175202_implicit_min,20.784996032714844,71.144287109375,355.18804931640625,-723.4562835693359,-1337.0109748840332,-1613.3504104614258
survivor_1447_basin_1473_candidate_2280_gencluster_200_conf_094414_implicit_min,18.75951385498047,66.80488586425781,381.6661376953125,-699.1076030731201,-1412.5190963745117,-1644.3964378237724
survivor_1448_basin_1474_candidate_1087_gencluster_1087_conf_078337_implicit_min,17.091175079345703,62.80588912963867,400.9605407714844,-692.5724153518677,-1403.4313535690308,-1615.1463891863823
survivor_1449_basin_1475_candidate_2281_gencluster_201_conf_155743_implicit_min,17.676050186157227,68.86029052734375,384.1443786621094,-530.000883102417,-1527.8465023040771,-1587.167264699936
survivor_144_basin_147_candidate_110_gencluster_110_conf_007194_implicit_min,18.704444885253906,76.10332489013672,367.4405517578125,-527.8765258789062,-1503.7250061035156,-1569.3531057834625
survivor_1450_basin_1476_explore_r02_hit_0089_conf_016568_implicit_min,17.555959701538086,66.53627014160156,371.6343078613281,-887.574857711792,-1222.1639080047607,-1654.012589752674
survivor_1451_basin_1477_candidate_2689_gencluster_758_conf_106904_implicit_min,16.67225456237793,64.84620666503906,354.745849609375,-450.78085231781006,-1595.1654090881348,-1609.6817827224731
survivor_1452_basin_1478_candidate_1454_gencluster_1454_conf_015629_implicit_min,22.037609100341797,101.19561004638672,405.65869140625,-561.4320030212402,-1485.1764545440674,-1517.716899126768
survivor_1453_basin_1479_candidate_1664_gencluster_1664_conf_062700_implicit_min,16.33203125,64.53748321533203,376.0691223144531,-678.2077770233154,-1350.8570728302002,-1572.126045703888
survivor_1454_basin_1480_nma_bh_candidate_1143_gencluster_1143_conf_019885_implicit_min_hop_003_mode02_p0.75A_implicit_min,20.04804801940918,74.69185638427734,377.7369079589844,-534.657130241394,-1491.5438508987427,-1553.7240800857544
survivor_1455_basin_1481_nma_bh_candidate_2328_gencluster_260_conf_086582_implicit_min_hop_002_mode02_p1.35A_implicit_min,17.697057723999023,78.47567749023438,369.39776611328125,-628.00989818573,-1484.9982886314392,-1647.4380437284708
survivor_1456_basin_1482_nma_bh_candidate_181_gencluster_181_conf_004749_implicit_min_hop_001_mode02_m0.75A_implicit_min,16.434545516967773,62.71246337890625,348.199462890625,-477.11957263946533,-1559.6843528747559,-1609.4570977389812
survivor_1457_basin_1483_candidate_2354_gencluster_292_conf_053644_implicit_min,17.783964157104492,70.810302734375,392.8062744140625,-301.4721050262451,-1743.4886445999146,-1563.5603148043156
survivor_1458_basin_1484_nma_bh_candidate_1632_gencluster_1632_conf_108386_implicit_min_hop_003_mode01_m1.35A_implicit_min,21.55462074279785,89.52182006835938,358.1072998046875,-535.2864451408386,-1516.5438823699951,-1582.6466088294983
survivor_1459_basin_1485_candidate_163_gencluster_163_conf_097427_implicit_min,19.814678192138672,77.5380859375,373.28546142578125,-454.67432022094727,-1585.717679977417,-1569.7538341879845
survivor_145_basin_148_nma_bh_candidate_1143_gencluster_1143_conf_019885_implicit_min_hop_003_mode02_p1.35A_implicit_min,17.89628791809082,71.0498275756836,374.961669921875,-541.3848257064819,-1492.7983355522156,-1570.2760362625122
survivor_1460_basin_1486_nma_bh_candidate_1744_gencluster_1744_conf_080354_implicit_min_hop_003_mode01_p0.75A_implicit_min,17.278135299682617,71.69416809082031,358.70123291015625,-551.6389713287354,-1494.0929164886475,-1598.0583539009094
survivor_1461_basin_1487_candidate_1309_gencluster_1309_conf_152018_implicit_min,20.94698143005371,90.86663818359375,374.0648498535156,-601.8227624893188,-1463.5084600448608,-1579.4522596597672
survivor_1462_basin_1488_candidate_1400_gencluster_1400_conf_037037_implicit_min,18.204750061035156,61.0777702331543,355.2452392578125,-399.2620029449463,-1625.1815490722656,-1589.9162425398827
survivor_1463_basin_1489_nma_bh_candidate_1266_gencluster_1266_conf_074504_implicit_min_hop_002_mode02_m1.35A_implicit_min,17.204421997070312,73.52945709228516,385.007080078125,-673.9920635223389,-1400.7301959991455,-1598.980847299099
survivor_1464_basin_1490_candidate_2999_gencluster_1135_conf_091552_implicit_min,19.566308975219727,77.53396606445312,346.189697265625,-386.6847286224365,-1643.027250289917,-1586.4215127825737
survivor_1465_basin_1491_explore_r02_hit_0050_conf_029702_implicit_min,21.88145637512207,95.20484924316406,370.2381591796875,-319.4123649597168,-1708.6559438705444,-1540.7444660663605
survivor_1466_basin_1492_candidate_2818_gencluster_911_conf_137899_implicit_min,18.169252395629883,74.46104431152344,377.4070739746094,-438.91192531585693,-1636.7436051368713,-1605.6175782680511
survivor_1467_basin_1493_explore_r03_hit_0014_conf_015437_implicit_min,19.18843650817871,71.57083129882812,361.5541076660156,-701.9409999847412,-1388.5730800628662,-1638.2010614871979
survivor_1468_basin_1494_nma_bh_candidate_366_gencluster_366_conf_085244_implicit_min_hop_003_mode01_p0.75A_implicit_min,15.74366569519043,63.61127853393555,366.42486572265625,-659.4441728591919,-1380.6936740875244,-1594.357632637024
survivor_1469_basin_1495_candidate_1075_gencluster_1075_conf_104629_implicit_min,19.386259078979492,80.04969787597656,354.88531494140625,-393.26498794555664,-1667.2543954849243,-1606.1985141038895
survivor_146_basin_149_nma_bh_candidate_484_gencluster_484_conf_150688_implicit_min_hop_000_mode02_p0.75A_implicit_min,20.26898956298828,87.43891906738281,371.0786437988281,-577.1433172225952,-1492.7881698608398,-1591.1449827551842
survivor_1470_basin_1496_candidate_1293_gencluster_1293_conf_000880_implicit_min,17.343069076538086,59.95094299316406,367.081787109375,-585.3951625823975,-1464.5032444000244,-1605.5222008228302
survivor_1471_basin_1497_nma_bh_candidate_2663_gencluster_717_conf_014249_implicit_min_hop_002_mode02_p0.75A_implicit_min,18.876331329345703,71.38604736328125,382.0062255859375,-454.9175691604614,-1631.154209136963,-1613.8028230667114
survivor_1472_basin_1498_candidate_1710_gencluster_1710_conf_079428_implicit_min,18.66550064086914,66.9360580444336,357.6545104980469,-285.78603315353394,-1752.916724205017,-1595.4469802230597
survivor_1473_basin_1499_candidate_974_gencluster_974_conf_023798_implicit_min,21.31707763671875,80.88259887695312,370.45806884765625,-388.5420331954956,-1626.4057779312134,-1542.2904628515244
survivor_1474_basin_1500_candidate_2636_gencluster_683_conf_017551_implicit_min,16.705692291259766,61.913970947265625,367.6721496582031,-514.5834259986877,-1539.5078926086426,-1607.7993067502975
survivor_1475_basin_1501_nma_bh_candidate_484_gencluster_484_conf_150688_implicit_min_hop_001_mode02_m0.75A_implicit_min,19.548032760620117,90.95106506347656,356.48828125,-636.240701675415,-1420.8478412628174,-1590.101507127285
survivor_1476_basin_1502_nma_bh_candidate_2663_gencluster_717_conf_014249_implicit_min_hop_001_mode01_m1.35A_implicit_min,19.69906234741211,83.86846923828125,367.2821960449219,-447.12488317489624,-1639.3313751220703,-1615.6069078445435
survivor_1477_basin_1503_candidate_2417_gencluster_379_conf_159664_implicit_min,16.72250747680664,56.032196044921875,366.78924560546875,-455.9649467468262,-1580.1729636192322,-1596.5935314446688
survivor_1478_basin_1504_candidate_2222_gencluster_135_conf_051390_implicit_min,19.124460220336914,76.36263275146484,367.1521301269531,-678.0701808929443,-1391.6549263000488,-1607.0860991477966
survivor_1479_basin_1505_candidate_1577_gencluster_1577_conf_069046_implicit_min,17.215211868286133,67.34261322021484,377.94976806640625,-403.1864347457886,-1620.9486436843872,-1561.6281175613403
survivor_147_basin_150_nma_bh_candidate_2663_gencluster_717_conf_014249_implicit_min_hop_001_mode02_p0.75A_implicit_min,19.147205352783203,76.44392395019531,352.4006652832031,-440.8623523712158,-1625.8137683868408,-1618.6848015785217
survivor_1480_basin_1506_candidate_1049_gencluster_1049_conf_073279_implicit_min,17.216447830200195,65.7003173828125,385.9322509765625,-588.8275890350342,-1485.2139263153076,-1605.1927680969238
survivor_1481_basin_1507_candidate_1424_gencluster_1424_conf_126567_implicit_min,15.56917953491211,58.88844299316406,380.016845703125,-233.05993461608887,-1792.2246570587158,-1570.809783577919
survivor_1482_basin_1508_candidate_445_gencluster_445_conf_060269_implicit_min,16.84387969970703,65.05915832519531,365.92547607421875,-416.550087928772,-1646.0327668190002,-1614.7544544041157
survivor_1483_basin_1509_candidate_973_gencluster_973_conf_156883_implicit_min,16.493797302246094,75.29847717285156,371.9234313964844,-641.380133152008,-1437.6109700202942,-1615.2750359475613
survivor_1484_basin_1510_nma_bh_candidate_2863_gencluster_967_conf_115824_implicit_min_hop_001_mode01_m0.75A_implicit_min,17.359224319458008,64.4554214477539,362.46209716796875,-453.34170293807983,-1587.831434249878,-1596.896992713213
survivor_1485_basin_1511_candidate_773_gencluster_773_conf_003853_implicit_min,15.598865509033203,57.14334487915039,354.9436950683594,-377.66132831573486,-1635.73148727417,-1585.7069798111916
survivor_1486_basin_1512_nma_bh_candidate_2457_gencluster_433_conf_149315_implicit_min_hop_001_mode02_p0.75A_implicit_min,17.241958618164062,77.40132904052734,374.8589782714844,-622.7239046096802,-1457.67262840271,-1610.8949230909348
survivor_1487_basin_1513_nma_bh_candidate_1614_gencluster_1614_conf_058900_implicit_min_hop_000_mode01_m1.35A_implicit_min,18.68083381652832,91.33396911621094,390.5966796875,-574.7327752113342,-1494.6027736663818,-1568.7237664461136
survivor_1488_basin_1514_nma_bh_candidate_1614_gencluster_1614_conf_058900_implicit_min_hop_001_mode02_p0.75A_implicit_min,18.14423179626465,86.35712432861328,375.05322265625,-567.5011086463928,-1535.4765915870667,-1623.4228740930557
survivor_1489_basin_1515_nma_bh_candidate_1888_gencluster_1888_conf_021802_implicit_min_hop_003_mode02_p1.35A_implicit_min,15.579309463500977,62.970191955566406,366.1047668457031,-398.67835426330566,-1619.5199937820435,-1573.5438447892666
survivor_148_basin_151_explore_r01_hit_0022_conf_006026_implicit_min,18.744951248168945,75.90449523925781,389.296630859375,-734.1019992828369,-1350.9142093658447,-1601.0699515342712
survivor_1490_basin_1516_candidate_1620_gencluster_1620_conf_099478_implicit_min,18.628173828125,71.73287963867188,371.2196350097656,-136.93087577819824,-1884.1822056770325,-1559.5324085354805
survivor_1491_basin_1517_nma_bh_candidate_2126_gencluster_018_conf_131165_implicit_min_hop_003_mode01_p1.35A_implicit_min,19.45708656311035,79.36898040771484,341.4975891113281,-512.2420296669006,-1529.5827403068542,-1601.500661879778
survivor_1492_basin_1518_nma_bh_candidate_1168_gencluster_1168_conf_154905_implicit_min_hop_000_mode01_p1.35A_implicit_min,16.79373550415039,68.90259552001953,376.54931640625,-604.3381500244141,-1472.7443799972534,-1614.8374049663544
survivor_1493_basin_1519_nma_bh_candidate_1822_gencluster_1822_conf_005041_implicit_min_hop_001_mode02_p0.75A_implicit_min,16.845970153808594,60.33161926269531,358.1036376953125,-469.2053232192993,-1566.3120470046997,-1600.2369434535503
survivor_1494_basin_1520_candidate_006_gencluster_006_conf_090550_implicit_min,16.171337127685547,58.39571762084961,349.5672607421875,-378.2516083717346,-1623.9143862724304,-1578.032261788845
survivor_1495_basin_1521_candidate_1141_gencluster_1141_conf_002391_implicit_min,18.504344940185547,69.22731018066406,357.0953674316406,-456.6899309158325,-1566.9708271026611,-1578.8333640098572
survivor_1496_basin_1522_nma_bh_candidate_2167_gencluster_066_conf_172158_implicit_min_hop_003_mode01_p0.75A_implicit_min,17.73046875,64.90493774414062,360.163818359375,-498.563289642334,-1527.5527801513672,-1583.3167316317558
survivor_1497_basin_1523_nma_bh_candidate_1306_gencluster_1306_conf_001572_implicit_min_hop_002_mode02_m1.35A_implicit_min,19.691633224487305,74.9217529296875,370.00848388671875,-514.9985485076904,-1553.688603401184,-1604.0650531053543
survivor_1498_basin_1524_candidate_1925_gencluster_1925_conf_059785_implicit_min,20.22205924987793,83.20237731933594,405.78546142578125,-493.74342155456543,-1552.8330917358398,-1537.366857111454
survivor_1499_basin_1525_nma_bh_candidate_2683_gencluster_750_conf_033714_implicit_min_hop_000_mode02_m0.75A_implicit_min,17.426488876342773,69.28627014160156,363.7794494628906,-444.50776958465576,-1576.9380226135254,-1570.9531397521496
survivor_149_basin_152_nma_bh_candidate_2233_gencluster_148_conf_073474_implicit_min_hop_001_mode02_m0.75A_implicit_min,19.045135498046875,73.24176788330078,347.7294006347656,-719.1003093719482,-1324.4976959228516,-1603.581314086914
survivor_1500_basin_1526_candidate_1837_gencluster_1837_conf_004851_implicit_min,20.105026245117188,80.96844482421875,357.8265380859375,-426.682888507843,-1634.9371078014374,-1602.7204239964485
survivor_1501_basin_1527_nma_bh_candidate_2136_gencluster_029_conf_073146_implicit_min_hop_000_mode01_p1.35A_implicit_min,18.585264205932617,77.27182006835938,363.57763671875,-558.7586011886597,-1527.3871693611145,-1626.7116163522005
survivor_1502_basin_1528_candidate_2034_gencluster_2034_conf_103647_implicit_min,18.068937301635742,64.89230346679688,362.54815673828125,-245.7245979309082,-1780.814609527588,-1581.0302075743675
survivor_1503_basin_1529_candidate_032_gencluster_032_conf_021094_implicit_min,17.046348571777344,67.27821350097656,381.5152587890625,-561.0599670410156,-1491.1862215995789,-1586.406352519989
survivor_1504_basin_1530_nma_bh_candidate_2420_gencluster_382_conf_082252_implicit_min_hop_000_mode02_m1.35A_implicit_min,20.07192611694336,87.48019409179688,353.53460693359375,-409.78423404693604,-1627.8431987762451,-1576.5398647785187
survivor_1505_basin_1531_candidate_535_gencluster_535_conf_002968_implicit_min,18.2882080078125,68.30757141113281,357.60784912109375,-513.9905071258545,-1555.4370460510254,-1625.2242886424065
survivor_1506_basin_1532_candidate_015_gencluster_015_conf_045381_implicit_min,21.91490936279297,79.29006958007812,358.426513671875,-598.3788642883301,-1446.3509979248047,-1585.0982891321182
survivor_1507_basin_1533_candidate_1474_gencluster_1474_conf_032248_implicit_min,18.754356384277344,65.03062438964844,363.1361389160156,-370.3347625732422,-1670.4412031173706,-1593.8551664948463
survivor_1508_basin_1534_candidate_1365_gencluster_1365_conf_003507_implicit_min,18.757356643676758,84.98040771484375,366.51611328125,-643.5516414642334,-1502.2280187606812,-1675.526049733162
survivor_1509_basin_1535_candidate_991_gencluster_991_conf_011236_implicit_min,17.089508056640625,67.53860473632812,376.1486511230469,-651.4892520904541,-1407.1725316047668,-1597.8852895498276
survivor_150_basin_153_explore_r01_hit_0004_conf_004002_implicit_min,21.089889526367188,93.34780883789062,364.9261169433594,-340.04907989501953,-1724.6520957946777,-1585.3375339508057
survivor_1510_basin_1536_candidate_2828_gencluster_923_conf_092122_implicit_min,16.572772979736328,61.6680908203125,366.9560546875,-597.4888348579407,-1430.4071168899536,-1582.6995027661324
survivor_1511_basin_1537_explore_r04_hit_0062_conf_039995_implicit_min,17.681039810180664,73.9391098022461,355.9274597167969,-252.24165534973145,-1803.3608074188232,-1608.055643081665
survivor_1512_basin_1538_candidate_133_gencluster_133_conf_002547_implicit_min,16.339582443237305,56.286590576171875,374.81829833984375,-419.54353284835815,-1607.2202258110046,-1579.319386973977
survivor_1513_basin_1539_nma_bh_candidate_706_gencluster_706_conf_010197_implicit_min_hop_001_mode01_m0.75A_implicit_min,20.039690017700195,87.10443878173828,376.62603759765625,-777.9901027679443,-1303.0189113616943,-1597.2389669418335
survivor_1514_basin_1540_nma_bh_candidate_657_gencluster_657_conf_033799_implicit_min_hop_002_mode01_p0.75A_implicit_min,18.942094802856445,89.40129089355469,393.59918212890625,-638.7298665046692,-1405.826169013977,-1542.6130138635635
survivor_1515_basin_1541_nma_bh_candidate_896_gencluster_896_conf_007510_implicit_min_hop_003_mode01_m1.35A_implicit_min,18.20888900756836,70.45028686523438,377.61273193359375,-538.6755485534668,-1495.1828689575195,-1567.5868040323257
survivor_1516_basin_1542_candidate_141_gencluster_141_conf_041284_implicit_min,17.991811752319336,66.15721893310547,353.8197326660156,-418.5667314529419,-1615.1046810150146,-1595.7030687332153
survivor_1517_basin_1543_candidate_1490_gencluster_1490_conf_009918_implicit_min,19.344158172607422,69.38676452636719,370.96875,-356.2709527015686,-1673.7383460998535,-1570.309569388628
survivor_1518_basin_1544_explore_r03_hit_0058_conf_036317_implicit_min,22.60402488708496,90.45425415039062,365.15045166015625,-523.5363540649414,-1553.5395431518555,-1598.8669443130493
survivor_1519_basin_1545_explore_r04_hit_0002_conf_000000_implicit_min,19.631628036499023,75.67192077636719,358.8029479980469,-714.724687576294,-1354.0493335723877,-1614.6674857139587
survivor_151_basin_154_nma_bh_candidate_982_gencluster_982_conf_053435_implicit_min_hop_001_mode01_p0.75A_implicit_min,19.162403106689453,69.83799743652344,350.9192810058594,-533.0100193023682,-1515.8741455078125,-1608.9641298055649
survivor_1520_basin_1546_candidate_1542_gencluster_1542_conf_119040_implicit_min,15.648305892944336,56.73078918457031,376.9609680175781,-513.407133102417,-1530.4532680511475,-1594.5196925401688
survivor_1521_basin_1547_candidate_2181_gencluster_084_conf_093584_implicit_min,17.758342742919922,67.29108428955078,364.1701965332031,-476.67133617401123,-1571.9343605041504,-1599.385977178812
survivor_1522_basin_1548_nma_bh_candidate_2136_gencluster_029_conf_073146_implicit_min_hop_000_mode02_m0.75A_implicit_min,19.931100845336914,79.41442108154297,364.2320556640625,-597.3237800598145,-1482.1867609024048,-1615.932644188404
survivor_1523_basin_1549_nma_bh_candidate_583_gencluster_583_conf_027260_implicit_min_hop_001_mode01_m0.75A_implicit_min,17.716567993164062,71.16407775878906,386.4851989746094,-556.9887580871582,-1495.1847982406616,-1576.807810664177
survivor_1524_basin_1550_nma_bh_candidate_1306_gencluster_1306_conf_001572_implicit_min_hop_000_mode02_m0.75A_implicit_min,17.429946899414062,66.60636138916016,353.61444091796875,-538.3488607406616,-1518.9187545776367,-1619.6168378591537
survivor_1525_basin_1551_candidate_2969_gencluster_1104_conf_176365_implicit_min,18.769187927246094,67.52629089355469,356.0835876464844,-694.7155628204346,-1339.901831626892,-1592.238607764244
survivor_1526_basin_1552_nma_bh_candidate_2328_gencluster_260_conf_086582_implicit_min_hop_001_mode01_m0.75A_implicit_min,17.932443618774414,80.92427825927734,380.5895690917969,-690.5883841514587,-1408.6599645614624,-1619.802582502365
survivor_1527_basin_1553_nma_bh_candidate_1614_gencluster_1614_conf_058900_implicit_min_hop_001_mode02_m0.75A_implicit_min,18.205835342407227,86.46928405761719,378.7791442871094,-536.358913898468,-1549.1725640296936,-1602.0770366191864
survivor_1528_basin_1554_explore_r03_hit_0049_conf_045504_implicit_min,19.133996963500977,72.77409362792969,361.3935852050781,-284.51464080810547,-1761.668677330017,-1592.881703734398
survivor_1529_basin_1555_candidate_1715_gencluster_1715_conf_110558_implicit_min,16.38568878173828,62.41387939453125,381.49591064453125,-524.3139448165894,-1515.7397785186768,-1579.7582277059555
survivor_152_basin_155_nma_bh_candidate_249_gencluster_249_conf_007818_implicit_min_hop_001_mode01_p1.35A_implicit_min,18.15574073791504,74.84370422363281,357.28045654296875,-409.37048292160034,-1617.3307194709778,-1576.4213778972626
survivor_1530_basin_1556_candidate_1166_gencluster_1166_conf_012181_implicit_min,18.999324798583984,73.24485778808594,374.5518798828125,-548.6954202651978,-1503.7861003875732,-1585.6843193769455
survivor_1531_basin_1557_candidate_2135_gencluster_028_conf_004588_implicit_min,17.297916412353516,70.18679809570312,369.025634765625,-563.9594602584839,-1515.2371344566345,-1622.6856653392315
survivor_1532_basin_1558_nma_bh_candidate_982_gencluster_982_conf_053435_implicit_min_hop_000_mode02_p0.75A_implicit_min,18.25581932067871,72.21803283691406,395.4093933105469,-420.1366820335388,-1620.3285887241364,-1554.5820932388306
survivor_1533_basin_1559_candidate_2426_gencluster_388_conf_184343_implicit_min,17.933589935302734,63.145851135253906,364.71649169921875,-446.56860065460205,-1580.6001834869385,-1581.3732427954674
survivor_1534_basin_1560_candidate_2259_gencluster_179_conf_063746_implicit_min,20.126567840576172,83.18692016601562,353.7880859375,-486.7769889831543,-1543.655644416809,-1573.3309512138367
survivor_1535_basin_1561_candidate_1243_gencluster_1243_conf_002049_implicit_min,19.584075927734375,84.98949432373047,360.776123046875,-398.94124031066895,-1669.060806274414,-1602.6525130271912
survivor_1536_basin_1562_candidate_2534_gencluster_532_conf_029146_implicit_min,19.578636169433594,76.759033203125,348.8533935546875,-442.13616037368774,-1589.7979941368103,-1586.7433896958828
survivor_1537_basin_1563_candidate_1733_gencluster_1733_conf_022251_implicit_min,16.26994514465332,60.171119689941406,366.79290771484375,-588.9812307357788,-1445.9877882003784,-1591.735611408949
survivor_1538_basin_1564_candidate_735_gencluster_735_conf_020514_implicit_min,18.293453216552734,67.25349426269531,371.26922607421875,-516.1271800994873,-1548.267469882965,-1607.5774483978748
survivor_1539_basin_1565_candidate_242_gencluster_242_conf_013108_implicit_min,17.771343231201172,68.45523834228516,375.19610595703125,-347.86040687561035,-1669.1651258468628,-1555.603048503399
survivor_153_basin_156_candidate_1501_gencluster_1501_conf_066825_implicit_min,16.51708221435547,62.08763885498047,358.46185302734375,-305.5894298553467,-1706.9222478866577,-1575.445707038045
survivor_1540_basin_1566_explore_r05_hit_0005_conf_043037_implicit_min,19.81149673461914,83.27291870117188,373.6518249511719,-592.5188641548157,-1528.0728154182434,-1643.854965686798
survivor_1541_basin_1567_explore_r01_hit_0059_conf_019903_implicit_min,17.187580108642578,64.00459289550781,361.54461669921875,-126.09675979614258,-1902.2639212608337,-1585.6243837326765
survivor_1542_basin_1568_nma_bh_candidate_1714_gencluster_1714_conf_011260_implicit_min_hop_000_mode01_m1.35A_implicit_min,16.995864868164062,66.79904174804688,376.05682373046875,-659.5586633682251,-1431.2855625152588,-1630.9922876358032
survivor_1543_basin_1569_candidate_2787_gencluster_878_conf_086595_implicit_min,19.97331428527832,90.79066467285156,364.7952880859375,-522.1660327911377,-1533.8486108779907,-1580.4564414322376
survivor_1544_basin_1570_candidate_1829_gencluster_1829_conf_084300_implicit_min,16.346229553222656,69.36373138427734,373.812744140625,-406.57870292663574,-1658.4307947158813,-1605.4867858886719
survivor_1545_basin_1571_candidate_1211_gencluster_1211_conf_042115_implicit_min,21.115095138549805,71.74520874023438,354.4327392578125,-558.1112298965454,-1509.3528718948364,-1620.1710037589073
survivor_1546_basin_1572_candidate_943_gencluster_943_conf_025115_implicit_min,17.406719207763672,71.37734985351562,389.80877685546875,-504.73839473724365,-1554.5912318229675,-1580.7369608283043
survivor_1547_basin_1573_candidate_2916_gencluster_1031_conf_153113_implicit_min,17.07816505432129,64.33657836914062,366.68402099609375,-485.22357654571533,-1573.8695659637451,-1610.9940447807312
survivor_1548_basin_1574_nma_bh_candidate_982_gencluster_982_conf_053435_implicit_min_hop_002_mode01_p0.75A_implicit_min,19.059051513671875,71.33519744873047,370.1173095703125,-416.3009853363037,-1585.8786273002625,-1541.6673464477062
survivor_1549_basin_1575_nma_bh_candidate_1088_gencluster_1088_conf_064565_implicit_min_hop_001_mode02_m0.75A_implicit_min,16.128942489624023,57.22883987426758,377.9438171386719,-473.8234968185425,-1561.1552152633667,-1583.675916314125
survivor_154_basin_157_nma_bh_candidate_2517_gencluster_509_conf_118702_implicit_min_hop_001_mode01_p0.75A_implicit_min,22.60976791381836,91.3719482421875,361.90069580078125,-682.799654006958,-1375.1871042251587,-1582.10403265059
survivor_1550_basin_1576_nma_bh_candidate_2779_gencluster_868_conf_171044_implicit_min_hop_002_mode02_m0.75A_implicit_min,17.335596084594727,78.21681213378906,362.16021728515625,-380.49721813201904,-1681.341794013977,-1604.12592959404
survivor_1551_basin_1577_candidate_812_gencluster_812_conf_036050_implicit_min,16.31326675415039,63.85259246826172,375.603515625,-400.7544059753418,-1652.497353553772,-1597.482383131981
survivor_1552_basin_1578_candidate_880_gencluster_880_conf_086483_implicit_min,18.15981674194336,71.39637756347656,380.34979248046875,-703.6290702819824,-1359.6057682037354,-1593.329271554947
survivor_1553_basin_1579_candidate_2196_gencluster_099_conf_127201_implicit_min,16.29759979248047,60.037879943847656,379.0127258300781,-391.17205572128296,-1635.719494342804,-1571.5440588593483
survivor_1554_basin_1580_candidate_2540_gencluster_540_conf_035198_implicit_min,17.943044662475586,62.988037109375,375.7725524902344,-187.34908819198608,-1844.9771475791931,-1575.6232656240463
survivor_1555_basin_1581_explore_r02_hit_0067_conf_047545_implicit_min,17.951148986816406,66.65495300292969,383.22613525390625,-295.90825271606445,-1752.9622313976288,-1581.037635833025
survivor_1556_basin_1582_nma_bh_candidate_2923_gencluster_1040_conf_172799_implicit_min_hop_000_mode01_m1.35A_implicit_min,18.929224014282227,79.47706604003906,370.887939453125,-427.66064262390137,-1645.2144660949707,-1603.581239759922
survivor_1557_basin_1583_candidate_2141_gencluster_036_conf_066359_implicit_min,18.807456970214844,76.28572845458984,352.8769226074219,-558.0283102989197,-1487.4607739448547,-1597.5183901041746
survivor_1558_basin_1584_explore_r03_hit_0034_conf_049672_implicit_min,20.30667495727539,71.68072509765625,361.4285888671875,-526.613203048706,-1538.0578241348267,-1611.2551774978638
survivor_1559_basin_1585_candidate_471_gencluster_471_conf_051326_implicit_min,18.992483139038086,76.29085540771484,375.6867980957031,-368.056517124176,-1655.7920322418213,-1552.8779981136322
survivor_155_basin_158_nma_bh_candidate_858_gencluster_858_conf_004120_implicit_min_hop_002_mode02_p0.75A_implicit_min,17.998340606689453,76.96407318115234,383.46356201171875,-719.6729879379272,-1348.2224378585815,-1589.4696862697601
survivor_1560_basin_1586_nma_bh_candidate_807_gencluster_807_conf_049347_implicit_min_hop_002_mode01_m1.35A_implicit_min,16.993600845336914,75.64462280273438,371.1678771972656,-581.5251560211182,-1449.708568572998,-1567.427550315857
survivor_1561_basin_1587_candidate_2049_gencluster_2049_conf_003078_implicit_min,16.23956298828125,60.358734130859375,375.9389953613281,-385.79581785202026,-1640.3245205879211,-1573.583242058754
survivor_1562_basin_1588_nma_bh_candidate_375_gencluster_375_conf_010225_implicit_min_hop_000_mode02_m1.35A_implicit_min,15.206494331359863,60.87409210205078,385.18792724609375,-562.3847045898438,-1534.7641463279724,-1635.8805330991745
survivor_1563_basin_1589_candidate_1479_gencluster_1479_conf_111444_implicit_min,18.75912094116211,73.91069030761719,372.93560791015625,-449.88182735443115,-1600.2421293258667,-1584.5183059573174
survivor_1564_basin_1590_nma_bh_candidate_1138_gencluster_1138_conf_004095_implicit_min_hop_001_mode01_p1.35A_implicit_min,21.444520950317383,81.23654174804688,351.6441955566406,-500.48012351989746,-1552.5187187194824,-1598.672919511795
survivor_1565_basin_1591_candidate_1415_gencluster_1415_conf_007299_implicit_min,18.908857345581055,66.2713623046875,384.69537353515625,-490.8986134529114,-1564.3215899467468,-1585.3436886519194
survivor_1566_basin_1592_nma_bh_candidate_1714_gencluster_1714_conf_011260_implicit_min_hop_003_mode01_p0.75A_implicit_min,19.051937103271484,75.798828125,373.7395324707031,-532.6874446868896,-1553.6121754646301,-1617.709148824215
survivor_1567_basin_1593_nma_bh_candidate_2684_gencluster_753_conf_185631_implicit_min_hop_001_mode01_m0.75A_implicit_min,19.900291442871094,81.31871032714844,357.52679443359375,-438.8698081970215,-1635.2471160888672,-1615.3709527552128
survivor_1568_basin_1594_candidate_1431_gencluster_1431_conf_013699_implicit_min,19.75782585144043,78.15520477294922,349.95556640625,-350.18186235427856,-1677.1134748458862,-1579.4267072677612
survivor_1569_basin_1595_nma_bh_candidate_2879_gencluster_988_conf_169931_implicit_min_hop_000_mode02_p1.35A_implicit_min,17.656660079956055,71.93122100830078,390.3226318359375,-530.6974773406982,-1546.3452248573303,-1597.1320668458939
survivor_156_basin_159_nma_bh_candidate_2293_gencluster_217_conf_180539_implicit_min_hop_001_mode01_m0.75A_implicit_min,16.970497131347656,56.79391098022461,359.1739196777344,-372.1425313949585,-1657.119668006897,-1596.3241125941277
survivor_1570_basin_1596_nma_bh_candidate_926_gencluster_926_conf_015915_implicit_min_hop_002_mode01_p0.75A_implicit_min,21.70498275756836,96.20230102539062,389.55548095703125,-694.0315551757812,-1360.7448177337646,-1547.3135949969292
survivor_1571_basin_1597_nma_bh_candidate_2779_gencluster_868_conf_171044_implicit_min_hop_000_mode02_p0.75A_implicit_min,19.029056549072266,71.24806213378906,378.5596923828125,-363.73247718811035,-1694.237563610077,-1589.133742928505
survivor_1572_basin_1598_nma_bh_candidate_2792_gencluster_884_conf_057741_implicit_min_hop_002_mode01_p0.75A_implicit_min,17.99278450012207,73.7684097290039,367.31719970703125,-618.873363494873,-1444.6601943969727,-1604.4547770023346
survivor_1573_basin_1599_nma_bh_candidate_1005_gencluster_1005_conf_032431_implicit_min_hop_003_mode02_p1.35A_implicit_min,16.84271812438965,62.48424530029297,362.8316345214844,-318.51411533355713,-1723.2775206565857,-1599.6330327689648
survivor_1574_basin_1600_nma_bh_candidate_2420_gencluster_382_conf_082252_implicit_min_hop_001_mode01_p0.75A_implicit_min,21.522266387939453,88.63140869140625,359.9129333496094,-514.5286407470703,-1554.0893774032593,-1598.5509152412415
survivor_1575_basin_1602_candidate_1184_gencluster_1184_conf_055447_implicit_min,22.066940307617188,72.83763122558594,352.478759765625,-470.59150314331055,-1567.2371072769165,-1590.4455399811268
survivor_1576_basin_1603_candidate_1911_gencluster_1911_conf_011597_implicit_min,19.2943115234375,80.41846466064453,367.87579345703125,-699.2130780220032,-1373.9226417541504,-1605.547297000885
survivor_1577_basin_1604_nma_bh_candidate_2537_gencluster_535_conf_063339_implicit_min_hop_000_mode01_p1.35A_implicit_min,19.532434463500977,72.55254364013672,350.404296875,-442.24109649658203,-1634.3011012077332,-1634.0526318848133
survivor_1578_basin_1605_nma_bh_candidate_1088_gencluster_1088_conf_064565_implicit_min_hop_003_mode02_m0.75A_implicit_min,17.520889282226562,61.82164001464844,371.20513916015625,-321.94233417510986,-1705.6829733848572,-1577.077868461609
survivor_1579_basin_1606_candidate_1883_gencluster_1883_conf_003228_implicit_min,17.993127822875977,75.34669494628906,368.5079345703125,-533.2612681388855,-1534.058286190033,-1605.4713510721922
survivor_157_basin_160_nma_bh_candidate_2390_gencluster_342_conf_095022_implicit_min_hop_000_mode02_p1.35A_implicit_min,19.98306655883789,83.4478530883789,370.0394287109375,-603.8855781555176,-1467.2846775054932,-1597.6990940868855
survivor_1580_basin_1607_candidate_2869_gencluster_975_conf_067013_implicit_min,16.35732650756836,65.02107238769531,340.6549377441406,-478.8494710922241,-1547.9759182929993,-1604.7920441925526
survivor_1581_basin_1608_candidate_688_gencluster_688_conf_019330_implicit_min,17.079601287841797,66.72814178466797,344.79931640625,-341.25744342803955,-1679.931583404541,-1592.5817708969116
survivor_1582_basin_1609_candidate_2547_gencluster_553_conf_192738_implicit_min,17.55729866027832,67.44449615478516,392.3943786621094,-709.3019771575928,-1368.5209980010986,-1600.4267966747284
survivor_1583_basin_1610_candidate_180_gencluster_180_conf_003411_implicit_min,15.159393310546875,55.35896301269531,380.06109619140625,-412.0307250022888,-1611.4197053909302,-1572.8712035119534
survivor_1584_basin_1611_candidate_2897_gencluster_1008_conf_140537_implicit_min,17.338720321655273,61.145591735839844,357.75714111328125,-473.10740756988525,-1547.453408241272,-1584.320137605071
survivor_1585_basin_1612_explore_r02_hit_0086_conf_007764_implicit_min,17.788963317871094,66.05613708496094,357.8914794921875,-691.7778434753418,-1382.3492527008057,-1632.390601158142
survivor_1586_basin_1613_nma_bh_candidate_2492_gencluster_473_conf_171315_implicit_min_hop_001_mode01_p1.35A_implicit_min,17.05269432067871,75.09321594238281,373.38067626953125,-607.6890568733215,-1501.633616924286,-1643.7958139181137
survivor_1587_basin_1614_candidate_1015_gencluster_1015_conf_098654_implicit_min,21.911314010620117,105.14727783203125,361.33367919921875,-490.0498275756836,-1573.7160940170288,-1575.3745775222778
survivor_1588_basin_1615_nma_bh_candidate_2478_gencluster_456_conf_103120_implicit_min_hop_002_mode01_m0.75A_implicit_min,17.69869041442871,63.53165817260742,360.8521728515625,-619.4169921875,-1429.176923751831,-1606.5109974741936
survivor_1589_basin_1616_nma_bh_candidate_1191_gencluster_1191_conf_097898_implicit_min_hop_003_mode01_p0.75A_implicit_min,17.894630432128906,75.86705017089844,373.3134765625,-632.8434257507324,-1457.9341955184937,-1623.7018638253212
survivor_158_basin_161_explore_r03_hit_0071_conf_048175_implicit_min,19.87240219116211,73.37330627441406,364.21881103515625,-668.1869277954102,-1424.0948333740234,-1634.817540884018
survivor_1590_basin_1617_nma_bh_candidate_1138_gencluster_1138_conf_004095_implicit_min_hop_003_mode02_p1.35A_implicit_min,23.198997497558594,90.54483032226562,335.6129150390625,-446.6146140098572,-1593.0001783370972,-1590.2575377225876
survivor_1591_basin_1618_nma_bh_candidate_926_gencluster_926_conf_015915_implicit_min_hop_002_mode01_p1.35A_implicit_min,20.604915618896484,96.10098266601562,388.82208251953125,-657.2016506195068,-1391.4618873596191,-1543.1356830596924
survivor_1592_basin_1619_nma_bh_candidate_2492_gencluster_473_conf_171315_implicit_min_hop_001_mode02_m0.75A_implicit_min,18.569129943847656,80.68218231201172,366.87359619140625,-641.3221168518066,-1468.1233658790588,-1643.3204825818539
survivor_1593_basin_1620_candidate_217_gencluster_217_conf_016491_implicit_min,17.13372039794922,54.727149963378906,364.9073486328125,-461.93534898757935,-1576.8307418823242,-1601.9984622597694
survivor_1594_basin_1621_candidate_101_gencluster_101_conf_009213_implicit_min,18.359848022460938,70.11337280273438,365.8758544921875,-546.315393447876,-1531.9153537750244,-1623.8807485103607
survivor_1595_basin_1622_candidate_304_gencluster_304_conf_141400_implicit_min,17.397581100463867,78.39047241210938,372.37774658203125,-494.57305812835693,-1589.1122918128967,-1615.5198035240173
survivor_1596_basin_1623_candidate_297_gencluster_297_conf_005533_implicit_min,21.14052963256836,85.12884521484375,351.3764953613281,-450.0677089691162,-1595.0315170288086,-1587.4532396495342
survivor_1597_basin_1624_candidate_443_gencluster_443_conf_021351_implicit_min,18.86428451538086,74.78584289550781,369.1681213378906,-343.0493173599243,-1705.391897201538,-1585.6223508119583
survivor_1598_basin_1625_nma_bh_candidate_541_gencluster_541_conf_145579_implicit_min_hop_001_mode01_p1.35A_implicit_min,19.94072723388672,81.75294494628906,372.015625,-646.287163734436,-1404.9354410171509,-1577.5136568546295
survivor_1599_basin_1626_candidate_2438_gencluster_401_conf_182134_implicit_min,18.949481964111328,78.04847717285156,370.1298828125,-446.9845371246338,-1592.8044972419739,-1572.6607951521873
survivor_159_basin_162_candidate_1487_gencluster_1487_conf_090019_implicit_min,16.30396842956543,58.249481201171875,396.8800048828125,-347.1790633201599,-1668.4931392669678,-1544.238054022193
survivor_1600_basin_1627_nma_bh_candidate_2233_gencluster_148_conf_073474_implicit_min_hop_000_mode02_m1.35A_implicit_min,18.138561248779297,67.31666564941406,347.9305725097656,-525.1840744018555,-1504.4987478256226,-1596.296023786068
survivor_1601_basin_1628_candidate_594_gencluster_594_conf_013684_implicit_min,19.06659698486328,74.5389404296875,397.62677001953125,-698.7500801086426,-1358.0805215835571,-1565.5983605384827
survivor_1602_basin_1629_nma_bh_candidate_1391_gencluster_1391_conf_031128_implicit_min_hop_001_mode01_p1.35A_implicit_min,18.859298706054688,91.2039794921875,387.322998046875,-334.3989658355713,-1747.4000511169434,-1584.4127125144005
survivor_1603_basin_1630_nma_bh_candidate_768_gencluster_768_conf_013652_implicit_min_hop_000_mode01_m1.35A_implicit_min,17.6883602142334,79.80284881591797,361.92572021484375,-710.7789716720581,-1381.7127161026,-1633.0754435956478
survivor_1604_basin_1631_nma_bh_candidate_1647_gencluster_1647_conf_134687_implicit_min_hop_001_mode02_m0.75A_implicit_min,18.27349090576172,70.25065612792969,376.4641418457031,-655.474781036377,-1449.0562763214111,-1639.541883945465
survivor_1605_basin_1632_candidate_531_gencluster_531_conf_014576_implicit_min,14.233992576599121,60.033103942871094,375.24481201171875,-381.54761028289795,-1629.8562479019165,-1561.891696229577
survivor_1606_basin_1633_nma_bh_candidate_2101_gencluster_2101_conf_074791_implicit_min_hop_001_mode02_p1.35A_implicit_min,15.410114288330078,65.68292236328125,391.6567077636719,-531.7280035018921,-1532.5744771957397,-1591.5519256591797
survivor_1607_basin_1634_candidate_959_gencluster_959_conf_037753_implicit_min,20.5410213470459,82.02904510498047,369.39691162109375,-635.5444669723511,-1447.038712978363,-1610.6165466308594
survivor_1608_basin_1635_nma_bh_candidate_2867_gencluster_973_conf_126544_implicit_min_hop_001_mode02_m0.75A_implicit_min,18.916967391967773,83.40351104736328,364.2557373046875,-772.2205696105957,-1334.4189147949219,-1640.0638571977615
survivor_1609_basin_1636_nma_bh_candidate_2799_gencluster_891_conf_103935_implicit_min_hop_002_mode02_p1.35A_implicit_min,18.562360763549805,75.46139526367188,357.93914794921875,-352.5450358390808,-1689.2657446861267,-1589.8472698926926
survivor_160_basin_163_nma_bh_candidate_231_gencluster_231_conf_058839_implicit_min_hop_001_mode01_p1.35A_implicit_min,20.503246307373047,79.76528930664062,355.9530944824219,-389.45628547668457,-1634.8064260482788,-1568.0417266488075
survivor_1610_basin_1637_candidate_2726_gencluster_805_conf_180304_implicit_min,22.0004940032959,85.6828384399414,354.9216003417969,-433.6662063598633,-1602.0929565429688,-1573.1542911231518
survivor_1611_basin_1638_nma_bh_candidate_2190_gencluster_093_conf_183542_implicit_min_hop_001_mode01_p0.75A_implicit_min,20.021581649780273,86.2462387084961,362.16455078125,-372.0582580566406,-1707.852355003357,-1611.4784116744995
survivor_1612_basin_1639_explore_r05_hit_0011_conf_045650_implicit_min,19.316692352294922,87.24544525146484,376.03692626953125,-377.7018880844116,-1681.5132865905762,-1576.616244316101
survivor_1613_basin_1640_candidate_105_gencluster_105_conf_008430_implicit_min,19.734432220458984,80.40304565429688,356.62396240234375,-704.7031650543213,-1392.2990350723267,-1640.2404533028603
survivor_1614_basin_1641_candidate_221_gencluster_221_conf_003138_implicit_min,19.950927734375,87.62623596191406,366.616455078125,-391.19943284988403,-1645.654462814331,-1562.6604916751385
survivor_1615_basin_1642_candidate_986_gencluster_986_conf_041001_implicit_min,18.959598541259766,70.22203063964844,349.6365051269531,-551.9979877471924,-1489.0176725387573,-1602.1978743076324
survivor_1616_basin_1643_nma_bh_candidate_109_gencluster_109_conf_041191_implicit_min_hop_003_mode01_m0.75A_implicit_min,20.25490951538086,83.02184295654297,380.5227966308594,-556.9996857643127,-1528.4980206489563,-1601.6983125954866
survivor_1617_basin_1644_explore_r03_hit_0028_conf_044650_implicit_min,16.859821319580078,64.81522369384766,373.22198486328125,-502.37878608703613,-1547.3977489471436,-1594.879487991333
survivor_1618_basin_1645_candidate_804_gencluster_804_conf_031066_implicit_min,17.783159255981445,73.65914154052734,382.72576904296875,-717.7051658630371,-1405.2166166305542,-1648.7539021968842
survivor_1619_basin_1646_nma_bh_candidate_1992_gencluster_1992_conf_005930_implicit_min_hop_003_mode01_m0.75A_implicit_min,20.773887634277344,92.9706802368164,345.5564880371094,-413.66403341293335,-1656.708441734314,-1611.071838364005
survivor_161_basin_164_nma_bh_candidate_781_gencluster_781_conf_154971_implicit_min_hop_000_mode01_p0.75A_implicit_min,18.295185089111328,70.26356506347656,358.755859375,-348.59633922576904,-1707.693959236145,-1608.9754757881165
survivor_1620_basin_1647_candidate_808_gencluster_808_conf_124166_implicit_min,17.88923454284668,74.94767761230469,360.0035400390625,-297.6382369995117,-1751.4527673721313,-1596.251344203949
survivor_1621_basin_1648_candidate_2424_gencluster_386_conf_114198_implicit_min,16.73950958251953,62.554344177246094,375.5700378417969,-372.31049394607544,-1645.7069635391235,-1563.153595507145
survivor_1622_basin_1649_candidate_1800_gencluster_1800_conf_155526_implicit_min,16.679309844970703,60.64346694946289,364.6888427734375,-441.4567551612854,-1577.402753829956,-1576.8482243418694
survivor_1623_basin_1650_nma_bh_candidate_249_gencluster_249_conf_007818_implicit_min_hop_001_mode02_m0.75A_implicit_min,17.272802352905273,70.72633361816406,356.1410827636719,-390.1923704147339,-1635.1693005561829,-1581.221418172121
survivor_1624_basin_1651_nma_bh_candidate_720_gencluster_720_conf_069593_implicit_min_hop_000_mode01_m0.75A_implicit_min,17.531675338745117,56.87919998168945,372.306884765625,-419.6218900680542,-1621.2803087234497,-1594.1833945810795
survivor_1625_basin_1652_candidate_736_gencluster_736_conf_015125_implicit_min,19.820438385009766,71.60975646972656,359.0890197753906,-508.08009004592896,-1528.8755674362183,-1586.436207741499
survivor_1626_basin_1653_nma_bh_candidate_2548_gencluster_554_conf_187437_implicit_min_hop_003_mode02_m1.35A_implicit_min,17.832834243774414,66.97892761230469,354.25372314453125,-404.2074947357178,-1607.6392750740051,-1572.7817434966564
survivor_1627_basin_1654_candidate_2327_gencluster_259_conf_044459_implicit_min,16.857816696166992,64.20982360839844,377.7999267578125,-514.2744932174683,-1510.1917915344238,-1565.598813265562
survivor_1628_basin_1655_candidate_1788_gencluster_1788_conf_046449_implicit_min,15.72964096069336,58.85920333862305,375.76763916015625,-464.9204144477844,-1561.923360824585,-1576.4874883443117
survivor_1629_basin_1656_nma_bh_candidate_188_gencluster_188_conf_172172_implicit_min_hop_003_mode02_p1.35A_implicit_min,20.630435943603516,95.29220581054688,374.5423583984375,-575.9631538391113,-1527.477294921875,-1612.9748859405518
survivor_162_basin_165_candidate_1901_gencluster_1901_conf_041444_implicit_min,16.907215118408203,59.935813903808594,363.08538818359375,-489.15483474731445,-1550.7391500473022,-1599.964870750904
survivor_1630_basin_1657_nma_bh_candidate_1647_gencluster_1647_conf_134687_implicit_min_hop_003_mode02_p1.35A_implicit_min,17.59082794189453,70.33096313476562,385.2748718261719,-619.313473701477,-1443.802924156189,-1589.9190464019775
survivor_1631_basin_1658_candidate_1153_gencluster_1153_conf_122555_implicit_min,18.02228355407715,76.01310729980469,386.49072265625,-463.7326822280884,-1612.5162019729614,-1595.7223720550537
survivor_1632_basin_1659_candidate_822_gencluster_822_conf_019409_implicit_min,17.287805557250977,65.134765625,377.2325134277344,-435.93426036834717,-1625.1923570632935,-1601.4705528020859
survivor_1633_basin_1660_nma_bh_candidate_2577_gencluster_598_conf_071976_implicit_min_hop_002_mode01_m0.75A_implicit_min,16.631563186645508,69.09747314453125,371.1171875,-651.3336524963379,-1437.242000579834,-1631.7304818630219
survivor_1634_basin_1661_candidate_017_gencluster_017_conf_010048_implicit_min,16.91023826599121,63.10921096801758,369.5447082519531,-193.66163110733032,-1851.356879234314,-1595.4552645236254
survivor_1635_basin_1662_candidate_2793_gencluster_885_conf_083004_implicit_min,19.769086837768555,73.8257827758789,357.82525634765625,-464.3064012527466,-1580.822826385498,-1593.7090577185154
survivor_1636_basin_1663_candidate_1193_gencluster_1193_conf_174689_implicit_min,21.28395652770996,87.27432250976562,373.3775939941406,-348.1554436683655,-1703.1117639541626,-1569.3314436674118
survivor_1637_basin_1664_nma_bh_candidate_2478_gencluster_456_conf_103120_implicit_min_hop_001_mode01_p1.35A_implicit_min,16.480226516723633,56.64216613769531,374.6144104003906,-525.0557403564453,-1502.031551361084,-1579.3498351871967
survivor_1638_basin_1665_nma_bh_candidate_2420_gencluster_382_conf_082252_implicit_min_hop_003_mode01_m1.35A_implicit_min,20.661357879638672,89.20733642578125,358.7644348144531,-394.57557106018066,-1661.437237739563,-1587.3794717788696
survivor_1639_basin_1666_candidate_2761_gencluster_847_conf_189044_implicit_min,20.822532653808594,74.25273132324219,371.095947265625,-443.373233795166,-1601.9986820220947,-1579.2008441984653
survivor_163_basin_166_candidate_2157_gencluster_054_conf_062898_implicit_min,20.09560775756836,85.50203704833984,355.6866760253906,-505.4228706359863,-1555.8639934062958,-1600.0027694702148
survivor_1640_basin_1667_nma_bh_candidate_2663_gencluster_717_conf_014249_implicit_min_hop_003_mode02_m0.75A_implicit_min,19.410743713378906,76.11769104003906,358.34716796875,-323.4261054992676,-1750.3411593437195,-1619.8918342590332
survivor_1641_basin_1668_candidate_2777_gencluster_865_conf_092747_implicit_min,19.081144332885742,79.38987731933594,362.8448486328125,-374.70971298217773,-1701.0882902145386,-1614.4812462329865
survivor_1642_basin_1669_nma_bh_candidate_926_gencluster_926_conf_015915_implicit_min_hop_001_mode02_m1.35A_implicit_min,20.268423080444336,87.93643188476562,359.637451171875,-429.42994022369385,-1618.7253222465515,-1580.3130791187286
survivor_1643_basin_1671_candidate_2560_gencluster_572_conf_172811_implicit_min,16.793384552001953,67.26798248291016,368.288330078125,-502.1310815811157,-1571.1350317001343,-1620.9164221286774
survivor_1644_basin_1672_nma_bh_candidate_1191_gencluster_1191_conf_097898_implicit_min_hop_001_mode01_p0.75A_implicit_min,18.669950485229492,79.00138854980469,362.18035888671875,-559.0073757171631,-1504.7373323440552,-1603.8936167955399
survivor_1645_basin_1673_nma_bh_candidate_1519_gencluster_1519_conf_015687_implicit_min_hop_000_mode01_m0.75A_implicit_min,18.414409637451172,78.48063659667969,387.369873046875,-656.796893119812,-1453.8484864234924,-1626.380497455597
survivor_1646_basin_1674_candidate_1161_gencluster_1161_conf_000420_implicit_min,16.973573684692383,65.14984893798828,372.94537353515625,-207.87982940673828,-1814.136570930481,-1566.9475264847279
survivor_1647_basin_1675_candidate_2504_gencluster_491_conf_139006_implicit_min,17.87223243713379,65.7265396118164,365.1276550292969,-652.7165875434875,-1383.889081478119,-1587.8790954947472
survivor_1648_basin_1676_nma_bh_candidate_2126_gencluster_018_conf_131165_implicit_min_hop_003_mode02_m0.75A_implicit_min,18.827621459960938,76.73738098144531,350.0843505859375,-482.7693567276001,-1563.7117972373962,-1600.8319733589888
survivor_1649_basin_1677_candidate_522_gencluster_522_conf_046271_implicit_min,19.56582260131836,78.76382446289062,367.2548828125,-626.241756439209,-1425.4979419708252,-1586.1552476882935
survivor_164_basin_167_nma_bh_candidate_2328_gencluster_260_conf_086582_implicit_min_hop_002_mode01_p0.75A_implicit_min,17.432247161865234,77.07685089111328,371.43798828125,-658.6311779022217,-1455.2228846549988,-1647.9071505069733
survivor_1650_basin_1678_candidate_2373_gencluster_317_conf_132715_implicit_min,19.551815032958984,80.95298767089844,366.1578674316406,-504.3593578338623,-1561.8480291366577,-1599.5439291000366
survivor_1651_basin_1679_nma_bh_candidate_1114_gencluster_1114_conf_035202_implicit_min_hop_002_mode01_m1.35A_implicit_min,17.397371292114258,76.77215576171875,354.8951416015625,-629.1812615394592,-1455.8212404251099,-1635.9376034140587
survivor_1652_basin_1680_nma_bh_candidate_1005_gencluster_1005_conf_032431_implicit_min_hop_000_mode01_p0.75A_implicit_min,18.20503807067871,66.31983947753906,358.7716369628906,-369.4178285598755,-1696.5150728225708,-1622.6363528370857
survivor_1653_basin_1681_nma_bh_candidate_2739_gencluster_819_conf_086560_implicit_min_hop_000_mode02_p0.75A_implicit_min,17.999483108520508,70.7009048461914,360.18939208984375,-489.0937080383301,-1588.3349161148071,-1628.5387873351574
survivor_1654_basin_1682_nma_bh_candidate_703_gencluster_703_conf_042424_implicit_min_hop_002_mode01_p0.75A_implicit_min,17.043079376220703,66.28044128417969,370.994384765625,-556.3550853729248,-1501.308599472046,-1603.3458755016327
survivor_1655_basin_1683_nma_bh_candidate_2663_gencluster_717_conf_014249_implicit_min_hop_003_mode02_p0.75A_implicit_min,18.43174934387207,74.4540786743164,366.85418701171875,-355.01752758026123,-1714.9557704925537,-1610.2334971427917
survivor_1656_basin_1684_candidate_1112_gencluster_1112_conf_040467_implicit_min,20.65758514404297,71.50061798095703,351.4824523925781,-512.0918550491333,-1561.361436843872,-1629.8125992417336
survivor_1657_basin_1685_nma_bh_candidate_2126_gencluster_018_conf_131165_implicit_min_hop_000_mode01_m0.75A_implicit_min,19.56915855407715,80.02230072021484,356.5073547363281,-471.40185022354126,-1580.4890027046204,-1595.7917893528938
survivor_1658_basin_1686_nma_bh_candidate_1191_gencluster_1191_conf_097898_implicit_min_hop_003_mode01_p1.35A_implicit_min,18.614402770996094,79.17608642578125,373.31646728515625,-626.3335785865784,-1461.5557088851929,-1616.781716287136
survivor_1659_basin_1687_nma_bh_candidate_1920_gencluster_1920_conf_068917_implicit_min_hop_001_mode02_m1.35A_implicit_min,16.690460205078125,65.9735107421875,358.7898254394531,-537.6439161300659,-1525.1397876739502,-1621.3298859596252
survivor_165_basin_169_candidate_436_gencluster_436_conf_026995_implicit_min,17.799850463867188,66.06780242919922,366.6910705566406,-418.6768732070923,-1623.4965858459473,-1591.6154562830925
survivor_1660_basin_1688_candidate_1333_gencluster_1333_conf_074496_implicit_min,19.871139526367188,84.10689544677734,376.7862548828125,-644.4092741012573,-1461.5731925964355,-1625.2179961204529
survivor_1661_basin_1689_candidate_2512_gencluster_503_conf_108122_implicit_min,18.916627883911133,79.88179016113281,351.3070373535156,-443.739408493042,-1583.0700044631958,-1576.7043027877808
survivor_1662_basin_1690_candidate_1205_gencluster_1205_conf_011044_implicit_min,16.895658493041992,64.3636474609375,383.16705322265625,-470.4325647354126,-1556.579074382782,-1562.5851485580206
survivor_1663_basin_1691_candidate_1318_gencluster_1318_conf_009612_implicit_min,16.12348747253418,63.410438537597656,363.287353515625,-478.9100933074951,-1545.1965713500977,-1581.2848997414112
survivor_1664_basin_1692_candidate_2079_gencluster_2079_conf_007000_implicit_min,15.745336532592773,58.13361358642578,373.8187255859375,-393.1583061218262,-1637.1958560943604,-1582.6562238782644
survivor_1665_basin_1693_candidate_1304_gencluster_1304_conf_005738_implicit_min,18.615352630615234,72.61042785644531,361.8436584472656,-558.2869853973389,-1461.1509532928467,-1566.3679422438145
survivor_1666_basin_1694_candidate_117_gencluster_117_conf_009086_implicit_min,22.106159210205078,83.7646484375,369.4710388183594,-426.90150117874146,-1640.4150519371033,-1591.974997550249
survivor_1667_basin_1695_candidate_2194_gencluster_097_conf_046616_implicit_min,21.034576416015625,87.77313232421875,387.53045654296875,-438.76724100112915,-1609.985291004181,-1552.4145019352436
survivor_1668_basin_1696_candidate_2924_gencluster_1041_conf_052166_implicit_min,16.854568481445312,68.55171203613281,376.33734130859375,-484.3979072570801,-1577.479835510254,-1600.1345882415771
survivor_1669_basin_1697_candidate_487_gencluster_487_conf_035137_implicit_min,19.752716064453125,72.06623077392578,361.3004150390625,-388.913610458374,-1661.8221168518066,-1597.6163070201874
survivor_166_basin_170_nma_bh_candidate_2269_gencluster_189_conf_027155_implicit_min_hop_000_mode02_m0.75A_implicit_min,16.84270668029785,62.34901428222656,395.0325012207031,-460.59665060043335,-1561.9210982322693,-1548.2927168607712
survivor_1670_basin_1698_explore_r04_hit_0017_conf_001059_implicit_min,17.413394927978516,78.71227264404297,390.73199462890625,-502.2339382171631,-1616.0144519805908,-1631.3904474377632
survivor_1671_basin_1699_explore_r01_hit_0095_conf_028371_implicit_min,17.01825714111328,66.4366226196289,354.1876220703125,-806.9851303100586,-1267.6513891220093,-1636.9940748214722
survivor_1672_basin_1700_nma_bh_candidate_659_gencluster_659_conf_039862_implicit_min_hop_002_mode02_p1.35A_implicit_min,18.349700927734375,77.73027801513672,384.94110107421875,-291.64317321777344,-1738.5107369422913,-1549.1328691244125
survivor_1673_basin_1701_candidate_1469_gencluster_1469_conf_090924_implicit_min,15.718599319458008,60.73543167114258,375.98760986328125,-511.8360843658447,-1577.425711631775,-1636.8199192285538
survivor_1674_basin_1702_candidate_1053_gencluster_1053_conf_089802_implicit_min,18.207500457763672,76.54199981689453,403.4303283691406,-434.33791732788086,-1634.05868434906,-1570.2169215679169
survivor_1675_basin_1703_candidate_1512_gencluster_1512_conf_042546_implicit_min,18.27186393737793,69.03396606445312,392.65118408203125,-595.9963150024414,-1500.7643947601318,-1616.8042964935303
survivor_1676_basin_1704_candidate_2146_gencluster_042_conf_058213_implicit_min,19.710235595703125,83.87966918945312,350.5204162597656,-420.39319896698,-1619.060622215271,-1585.3435918092728
survivor_1677_basin_1705_nma_bh_candidate_1114_gencluster_1114_conf_035202_implicit_min_hop_001_mode02_m1.35A_implicit_min,18.698856353759766,79.60365295410156,388.8414306640625,-664.8586621284485,-1451.9292922019958,-1629.6441923379898
survivor_1678_basin_1706_candidate_431_gencluster_431_conf_003998_implicit_min,17.577232360839844,98.47894287109375,400.4561462402344,-680.3089227676392,-1377.0646104812622,-1540.861499965191
survivor_1679_basin_1707_candidate_313_gencluster_313_conf_009342_implicit_min,17.54196548461914,67.015380859375,359.8755187988281,-419.28858757019043,-1626.2120237350464,-1601.0678680241108
survivor_167_basin_171_nma_bh_candidate_323_gencluster_323_conf_140845_implicit_min_hop_001_mode01_p0.75A_implicit_min,19.199691772460938,77.13585662841797,379.1708984375,-808.4290723800659,-1286.6861715316772,-1619.60876339674
survivor_1680_basin_1708_candidate_1129_gencluster_1129_conf_068327_implicit_min,24.41373062133789,110.15278625488281,346.5885314941406,-453.51783561706543,-1563.6174507141113,-1535.981004834175
survivor_1681_basin_1709_nma_bh_candidate_2364_gencluster_303_conf_151536_implicit_min_hop_000_mode02_p0.75A_implicit_min,18.558521270751953,78.50044250488281,366.1622314453125,-476.37050437927246,-1560.3578205108643,-1573.50708091259
survivor_1682_basin_1710_nma_bh_candidate_2390_gencluster_342_conf_095022_implicit_min_hop_000_mode01_m0.75A_implicit_min,19.99638557434082,81.37345886230469,368.34918212890625,-588.0251712799072,-1482.77961063385,-1601.0853646993637
survivor_1683_basin_1711_candidate_2762_gencluster_848_conf_137144_implicit_min,16.202274322509766,58.85016632080078,359.7958068847656,-442.92942810058594,-1579.1738810539246,-1587.2543126940727
survivor_1684_basin_1712_nma_bh_candidate_2190_gencluster_093_conf_183542_implicit_min_hop_000_mode02_m1.35A_implicit_min,20.05952262878418,82.51953125,368.4161376953125,-391.82349014282227,-1694.0649766921997,-1614.8935799598694
survivor_1685_basin_1713_candidate_1859_gencluster_1859_conf_005736_implicit_min,16.935009002685547,74.67118835449219,390.27337646484375,-687.7545719146729,-1419.8133993148804,-1625.6887826919556
survivor_1686_basin_1714_nma_bh_candidate_583_gencluster_583_conf_027260_implicit_min_hop_000_mode01_m0.75A_implicit_min,18.91352081298828,72.51336669921875,368.52593994140625,-607.1596794128418,-1425.495623588562,-1572.7021698951721
survivor_1687_basin_1715_candidate_438_gencluster_438_conf_003185_implicit_min,18.309127807617188,68.33102416992188,354.241455078125,-215.55914306640625,-1832.5623693466187,-1607.239310145378
survivor_1688_basin_1716_nma_bh_candidate_2918_gencluster_1033_conf_098844_implicit_min_hop_001_mode02_p1.35A_implicit_min,20.833036422729492,90.3046875,360.860107421875,-624.6099071502686,-1444.0967922210693,-1596.708177626133
survivor_1689_basin_1717_nma_bh_candidate_731_gencluster_731_conf_049995_implicit_min_hop_002_mode02_m0.75A_implicit_min,16.958221435546875,68.02568054199219,410.2635498046875,-605.5237989425659,-1430.374499320984,-1540.6505242586136
survivor_168_basin_172_candidate_537_gencluster_537_conf_066747_implicit_min,18.378326416015625,70.67957305908203,366.6734619140625,-367.7329521179199,-1681.1046438217163,-1593.10671967268
survivor_1690_basin_1718_candidate_1881_gencluster_1881_conf_008100_implicit_min,17.63531494140625,63.347930908203125,359.4960632324219,-371.88332653045654,-1661.7150774002075,-1593.1188684552908
survivor_1691_basin_1719_candidate_1492_gencluster_1492_conf_181739_implicit_min,16.478363037109375,59.64398193359375,357.8208923339844,-603.9563846588135,-1423.3613557815552,-1593.3751030266285
survivor_1692_basin_1720_candidate_382_gencluster_382_conf_017795_implicit_min,20.49787712097168,84.57113647460938,364.24530029296875,-500.59022521972656,-1559.4423065185547,-1590.7187860012054
survivor_1693_basin_1721_candidate_084_gencluster_084_conf_021037_implicit_min,16.45185089111328,62.719486236572266,378.5662536621094,-501.10410737991333,-1543.518871307373,-1586.8851987421513
survivor_1694_basin_1722_nma_bh_candidate_2028_gencluster_2028_conf_133119_implicit_min_hop_002_mode02_m1.35A_implicit_min,18.179306030273438,72.42247009277344,368.0782165527344,-494.5478391647339,-1587.6774048805237,-1623.5455372035503
survivor_1695_basin_1723_candidate_1295_gencluster_1295_conf_000561_implicit_min,15.626391410827637,55.66676330566406,377.2264404296875,-691.1622180938721,-1330.2157220840454,-1572.8585565388203
survivor_1696_basin_1724_candidate_1500_gencluster_1500_conf_032384_implicit_min,15.477835655212402,62.39640808105469,388.0928649902344,-645.4605855941772,-1396.7996397018433,-1576.2936723828316
survivor_1697_basin_1725_nma_bh_candidate_2967_gencluster_1102_conf_125121_implicit_min_hop_003_mode01_m0.75A_implicit_min,18.85847282409668,73.77197265625,388.46453857421875,-770.2599611282349,-1279.41868019104,-1568.5826370716095
survivor_1698_basin_1726_nma_bh_candidate_1282_gencluster_1282_conf_013249_implicit_min_hop_003_mode02_p1.35A_implicit_min,20.281484603881836,77.95621490478516,347.89617919921875,-415.91125869750977,-1631.0331172943115,-1600.810422539711
survivor_1699_basin_1727_explore_r01_hit_0082_conf_025944_implicit_min,22.005287170410156,96.36045837402344,365.1644287109375,-610.6849784851074,-1447.11381149292,-1574.2690374851227
survivor_169_basin_173_candidate_1628_gencluster_1628_conf_031303_implicit_min,16.917484283447266,63.05943298339844,347.3502502441406,-400.65046405792236,-1620.9042468070984,-1594.2274681776762
survivor_1700_basin_1728_explore_r01_hit_0010_conf_007003_implicit_min,17.15279197692871,64.96588134765625,378.4505310058594,-258.14752769470215,-1785.287585735321,-1582.8657834380865
survivor_1701_basin_1729_candidate_814_gencluster_814_conf_054173_implicit_min,15.461854934692383,58.756561279296875,366.75506591796875,-360.9337773323059,-1651.070890903473,-1571.030388534069
survivor_1702_basin_1730_explore_r02_hit_0047_conf_033298_implicit_min,18.56414222717285,64.99640655517578,358.34259033203125,-660.8373317718506,-1406.903175354004,-1625.8370945453644
survivor_1703_basin_1731_candidate_051_gencluster_051_conf_170776_implicit_min,17.66292381286621,65.62570190429688,376.6113586425781,-304.8663926124573,-1730.7409272193909,-1575.7069813907146
survivor_1704_basin_1732_nma_bh_candidate_2137_gencluster_030_conf_063074_implicit_min_hop_001_mode02_m1.35A_implicit_min,18.716150283813477,71.32650756835938,340.63848876953125,-381.2528929710388,-1649.4262371063232,-1599.998128965497
survivor_1705_basin_1733_explore_r04_hit_0041_conf_016314_implicit_min,17.302627563476562,61.714412689208984,359.4366760253906,-655.7359390258789,-1397.3726835250854,-1614.6543299555779
survivor_1706_basin_1734_candidate_2812_gencluster_904_conf_190036_implicit_min,20.03449058532715,87.31510925292969,383.8555908203125,-576.8378562927246,-1500.8665809631348,-1586.4994468688965
survivor_1707_basin_1735_nma_bh_candidate_2364_gencluster_303_conf_151536_implicit_min_hop_001_mode01_p0.75A_implicit_min,19.319292068481445,77.72987365722656,368.7577209472656,-524.6571226119995,-1521.8755493164062,-1580.7257969379425
survivor_1708_basin_1736_nma_bh_candidate_731_gencluster_731_conf_049995_implicit_min_hop_003_mode02_m1.35A_implicit_min,17.78557586669922,72.95556640625,358.59381103515625,-667.108154296875,-1381.425193786621,-1599.199127793312
survivor_1709_basin_1737_explore_r04_hit_0022_conf_040264_implicit_min,17.0386962890625,79.21571350097656,402.3253479003906,-603.3276262283325,-1501.8631010055542,-1606.6107749938965
survivor_170_basin_174_nma_bh_candidate_2101_gencluster_2101_conf_074791_implicit_min_hop_001_mode01_m1.35A_implicit_min,18.04659080505371,74.2119369506836,380.8572082519531,-547.6031198501587,-1518.458764076233,-1592.94588804245
survivor_1710_basin_1738_candidate_2660_gencluster_712_conf_044750_implicit_min,17.056276321411133,59.84905242919922,378.83660888671875,-448.01881885528564,-1605.8775815963745,-1598.1543653011322
survivor_1711_basin_1739_nma_bh_candidate_896_gencluster_896_conf_007510_implicit_min_hop_001_mode01_p0.75A_implicit_min,20.196372985839844,75.59840393066406,364.1644287109375,-687.0073690414429,-1364.090446472168,-1591.139041364193
survivor_1712_basin_1740_candidate_967_gencluster_967_conf_059872_implicit_min,17.55807876586914,67.23629760742188,369.74468994140625,-171.9348440170288,-1845.797643661499,-1563.1938527226448
survivor_1713_basin_1741_nma_bh_candidate_2136_gencluster_029_conf_073146_implicit_min_hop_000_mode01_m0.75A_implicit_min,19.47631072998047,78.79417419433594,366.79833984375,-583.3430457115173,-1495.6657123565674,-1613.939573302865
survivor_1714_basin_1742_nma_bh_candidate_720_gencluster_720_conf_069593_implicit_min_hop_003_mode01_m1.35A_implicit_min,16.59092140197754,62.55064010620117,363.6613464355469,-407.85492038726807,-1611.0953760147095,-1576.1467788219452
survivor_1715_basin_1743_nma_bh_candidate_1992_gencluster_1992_conf_005930_implicit_min_hop_001_mode01_p1.35A_implicit_min,20.75568199157715,91.39248657226562,387.227294921875,-543.1242079734802,-1559.811249256134,-1603.5599291324615
survivor_1716_basin_1744_nma_bh_candidate_1632_gencluster_1632_conf_108386_implicit_min_hop_002_mode01_m0.75A_implicit_min,17.758176803588867,77.87654113769531,376.0485534667969,-552.2946281433105,-1514.8049297332764,-1595.4166584014893
survivor_1717_basin_1745_nma_bh_candidate_1992_gencluster_1992_conf_005930_implicit_min_hop_000_mode02_p0.75A_implicit_min,21.588520050048828,88.78199768066406,356.5101013183594,-458.6271266937256,-1610.800066947937,-1602.5463769435883
survivor_1718_basin_1746_candidate_2029_gencluster_2029_conf_018876_implicit_min,17.03023338317871,71.35859680175781,365.39495849609375,-380.7508878707886,-1637.8105545043945,-1564.7777970433235
survivor_1719_basin_1747_nma_bh_candidate_720_gencluster_720_conf_069593_implicit_min_hop_001_mode02_m0.75A_implicit_min,16.360090255737305,58.115966796875,367.420654296875,-391.3463816642761,-1640.5534915924072,-1590.0033646523952
survivor_171_basin_175_candidate_1779_gencluster_1779_conf_133650_implicit_min,15.87270736694336,65.99667358398438,381.55352783203125,-430.02503204345703,-1613.1321177482605,-1579.733961418271
survivor_1720_basin_1748_nma_bh_candidate_2136_gencluster_029_conf_073146_implicit_min_hop_002_mode01_m1.35A_implicit_min,18.359172821044922,79.57540893554688,369.5775146484375,-626.928484916687,-1436.9278936386108,-1596.3438047468662
survivor_1721_basin_1749_candidate_1886_gencluster_1886_conf_012621_implicit_min,17.205177307128906,84.87399291992188,386.7408142089844,-605.0723514556885,-1484.3501935005188,-1600.6024366617203
survivor_1722_basin_1751_nma_bh_candidate_1045_gencluster_1045_conf_012052_implicit_min_hop_003_mode01_m0.75A_implicit_min,20.844289779663086,77.28141784667969,375.70184326171875,-498.057954788208,-1531.7418599128723,-1555.9728037118912
survivor_1723_basin_1752_nma_bh_candidate_2989_gencluster_1124_conf_159390_implicit_min_hop_000_mode02_m1.35A_implicit_min,20.10016632080078,93.32111358642578,356.07568359375,-578.8189849853516,-1463.7498607635498,-1573.0725383758545
survivor_1724_basin_1753_candidate_1508_gencluster_1508_conf_080675_implicit_min,15.235196113586426,55.149662017822266,373.09033203125,-404.95757961273193,-1605.8520708084106,-1567.3346961438656
survivor_1725_basin_1754_candidate_970_gencluster_970_conf_007756_implicit_min,19.24233055114746,71.6396713256836,352.5362243652344,-373.40962076187134,-1631.6622405052185,-1561.6541598439217
survivor_1726_basin_1755_candidate_1209_gencluster_1209_conf_007224_implicit_min,18.479595184326172,77.23233032226562,352.8450622558594,-439.8795442581177,-1594.07839012146,-1585.4011069834232
survivor_1727_basin_1756_candidate_346_gencluster_346_conf_144834_implicit_min,18.10361099243164,72.93780517578125,390.17303466796875,-588.9220814704895,-1435.9125151634216,-1543.61962890625
survivor_1728_basin_1757_candidate_2592_gencluster_619_conf_110461_implicit_min,16.80821418762207,59.39993667602539,392.2543640136719,-271.5320334434509,-1752.9972519874573,-1556.066229492426
survivor_1729_basin_1758_candidate_2942_gencluster_1064_conf_084301_implicit_min,19.27089500427246,70.34373474121094,414.225830078125,-426.60819816589355,-1594.471173286438,-1517.2389744520187
survivor_172_basin_176_candidate_1612_gencluster_1612_conf_000944_implicit_min,18.419483184814453,74.782958984375,365.512939453125,-424.85872173309326,-1607.7846307754517,-1573.9281473755836
survivor_1730_basin_1759_candidate_292_gencluster_292_conf_130293_implicit_min,15.396632194519043,64.08763122558594,390.444580078125,-299.5091829299927,-1730.6250400543213,-1560.204984664917
survivor_1731_basin_1760_nma_bh_candidate_2683_gencluster_750_conf_033714_implicit_min_hop_003_mode02_m0.75A_implicit_min,18.257829666137695,70.70870208740234,378.9397277832031,-421.63838291168213,-1607.6534786224365,-1561.3851811289787
survivor_1732_basin_1761_explore_r03_hit_0068_conf_019168_implicit_min,17.841468811035156,71.70208740234375,348.4104919433594,-602.9250783920288,-1461.2427310943604,-1626.2141882181168
survivor_1733_basin_1762_nma_bh_candidate_2457_gencluster_433_conf_149315_implicit_min_hop_000_mode01_m1.35A_implicit_min,18.666013717651367,73.55615234375,364.00360107421875,-581.8674955368042,-1495.2894477844238,-1620.9309539794922
survivor_1734_basin_1763_nma_bh_candidate_1088_gencluster_1088_conf_064565_implicit_min_hop_000_mode01_m0.75A_implicit_min,19.468887329101562,62.67543029785156,381.64141845703125,-487.3111972808838,-1550.3222723007202,-1573.8471398949623
survivor_1735_basin_1764_nma_bh_candidate_2967_gencluster_1102_conf_125121_implicit_min_hop_001_mode02_m1.35A_implicit_min,18.411657333374023,73.69827270507812,393.36822509765625,-635.8038740158081,-1404.5265803337097,-1554.8520681858063
survivor_1736_basin_1765_explore_r01_hit_0012_conf_006815_implicit_min,18.14767074584961,72.66087341308594,412.73040771484375,-686.6155338287354,-1424.282657623291,-1607.3588380813599
survivor_1737_basin_1766_nma_bh_candidate_731_gencluster_731_conf_049995_implicit_min_hop_002_mode01_m0.75A_implicit_min,16.768632888793945,66.0276107788086,403.4704284667969,-511.883825302124,-1520.3455667495728,-1545.962623000145
survivor_1738_basin_1767_nma_bh_candidate_1614_gencluster_1614_conf_058900_implicit_min_hop_002_mode02_m1.35A_implicit_min,18.102811813354492,86.17852020263672,393.3210144042969,-706.0490536689758,-1419.3639187812805,-1627.8105087280273
survivor_1739_basin_1768_nma_bh_candidate_2390_gencluster_342_conf_095022_implicit_min_hop_000_mode01_p0.75A_implicit_min,20.842302322387695,80.92462158203125,368.692626953125,-667.3894348144531,-1405.7038173675537,-1602.6342533230782
survivor_173_basin_177_nma_bh_candidate_231_gencluster_231_conf_058839_implicit_min_hop_002_mode01_m1.35A_implicit_min,19.196178436279297,72.30335235595703,400.499267578125,-449.9712562561035,-1605.1482248306274,-1563.1204636096954
survivor_1740_basin_1769_candidate_1855_gencluster_1855_conf_008439_implicit_min,17.2967472076416,64.76976013183594,371.878173828125,-373.0685634613037,-1658.099636554718,-1577.224219918251
survivor_1741_basin_1770_explore_r01_hit_0077_conf_016334_implicit_min,17.813344955444336,75.00176239013672,390.45855712890625,-595.657880783081,-1465.802659034729,-1578.186918258667
survivor_1742_basin_1771_nma_bh_candidate_1736_gencluster_1736_conf_126029_implicit_min_hop_001_mode01_m0.75A_implicit_min,17.605710983276367,63.31645202636719,374.7588806152344,-431.5773162841797,-1592.2750797271729,-1568.1709443926811
survivor_1743_basin_1772_explore_r02_hit_0004_conf_018811_implicit_min,18.257221221923828,70.04859161376953,360.01031494140625,-521.2610187530518,-1527.006103515625,-1599.9508581757545
survivor_1744_basin_1773_candidate_2536_gencluster_534_conf_185488_implicit_min,20.6318359375,83.11127471923828,366.904541015625,-487.1314888000488,-1591.8553342819214,-1608.3390108942986
survivor_1745_basin_1774_candidate_1289_gencluster_1289_conf_022340_implicit_min,15.469008445739746,62.855377197265625,371.1582336425781,-469.4900932312012,-1568.8247156143188,-1588.832154482603
survivor_1746_basin_1775_candidate_1564_gencluster_1564_conf_029921_implicit_min,18.67445182800293,69.05929565429688,359.1915588378906,-555.8881855010986,-1494.0373268127441,-1602.9995839595795
survivor_1747_basin_1776_candidate_832_gencluster_832_conf_011174_implicit_min,15.951085090637207,59.977447509765625,366.9810485839844,-413.8740930557251,-1617.440770149231,-1588.40553560853
survivor_1748_basin_1777_candidate_497_gencluster_497_conf_098536_implicit_min,19.77439308166504,75.06541442871094,378.8443603515625,-426.4147777557373,-1609.8196578025818,-1562.5496308803558
survivor_1749_basin_1778_bh_candidate_2395_gencluster_349_conf_060719_implicit_min_hop_003,21.81832504272461,87.74717712402344,357.7184753417969,-495.5447359085083,-1544.5482354164124,-1572.8093700408936
survivor_174_basin_178_nma_bh_candidate_2190_gencluster_093_conf_183542_implicit_min_hop_003_mode02_p0.75A_implicit_min,18.62910270690918,79.99577331542969,369.0891418457031,-607.7188949584961,-1503.251621246338,-1643.2568559646606
survivor_1750_basin_1779_candidate_248_gencluster_248_conf_119841_implicit_min,16.572446823120117,60.291786193847656,387.2170104980469,-459.0169801712036,-1630.9504947662354,-1625.886113613844
survivor_1751_basin_1780_explore_r04_hit_0056_conf_011978_implicit_min,18.32984161376953,83.79072570800781,368.67822265625,-528.2892293930054,-1554.8659524917603,-1612.356763601303
survivor_1752_basin_1781_nma_bh_candidate_807_gencluster_807_conf_049347_implicit_min_hop_002_mode02_m0.75A_implicit_min,17.434017181396484,75.00534057617188,370.87884521484375,-562.7268381118774,-1463.8743152618408,-1563.2825717926025
survivor_1753_basin_1782_explore_r04_hit_0018_conf_043860_implicit_min,19.777894973754883,78.30288696289062,398.53009033203125,-358.4519748687744,-1676.7293753623962,-1538.5711299180984
survivor_1754_basin_1783_nma_bh_candidate_858_gencluster_858_conf_004120_implicit_min_hop_000_mode02_m0.75A_implicit_min,18.637874603271484,78.27713775634766,369.86248779296875,-633.5579967498779,-1413.3260288238525,-1580.1067160964012
survivor_1755_basin_1784_nma_bh_candidate_706_gencluster_706_conf_010197_implicit_min_hop_000_mode02_p0.75A_implicit_min,19.667295455932617,80.55487823486328,368.8995056152344,-555.3020372390747,-1496.9188380241394,-1583.0994043946266
survivor_1756_basin_1785_candidate_499_gencluster_499_conf_145919_implicit_min,18.37043571472168,69.31198120117188,369.5526428222656,-279.20096015930176,-1754.7591609954834,-1576.7248739302158
survivor_1757_basin_1786_candidate_2379_gencluster_325_conf_139876_implicit_min,16.575698852539062,66.6646957397461,370.94287109375,-290.15168476104736,-1732.266755104065,-1568.2366000413895
survivor_1758_basin_1787_candidate_1104_gencluster_1104_conf_040020_implicit_min,16.88400650024414,59.6996955871582,359.34765625,-657.6498374938965,-1395.9979991912842,-1617.716376543045
survivor_1759_basin_1788_candidate_1958_gencluster_1958_conf_130853_implicit_min,16.29518699645996,61.659454345703125,358.5740661621094,-235.8412857055664,-1777.6190538406372,-1576.9314075112343
survivor_175_basin_179_candidate_1627_gencluster_1627_conf_006513_implicit_min,15.584392547607422,58.72422409057617,355.9043884277344,-408.6635856628418,-1612.490948677063,-1590.9413218945265
survivor_1760_basin_1789_explore_r02_hit_0034_conf_036071_implicit_min,16.076160430908203,64.56039428710938,374.99334716796875,-464.58923053741455,-1596.135627746582,-1605.0946605205536
survivor_1761_basin_1790_explore_r02_hit_0097_conf_023580_implicit_min,19.1451416015625,72.08839416503906,379.75701904296875,-582.2921590805054,-1528.6528396606445,-1639.9546852111816
survivor_1762_basin_1791_nma_bh_candidate_1005_gencluster_1005_conf_032431_implicit_min_hop_000_mode02_m0.75A_implicit_min,19.894187927246094,70.73634338378906,359.3453369140625,-379.7029666900635,-1682.7197456359863,-1612.4464007019997
survivor_1763_basin_1792_nma_bh_candidate_982_gencluster_982_conf_053435_implicit_min_hop_001_mode02_m1.35A_implicit_min,20.253936767578125,74.59197998046875,356.44281005859375,-598.1666393280029,-1446.8131303787231,-1593.690865188837
survivor_1764_basin_1793_explore_r05_hit_0052_conf_015779_implicit_min,17.980361938476562,66.49345397949219,356.514892578125,-453.2170124053955,-1601.0343751907349,-1613.2632141113281
survivor_1765_basin_1794_candidate_2180_gencluster_082_conf_185073_implicit_min,19.504684448242188,83.86112976074219,356.0229797363281,-596.0267543792725,-1489.8123168945312,-1626.4498434066772
survivor_1766_basin_1795_nma_bh_candidate_2397_gencluster_351_conf_182360_implicit_min_hop_001_mode01_p0.75A_implicit_min,18.6419620513916,82.7012939453125,381.23956298828125,-533.3766021728516,-1576.6959443092346,-1627.48948097229
survivor_1767_basin_1796_candidate_288_gencluster_288_conf_048814_implicit_min,18.680177688598633,67.29646301269531,352.95703125,-399.7440538406372,-1651.7189960479736,-1612.5289861559868
survivor_1768_basin_1797_nma_bh_candidate_1266_gencluster_1266_conf_074504_implicit_min_hop_002_mode02_p0.75A_implicit_min,17.638959884643555,75.65098571777344,371.69677734375,-680.2379121780396,-1381.869743347168,-1597.121098458767
survivor_1769_basin_1798_candidate_1247_gencluster_1247_conf_056383_implicit_min,15.345653533935547,61.15530776977539,363.557861328125,-342.96683073043823,-1671.3306522369385,-1574.2389586418867
survivor_176_basin_180_candidate_568_gencluster_568_conf_086049_implicit_min,22.23012351989746,91.38394165039062,358.5279541015625,-379.91902351379395,-1658.566158771515,-1566.3438758850098
survivor_1770_basin_1799_candidate_2849_gencluster_951_conf_101253_implicit_min,19.59882164001465,75.53012084960938,372.96575927734375,-472.6498432159424,-1602.3430824279785,-1606.898288398981
survivor_1771_basin_1800_candidate_1841_gencluster_1841_conf_047577_implicit_min,16.131933212280273,59.058074951171875,366.68914794921875,-388.82835483551025,-1632.889741897583,-1579.8399205356836
survivor_1772_basin_1801_explore_r03_hit_0060_conf_035131_implicit_min,20.065582275390625,77.18696594238281,372.1054382324219,-431.83707332611084,-1618.4083642959595,-1580.887984931469
survivor_1773_basin_1802_nma_bh_candidate_703_gencluster_703_conf_042424_implicit_min_hop_003_mode02_p1.35A_implicit_min,17.614980697631836,83.79237365722656,373.04547119140625,-571.6809206008911,-1476.5267028808594,-1573.7546725273132
survivor_1774_basin_1803_candidate_806_gencluster_806_conf_003122_implicit_min,19.769914627075195,83.78634643554688,351.06219482421875,-637.9556965827942,-1412.499638557434,-1595.8371548205614
survivor_1775_basin_1804_candidate_2921_gencluster_1036_conf_069061_implicit_min,19.287982940673828,84.16962432861328,374.23077392578125,-501.66290855407715,-1546.747121810913,-1570.7213628292084
survivor_1776_basin_1805_nma_bh_candidate_2397_gencluster_351_conf_182360_implicit_min_hop_000_mode01_m0.75A_implicit_min,20.928070068359375,89.75452423095703,360.4192810058594,-374.1383981704712,-1685.6317911148071,-1588.6687214374542
survivor_1777_basin_1806_nma_bh_candidate_659_gencluster_659_conf_039862_implicit_min_hop_001_mode02_p0.75A_implicit_min,19.127208709716797,73.9416275024414,372.85406494140625,-263.60221672058105,-1798.1134972572327,-1595.7923819422722
survivor_1778_basin_1807_nma_bh_candidate_2437_gencluster_400_conf_053256_implicit_min_hop_001_mode01_p0.75A_implicit_min,17.127418518066406,69.46161651611328,350.7538146972656,-427.22101879119873,-1606.4438800811768,-1596.322252035141
survivor_1779_basin_1808_candidate_1759_gencluster_1759_conf_006472_implicit_min,18.07001304626465,66.17019653320312,366.5384826660156,-522.0551247596741,-1520.524580001831,-1591.8008906841278
survivor_177_basin_181_candidate_1027_gencluster_1027_conf_119043_implicit_min,21.011381149291992,73.41392517089844,350.283447265625,-566.7752814292908,-1469.059606552124,-1591.1266029030085
survivor_1780_basin_1809_candidate_423_gencluster_423_conf_136232_implicit_min,18.22313690185547,62.65985870361328,375.5536804199219,-487.6111125946045,-1544.9481296539307,-1576.1221914887428
survivor_1781_basin_1810_explore_r05_hit_0046_conf_028763_implicit_min,17.306777954101562,74.51274871826172,392.6808776855469,-614.2605419158936,-1509.9635696411133,-1639.7236795425415
survivor_1782_basin_1811_nma_bh_candidate_1533_gencluster_1533_conf_017890_implicit_min_hop_002_mode02_m0.75A_implicit_min,17.238386154174805,71.25110626220703,355.1485900878906,-426.847252368927,-1598.6747770309448,-1581.884740293026
survivor_1783_basin_1812_nma_bh_candidate_659_gencluster_659_conf_039862_implicit_min_hop_002_mode01_m1.35A_implicit_min,18.28414535522461,72.17486572265625,366.287841796875,-262.6750421524048,-1778.7136793136597,-1584.6420867443085
survivor_1784_basin_1813_nma_bh_candidate_2879_gencluster_988_conf_169931_implicit_min_hop_002_mode01_p0.75A_implicit_min,17.381988525390625,70.33211517333984,381.2229919433594,-463.0470428466797,-1594.3491315841675,-1588.458617091179
survivor_1785_basin_1814_explore_r02_hit_0016_conf_027836_implicit_min,18.785615921020508,79.60804748535156,378.6019592285156,-470.4554100036621,-1593.3701992034912,-1586.8300384879112
survivor_1786_basin_1815_candidate_1632_gencluster_1632_conf_108386_implicit_min,20.319257736206055,79.70008087158203,360.80096435546875,-464.87260246276855,-1572.9683799743652,-1577.019862651825
survivor_1787_basin_1816_nma_bh_candidate_2684_gencluster_753_conf_185631_implicit_min_hop_000_mode02_m0.75A_implicit_min,21.042373657226562,87.25726318359375,349.5578918457031,-347.79419136047363,-1703.5918326377869,-1593.5279927253723
survivor_1788_basin_1817_nma_bh_candidate_862_gencluster_862_conf_049308_implicit_min_hop_003_mode02_p1.35A_implicit_min,20.17235565185547,74.25611877441406,362.1591491699219,-469.9399871826172,-1561.7996397018433,-1575.1524784564972
survivor_1789_basin_1818_candidate_429_gencluster_429_conf_194681_implicit_min,16.692745208740234,62.44343185424805,378.2938232421875,-549.2059412002563,-1500.7551879882812,-1592.5313791036606
survivor_178_basin_182_candidate_1413_gencluster_1413_conf_153977_implicit_min,16.48333168029785,60.48401641845703,367.75775146484375,-332.4479579925537,-1701.8889513015747,-1589.6124382019043
survivor_1790_basin_1819_candidate_2807_gencluster_899_conf_193567_implicit_min,17.590240478515625,67.49632263183594,353.79876708984375,-589.9705638885498,-1442.1233739852905,-1593.208368331194
survivor_1791_basin_1820_candidate_1878_gencluster_1878_conf_002389_implicit_min,16.705007553100586,58.63282012939453,353.68682861328125,-382.7193343639374,-1636.7806236743927,-1590.4751932919025
survivor_1792_basin_1821_nma_bh_candidate_2739_gencluster_819_conf_086560_implicit_min_hop_001_mode01_p1.35A_implicit_min,19.85165023803711,84.9417495727539,349.0965576171875,-761.1322822570801,-1319.1033554077148,-1626.345531284809
survivor_1793_basin_1822_nma_bh_candidate_2989_gencluster_1124_conf_159390_implicit_min_hop_003_mode02_m0.75A_implicit_min,20.053333282470703,80.81477355957031,364.3921203613281,-416.4302968978882,-1627.6906414031982,-1578.8605235815048
survivor_1794_basin_1823_candidate_1536_gencluster_1536_conf_155277_implicit_min,20.37987518310547,79.68059539794922,390.52630615234375,-487.99847316741943,-1597.2888193130493,-1594.7009863853455
survivor_1795_basin_1824_candidate_2273_gencluster_193_conf_095557_implicit_min,17.089704513549805,65.13614654541016,363.788818359375,-447.3876314163208,-1594.8492131233215,-1596.222017467022
survivor_1796_basin_1825_candidate_2841_gencluster_938_conf_100791_implicit_min,18.068830490112305,70.9791488647461,372.7670593261719,-438.1291084289551,-1632.6902256011963,-1609.0037809312344
survivor_1797_basin_1826_explore_r02_hit_0030_conf_042665_implicit_min,18.881938934326172,73.53871154785156,360.6404113769531,-441.64109802246094,-1625.6199131011963,-1614.1990175247192
survivor_1798_basin_1827_nma_bh_candidate_659_gencluster_659_conf_039862_implicit_min_hop_000_mode01_m0.75A_implicit_min,19.48678207397461,73.19071197509766,372.04058837890625,-279.3704671859741,-1761.991442680359,-1576.6436991095543
survivor_1799_basin_1828_nma_bh_candidate_1888_gencluster_1888_conf_021802_implicit_min_hop_001_mode01_p0.75A_implicit_min,18.739355087280273,71.50685119628906,356.7689208984375,-403.0695495605469,-1617.5968260765076,-1573.6510777324438
survivor_179_basin_183_candidate_653_gencluster_653_conf_006090_implicit_min,18.46312713623047,76.83770751953125,363.6475524902344,-403.5953311920166,-1634.9490118026733,-1579.5950844287872
survivor_1800_basin_1829_nma_bh_candidate_1908_gencluster_1908_conf_138911_implicit_min_hop_003_mode02_m0.75A_implicit_min,18.271217346191406,71.71275329589844,376.62225341796875,-236.3938503265381,-1792.9389734268188,-1562.7267106324434
survivor_1801_basin_1830_nma_bh_candidate_1191_gencluster_1191_conf_097898_implicit_min_hop_002_mode01_p1.35A_implicit_min,18.878021240234375,83.92354583740234,360.4190368652344,-724.343542098999,-1356.0275468826294,-1617.1506515741348
survivor_1802_basin_1831_nma_bh_candidate_2420_gencluster_382_conf_082252_implicit_min_hop_002_mode01_p1.35A_implicit_min,21.298587799072266,91.53108978271484,367.89508056640625,-595.2302703857422,-1477.6424813270569,-1592.1480412483215
survivor_1803_basin_1832_candidate_1039_gencluster_1039_conf_166483_implicit_min,17.491073608398438,71.21333312988281,373.71160888671875,-493.84185314178467,-1572.1316328048706,-1603.55748462677
survivor_1804_basin_1833_candidate_2172_gencluster_072_conf_167491_implicit_min,16.763246536254883,60.51657485961914,376.3755187988281,-422.97625732421875,-1607.4479398727417,-1576.7687004804611
survivor_1805_basin_1834_explore_r01_hit_0080_conf_043732_implicit_min,20.437585830688477,80.23311614990234,367.2734680175781,-191.59855556488037,-1833.573229789734,-1557.228115439415
survivor_1806_basin_1835_candidate_293_gencluster_293_conf_007072_implicit_min,17.486696243286133,57.28215408325195,378.8772888183594,-394.92804479599,-1641.383864402771,-1582.6660300791264
survivor_1807_basin_1836_candidate_1386_gencluster_1386_conf_023472_implicit_min,17.892738342285156,62.77009582519531,388.431640625,-604.7616367340088,-1465.52197265625,-1601.1896090507507
survivor_1808_basin_1837_candidate_1826_gencluster_1826_conf_010442_implicit_min,18.677379608154297,71.33513641357422,378.70367431640625,-435.2257089614868,-1629.2381873130798,-1595.747166633606
survivor_1809_basin_1838_nma_bh_candidate_1168_gencluster_1168_conf_154905_implicit_min_hop_003_mode01_m1.35A_implicit_min,18.25825309753418,75.75926208496094,375.5474853515625,-593.0410594940186,-1468.4261002540588,-1591.9020767211914
survivor_180_basin_184_candidate_937_gencluster_937_conf_132835_implicit_min,18.295330047607422,72.51677703857422,355.4782409667969,-332.51652908325195,-1724.8305435180664,-1611.05717420578
survivor_1810_basin_1839_candidate_1723_gencluster_1723_conf_010431_implicit_min,15.169766426086426,61.437042236328125,379.7798156738281,-425.14358949661255,-1592.9389266967773,-1561.6965200603008
survivor_1811_basin_1840_candidate_1108_gencluster_1108_conf_088150_implicit_min,16.52561378479004,63.78681945800781,353.16339111328125,-304.9497699737549,-1729.4203605651855,-1600.8946322649717
survivor_1812_basin_1841_candidate_1457_gencluster_1457_conf_056726_implicit_min,16.674787521362305,59.41864776611328,359.4525146484375,-441.89412212371826,-1589.0435104370117,-1595.391820281744
survivor_1813_basin_1842_candidate_2597_gencluster_624_conf_053659_implicit_min,17.35041618347168,75.6163101196289,366.8069152832031,-554.8078570365906,-1520.0275275707245,-1615.0621518194675
survivor_1814_basin_1843_candidate_524_gencluster_524_conf_030073_implicit_min,21.016098022460938,75.40904235839844,357.77825927734375,-636.7446994781494,-1428.7335300445557,-1611.274821281433
survivor_1815_basin_1844_nma_bh_candidate_369_gencluster_369_conf_030202_implicit_min_hop_002_mode02_m1.35A_implicit_min,17.975723266601562,67.77487182617188,397.7216491699219,-385.17512702941895,-1658.6824283599854,-1560.385006904602
survivor_1816_basin_1845_nma_bh_candidate_1114_gencluster_1114_conf_035202_implicit_min_hop_001_mode01_m0.75A_implicit_min,18.34379005432129,74.4633560180664,376.4168701171875,-707.5519218444824,-1402.4772510528564,-1640.805180490017
survivor_1817_basin_1846_nma_bh_candidate_2879_gencluster_988_conf_169931_implicit_min_hop_003_mode01_p0.75A_implicit_min,19.034650802612305,81.51201629638672,374.4429931640625,-498.6717052459717,-1584.7358179092407,-1608.4176544845104
survivor_1818_basin_1847_explore_r04_hit_0035_conf_034309_implicit_min,17.785736083984375,69.86819458007812,362.0753173828125,-261.16991329193115,-1773.798334121704,-1585.2386776208878
survivor_1819_basin_1848_nma_bh_candidate_388_gencluster_388_conf_015681_implicit_min_hop_003_mode01_m1.35A_implicit_min,17.874927520751953,63.851600646972656,358.9609069824219,-426.01616621017456,-1571.8485598564148,-1557.1773578077555
survivor_181_basin_185_candidate_102_gencluster_102_conf_007271_implicit_min,19.606048583984375,75.48492431640625,354.7685241699219,-392.1580195426941,-1653.3241000175476,-1595.6223566532135
survivor_1820_basin_1849_nma_bh_candidate_1154_gencluster_1154_conf_003210_implicit_min_hop_001_mode01_m0.75A_implicit_min,15.62122917175293,63.7378044128418,367.63995361328125,-523.613356590271,-1521.2673454284668,-1597.8819978237152
survivor_1821_basin_1850_candidate_526_gencluster_526_conf_023840_implicit_min,17.702842712402344,77.34799194335938,385.98779296875,-511.65653800964355,-1564.2126350402832,-1594.8300706148148
survivor_1822_basin_1851_nma_bh_candidate_1114_gencluster_1114_conf_035202_implicit_min_hop_002_mode02_p0.75A_implicit_min,16.82508659362793,70.45336151123047,358.57623291015625,-553.1771745681763,-1531.2067670822144,-1638.5295049250126
survivor_1823_basin_1852_nma_bh_candidate_484_gencluster_484_conf_150688_implicit_min_hop_003_mode02_p1.35A_implicit_min,20.248397827148438,91.27986145019531,371.0018310546875,-513.8974313735962,-1569.2125234603882,-1600.5797127485275
survivor_1824_basin_1853_candidate_1668_gencluster_1668_conf_043193_implicit_min,20.49460220336914,76.59175109863281,371.3177490234375,-450.99219131469727,-1583.8131747245789,-1566.4016802608967
survivor_1825_basin_1854_candidate_2398_gencluster_355_conf_085326_implicit_min,19.974071502685547,81.18866729736328,360.7882385253906,-512.6318197250366,-1559.7288732528687,-1610.4100337028503
survivor_1826_basin_1855_nma_bh_candidate_2517_gencluster_509_conf_118702_implicit_min_hop_001_mode02_m0.75A_implicit_min,22.413536071777344,94.25248718261719,360.1615905761719,-682.7053208351135,-1377.5098176002502,-1583.3872885107994
survivor_1827_basin_1856_candidate_1024_gencluster_1024_conf_011514_implicit_min,14.578863143920898,53.4224853515625,368.9798278808594,-286.0086064338684,-1733.289662361145,-1582.3169960677624
survivor_1828_basin_1857_candidate_1789_gencluster_1789_conf_038196_implicit_min,18.617420196533203,73.73225402832031,369.43243408203125,-465.99660778045654,-1582.7134656906128,-1586.928559064865
survivor_1829_basin_1858_explore_r04_hit_0021_conf_012455_implicit_min,18.418062210083008,64.44659423828125,344.781982421875,-250.9997239112854,-1764.8990449905396,-1588.2525462806225
survivor_182_basin_186_candidate_2501_gencluster_486_conf_164314_implicit_min,17.23883628845215,69.93586730957031,368.4985656738281,-425.87141513824463,-1636.6651239395142,-1606.862856939435
survivor_1830_basin_1859_nma_bh_candidate_706_gencluster_706_conf_010197_implicit_min_hop_000_mode01_p1.35A_implicit_min,20.761966705322266,76.97882080078125,373.5726318359375,-617.4854774475098,-1468.338604927063,-1614.5107652246952
survivor_1831_basin_1860_nma_bh_candidate_631_gencluster_631_conf_003162_implicit_min_hop_002_mode02_p0.75A_implicit_min,20.370983123779297,80.42282104492188,375.56298828125,-446.86172103881836,-1613.509599685669,-1584.0146550238132
survivor_1832_basin_1861_nma_bh_candidate_1138_gencluster_1138_conf_004095_implicit_min_hop_001_mode02_m0.75A_implicit_min,21.608427047729492,78.41152954101562,337.6580505371094,-476.6641855239868,-1573.9310188293457,-1612.9170821905136
survivor_1833_basin_1862_candidate_1083_gencluster_1083_conf_141035_implicit_min,15.274127960205078,60.27800369262695,375.8144836425781,-555.9181060791016,-1479.3927450180054,-1583.944044828415
survivor_1834_basin_1863_candidate_2143_gencluster_038_conf_035706_implicit_min,20.17658233642578,78.24555969238281,366.2747802734375,-403.50659561157227,-1631.5750570297241,-1570.385015308857
survivor_1835_basin_1864_candidate_1760_gencluster_1760_conf_164817_implicit_min,16.0637264251709,58.163368225097656,364.77618408203125,-215.9267554283142,-1799.6866126060486,-1576.6101186871529
survivor_1836_basin_1865_nma_bh_candidate_2739_gencluster_819_conf_086560_implicit_min_hop_002_mode02_m1.35A_implicit_min,17.672765731811523,73.81857299804688,360.31097412109375,-451.6574172973633,-1599.7618227005005,-1599.6169605404139
survivor_1837_basin_1866_candidate_1222_gencluster_1222_conf_017605_implicit_min,20.284358978271484,81.23379516601562,352.4192810058594,-293.125563621521,-1762.8543701171875,-1602.0424382686615
survivor_1838_basin_1867_candidate_1554_gencluster_1554_conf_020388_implicit_min,17.964876174926758,67.46392822265625,360.5946044921875,-412.51078701019287,-1623.1494121551514,-1589.6368905305862
survivor_1839_basin_1868_nma_bh_candidate_2918_gencluster_1033_conf_098844_implicit_min_hop_000_mode02_m0.75A_implicit_min,18.733488082885742,80.23599243164062,367.3163146972656,-556.2886500358582,-1503.8023347854614,-1593.8043162822723
survivor_183_basin_187_nma_bh_candidate_2083_gencluster_2083_conf_036478_implicit_min_hop_001_mode01_p1.35A_implicit_min,18.94937515258789,75.71879577636719,361.76031494140625,-444.9122476577759,-1596.3415360450745,-1584.8254602104425
survivor_1840_basin_1869_candidate_2938_gencluster_1059_conf_055680_implicit_min,15.551194190979004,55.09294891357422,359.9739074707031,-364.61703634262085,-1655.4472937583923,-1589.4465840905905
survivor_1841_basin_1870_candidate_012_gencluster_012_conf_112812_implicit_min,16.024394989013672,61.66900634765625,356.82220458984375,-548.6563034057617,-1480.9636459350586,-1595.1040239334106
survivor_1842_basin_1871_candidate_900_gencluster_900_conf_028225_implicit_min,20.263011932373047,75.57572937011719,378.2624816894531,-239.03725481033325,-1791.965796470642,-1556.9021195322275
survivor_1843_basin_1872_candidate_1342_gencluster_1342_conf_005620_implicit_min,16.5438232421875,58.267555236816406,388.02581787109375,-522.5126051902771,-1527.733392715454,-1587.408403068781
survivor_1844_basin_1873_candidate_2867_gencluster_973_conf_126544_implicit_min,19.40027618408203,79.71895599365234,365.82965087890625,-695.9176254272461,-1411.7352962493896,-1642.7037601470947
survivor_1845_basin_1874_candidate_1847_gencluster_1847_conf_135034_implicit_min,15.431017875671387,57.95860290527344,368.259521484375,-399.6402850151062,-1628.7412552833557,-1586.7321591228247
survivor_1846_basin_1875_nma_bh_candidate_2457_gencluster_433_conf_149315_implicit_min_hop_002_mode01_m1.35A_implicit_min,17.553159713745117,75.14421844482422,366.67816162109375,-382.7991371154785,-1688.6152564287186,-1612.0381158590317
survivor_1847_basin_1876_candidate_2922_gencluster_1037_conf_037858_implicit_min,18.011320114135742,76.26261901855469,363.1841735839844,-472.4749765396118,-1581.0207495689392,-1596.0378450751305
survivor_1848_basin_1877_candidate_158_gencluster_158_conf_058217_implicit_min,18.07809829711914,67.94937896728516,384.53070068359375,-558.8767471313477,-1479.190167427063,-1567.5081641674042
survivor_1849_basin_1878_candidate_1445_gencluster_1445_conf_003705_implicit_min,19.248159408569336,67.73809814453125,373.56243896484375,-597.7615242004395,-1490.1345224380493,-1627.3473029136658
survivor_184_basin_188_candidate_1186_gencluster_1186_conf_076212_implicit_min,17.733644485473633,61.21702575683594,358.787841796875,-511.745756149292,-1532.1003551483154,-1606.108165025711
survivor_1850_basin_1879_candidate_2257_gencluster_176_conf_040722_implicit_min,18.86509132385254,79.82235717773438,363.96435546875,-545.6159687042236,-1515.5285549163818,-1598.4921835660934
survivor_1851_basin_1880_explore_r03_hit_0003_conf_021809_implicit_min,15.98371410369873,57.49447250366211,353.0648193359375,-329.1655035018921,-1682.653699874878,-1585.275706768036
survivor_1852_basin_1881_nma_bh_candidate_1908_gencluster_1908_conf_138911_implicit_min_hop_002_mode01_p1.35A_implicit_min,18.719322204589844,72.05422973632812,366.8788146972656,-379.80895042419434,-1657.8532581329346,-1580.009325325489
survivor_1853_basin_1882_nma_bh_candidate_2684_gencluster_753_conf_185631_implicit_min_hop_002_mode02_p0.75A_implicit_min,21.990690231323242,89.70057678222656,357.3287048339844,-549.9452567100525,-1526.2047243118286,-1607.129771336913
survivor_1854_basin_1883_nma_bh_candidate_1714_gencluster_1714_conf_011260_implicit_min_hop_002_mode01_p1.35A_implicit_min,17.962799072265625,65.7551040649414,387.1541442871094,-701.9012222290039,-1370.7017374038696,-1601.7309761047363
survivor_1855_basin_1884_candidate_2209_gencluster_119_conf_083594_implicit_min,18.00440788269043,70.77670288085938,365.1147766113281,-466.2870759963989,-1575.76833152771,-1588.1590614318848
survivor_1856_basin_1885_nma_bh_candidate_1920_gencluster_1920_conf_068917_implicit_min_hop_001_mode02_p1.35A_implicit_min,19.324600219726562,80.70433044433594,359.02294921875,-580.4986410140991,-1471.028964996338,-1592.475739955902
survivor_1857_basin_1886_nma_bh_candidate_2437_gencluster_400_conf_053256_implicit_min_hop_002_mode01_p1.35A_implicit_min,17.408843994140625,66.27301788330078,353.81549072265625,-447.72851371765137,-1588.9282474517822,-1599.159647345543
survivor_1858_basin_1887_nma_bh_candidate_720_gencluster_720_conf_069593_implicit_min_hop_000_mode02_m1.35A_implicit_min,18.2745361328125,59.80432891845703,396.86724853515625,-402.4883728027344,-1634.95521068573,-1562.4974174797535
survivor_1859_basin_1888_candidate_2719_gencluster_794_conf_081454_implicit_min,18.515281677246094,67.47415161132812,364.37615966796875,-414.94746494293213,-1616.2886409759521,-1580.8705179691315
survivor_185_basin_189_nma_bh_candidate_1992_gencluster_1992_conf_005930_implicit_min_hop_002_mode01_m0.75A_implicit_min,19.878555297851562,87.15402221679688,377.1246643066406,-569.4275918006897,-1505.717812538147,-1590.9887548834085
survivor_1860_basin_1889_nma_bh_candidate_2663_gencluster_717_conf_014249_implicit_min_hop_000_mode02_m1.35A_implicit_min,18.26160430908203,79.652587890625,374.430908203125,-379.81162691116333,-1697.367618560791,-1604.8345761299133
survivor_1861_basin_1890_candidate_2381_gencluster_328_conf_096708_implicit_min,15.411901473999023,60.13863754272461,368.9350891113281,-390.629647731781,-1641.432288646698,-1587.5766413211823
survivor_1862_basin_1891_candidate_2591_gencluster_618_conf_024521_implicit_min,17.322887420654297,65.37806701660156,359.3248291015625,-337.24123191833496,-1681.9035711288452,-1577.1178023219109
survivor_1863_basin_1892_candidate_1392_gencluster_1392_conf_005068_implicit_min,19.397302627563477,80.24069213867188,361.96746826171875,-332.846556186676,-1715.4805302619934,-1586.7218898236752
survivor_1864_basin_1893_candidate_2201_gencluster_109_conf_100050_implicit_min,21.434602737426758,85.28388214111328,378.63323974609375,-502.5985040664673,-1578.3469576835632,-1595.5935868769884
survivor_1865_basin_1894_nma_bh_candidate_2136_gencluster_029_conf_073146_implicit_min_hop_002_mode01_p1.35A_implicit_min,17.041748046875,72.67046356201172,378.95343017578125,-512.0973215103149,-1551.9172620773315,-1595.3489323556423
survivor_1866_basin_1895_candidate_1853_gencluster_1853_conf_062467_implicit_min,18.635725021362305,78.69020080566406,371.4488220214844,-683.6173620223999,-1405.462646484375,-1620.3053731918335
survivor_1867_basin_1896_nma_bh_candidate_109_gencluster_109_conf_041191_implicit_min_hop_002_mode02_m1.35A_implicit_min,19.6503849029541,80.62313842773438,363.65277099609375,-547.1795091629028,-1521.7916412353516,-1605.045015156269
survivor_1868_basin_1897_nma_bh_candidate_781_gencluster_781_conf_154971_implicit_min_hop_002_mode02_m1.35A_implicit_min,18.495410919189453,64.8508071899414,374.88446044921875,-365.9154586791992,-1677.121934890747,-1584.8065202236176
survivor_1869_basin_1898_candidate_2806_gencluster_898_conf_188260_implicit_min,19.880664825439453,89.59513092041016,371.4030456542969,-586.8105506896973,-1513.2203121185303,-1619.1526069641113
survivor_186_basin_190_nma_bh_candidate_2293_gencluster_217_conf_180539_implicit_min_hop_000_mode02_p1.35A_implicit_min,16.0836124420166,50.5296630859375,375.24560546875,-434.26066875457764,-1600.5784707069397,-1592.9797080904245
survivor_1870_basin_1899_candidate_258_gencluster_258_conf_176855_implicit_min,18.981111526489258,77.75863647460938,368.53472900390625,-579.7064008712769,-1483.0485038757324,-1597.4802450239658
survivor_1871_basin_1900_candidate_2808_gencluster_900_conf_137777_implicit_min,18.858219146728516,70.8733901977539,353.263916015625,-564.8080625534058,-1476.5659956932068,-1598.3785592317581
survivor_1872_basin_1901_explore_r03_hit_0047_conf_021891_implicit_min,19.684816360473633,79.75198364257812,372.91845703125,-490.150390625,-1592.399206161499,-1610.1943578720093
survivor_1873_basin_1902_candidate_136_gencluster_136_conf_010209_implicit_min,15.504936218261719,61.63386154174805,370.64410400390625,-215.86170768737793,-1811.186707496643,-1579.2657699286938
survivor_1874_basin_1903_nma_bh_candidate_1114_gencluster_1114_conf_035202_implicit_min_hop_001_mode01_p0.75A_implicit_min,19.210811614990234,80.69634246826172,412.1732177734375,-679.5420322418213,-1427.0050163269043,-1594.4663750231266
survivor_1875_basin_1904_explore_r03_hit_0023_conf_019060_implicit_min,18.833871841430664,75.21350860595703,402.6707763671875,-787.1624660491943,-1286.4087867736816,-1576.8533409237862
survivor_1876_basin_1905_candidate_450_gencluster_450_conf_045125_implicit_min,16.054019927978516,56.36473083496094,368.3487548828125,-441.2268714904785,-1576.72616481781,-1577.1866628527641
survivor_1877_basin_1906_nma_bh_candidate_1908_gencluster_1908_conf_138911_implicit_min_hop_003_mode02_m1.35A_implicit_min,17.919544219970703,71.49212646484375,376.4759826660156,-220.43253135681152,-1807.787724018097,-1562.333339318633
survivor_1878_basin_1907_nma_bh_candidate_2577_gencluster_598_conf_071976_implicit_min_hop_003_mode01_m0.75A_implicit_min,16.19021224975586,63.95580291748047,390.32183837890625,-437.41497802734375,-1631.265287399292,-1598.2120741605759
survivor_1879_basin_1908_candidate_1142_gencluster_1142_conf_002750_implicit_min,17.26049041748047,64.49665832519531,362.8121337890625,-263.8558568954468,-1779.3115239143372,-1598.598115503788
survivor_187_basin_191_nma_bh_candidate_2663_gencluster_717_conf_014249_implicit_min_hop_003_mode01_p0.75A_implicit_min,18.868009567260742,77.02538299560547,365.56561279296875,-340.9417471885681,-1729.288978099823,-1608.7718296051025
survivor_1880_basin_1909_candidate_2877_gencluster_986_conf_145645_implicit_min,20.558467864990234,87.25794982910156,352.88336181640625,-469.82526206970215,-1558.6930541992188,-1567.8184592723846
survivor_1881_basin_1910_candidate_1028_gencluster_1028_conf_063210_implicit_min,18.24497413635254,71.05984497070312,376.12152099609375,-445.1675853729248,-1602.1858282089233,-1581.9261184930801
survivor_1882_basin_1911_candidate_2338_gencluster_275_conf_100749_implicit_min,19.46514129638672,72.84255981445312,373.7643737792969,-520.9867553710938,-1523.1550464630127,-1578.070698261261
survivor_1883_basin_1912_nma_bh_candidate_583_gencluster_583_conf_027260_implicit_min_hop_001_mode02_p0.75A_implicit_min,20.349708557128906,74.87882995605469,372.29632568359375,-531.462963104248,-1512.2982215881348,-1576.236049413681
survivor_1884_basin_1913_nma_bh_candidate_2548_gencluster_554_conf_187437_implicit_min_hop_002_mode02_p1.35A_implicit_min,17.448566436767578,65.78944396972656,355.55438232421875,-436.64828968048096,-1578.502191543579,-1576.3587743639946
survivor_1885_basin_1914_nma_bh_candidate_2390_gencluster_342_conf_095022_implicit_min_hop_002_mode01_m1.35A_implicit_min,20.87234878540039,84.09334564208984,366.643310546875,-509.4879627227783,-1559.0026922225952,-1596.8811438679695
survivor_1886_basin_1915_candidate_2717_gencluster_792_conf_154276_implicit_min,22.785030364990234,82.9609375,358.41168212890625,-476.16065406799316,-1576.006625175476,-1588.0094872117043
survivor_1887_basin_1916_candidate_1444_gencluster_1444_conf_061386_implicit_min,16.09908103942871,60.43701934814453,380.2515869140625,-573.9432239532471,-1464.2997779846191,-1581.4553117752075
survivor_1888_basin_1917_candidate_1339_gencluster_1339_conf_088413_implicit_min,19.74260902404785,81.36611938476562,362.66973876953125,-477.21152544021606,-1609.3352618217468,-1622.7683067321777
survivor_1889_basin_1918_nma_bh_candidate_768_gencluster_768_conf_013652_implicit_min_hop_000_mode02_p1.35A_implicit_min,18.17950439453125,81.50863647460938,354.2872314453125,-752.0295219421387,-1360.9741201400757,-1659.0280534625053
survivor_188_basin_192_explore_r04_hit_0064_conf_046996_implicit_min,18.495899200439453,71.30072784423828,354.95819091796875,-648.5494956970215,-1433.1022806167603,-1636.8974649906158
survivor_1890_basin_1919_candidate_1786_gencluster_1786_conf_010385_implicit_min,16.427526473999023,61.117401123046875,394.462646484375,-532.7892003059387,-1492.3052263259888,-1553.0864322930574
survivor_1891_basin_1920_nma_bh_candidate_231_gencluster_231_conf_058839_implicit_min_hop_003_mode01_p0.75A_implicit_min,18.95372200012207,68.31893920898438,362.0663146972656,-424.65039253234863,-1595.2123222351074,-1570.5232474505901
survivor_1892_basin_1921_explore_r05_hit_0017_conf_006679_implicit_min,18.490808486938477,72.02351379394531,368.7918701171875,-757.9692935943604,-1325.2921895980835,-1623.955603837967
survivor_1893_basin_1922_nma_bh_candidate_1647_gencluster_1647_conf_134687_implicit_min_hop_003_mode01_p0.75A_implicit_min,17.35293197631836,67.52850341796875,395.0726318359375,-616.1622657775879,-1457.989089012146,-1594.198574066162
survivor_1894_basin_1923_candidate_932_gencluster_932_conf_143997_implicit_min,18.641021728515625,72.1070556640625,383.68682861328125,-574.5560522079468,-1485.3882360458374,-1585.509913444519
survivor_1895_basin_1924_candidate_2919_gencluster_1034_conf_068335_implicit_min,18.16168785095215,66.69987487792969,360.6192626953125,-840.8390655517578,-1233.0537929534912,-1628.4125716090202
survivor_1896_basin_1925_candidate_1121_gencluster_1121_conf_001033_implicit_min,19.944971084594727,83.76162719726562,365.28125,-583.3367247581482,-1471.790057182312,-1586.1386384516954
survivor_1897_basin_1927_explore_r02_hit_0014_conf_015434_implicit_min,20.064558029174805,69.94242858886719,350.45526123046875,-634.6812210083008,-1425.307059288025,-1619.5255680084229
survivor_1898_basin_1928_candidate_2002_gencluster_2002_conf_132048_implicit_min,16.759965896606445,58.2324333190918,352.44989013671875,-333.37574434280396,-1692.8830995559692,-1598.8164106160402
survivor_1899_basin_1929_nma_bh_candidate_2577_gencluster_598_conf_071976_implicit_min_hop_003_mode01_m1.35A_implicit_min,15.741556167602539,63.232032775878906,390.84429931640625,-426.82602882385254,-1642.9405670166016,-1599.9480724334717
survivor_189_basin_193_candidate_377_gencluster_377_conf_029053_implicit_min,21.223262786865234,78.53740692138672,348.470947265625,-699.1460227966309,-1340.9127807617188,-1591.828351855278
survivor_1900_basin_1930_candidate_1065_gencluster_1065_conf_007251_implicit_min,18.434560775756836,66.38352966308594,355.26788330078125,-432.93274879455566,-1634.873797416687,-1627.7208474874496
survivor_1901_basin_1931_candidate_007_gencluster_007_conf_028531_implicit_min,17.37397575378418,60.488555908203125,382.783935546875,-379.6504030227661,-1647.6470909118652,-1566.6504333168268
survivor_1902_basin_1932_candidate_1354_gencluster_1354_conf_125315_implicit_min,18.045185089111328,60.967247009277344,383.202392578125,-552.4170475006104,-1490.3156070709229,-1580.5187588632107
survivor_1903_basin_1933_candidate_554_gencluster_554_conf_127331_implicit_min,18.08135223388672,61.30010986328125,360.5503234863281,-474.79545402526855,-1555.434302330017,-1590.2987112402916
survivor_1904_basin_1934_nma_bh_candidate_1714_gencluster_1714_conf_011260_implicit_min_hop_001_mode01_p0.75A_implicit_min,18.962221145629883,75.27195739746094,368.7603759765625,-454.92112827301025,-1632.5593919754028,-1624.4858854413033
survivor_1905_basin_1935_candidate_1598_gencluster_1598_conf_068225_implicit_min,15.734527587890625,52.38133239746094,394.8599853515625,-522.9488687515259,-1554.2542686462402,-1614.2269525527954
survivor_1906_basin_1936_nma_bh_candidate_2792_gencluster_884_conf_057741_implicit_min_hop_000_mode01_p0.75A_implicit_min,18.549976348876953,71.51435852050781,383.6729736328125,-557.210412979126,-1528.0719776153564,-1611.5448548793793
survivor_1907_basin_1937_candidate_1894_gencluster_1894_conf_005292_implicit_min,16.50173568725586,60.78938293457031,383.5615539550781,-336.7619285583496,-1690.8563089370728,-1566.766310930252
survivor_1908_basin_1938_explore_r03_hit_0018_conf_038029_implicit_min,17.16465187072754,62.825687408447266,363.744384765625,-654.8947734832764,-1402.1839847564697,-1613.3439874649048
survivor_1909_basin_1939_candidate_1181_gencluster_1181_conf_085879_implicit_min,18.359146118164062,71.08375549316406,375.67620849609375,-628.6028366088867,-1440.2199244499207,-1603.7036428451538
survivor_190_basin_194_candidate_1147_gencluster_1147_conf_020654_implicit_min,22.432621002197266,102.32986450195312,356.1856384277344,-333.00622749328613,-1688.6027221679688,-1540.660411387682
survivor_1910_basin_1940_candidate_1843_gencluster_1843_conf_177339_implicit_min,16.14260482788086,61.64440155029297,345.7521057128906,-286.20156955718994,-1727.111750125885,-1589.7739955186844
survivor_1911_basin_1941_candidate_1890_gencluster_1890_conf_005281_implicit_min,19.33681297302246,70.11587524414062,364.2230529785156,-511.6742935180664,-1575.8347778320312,-1633.8328983783722
survivor_1912_basin_1942_candidate_348_gencluster_348_conf_165773_implicit_min,16.91777801513672,60.045509338378906,366.2237243652344,-487.3903465270996,-1560.0874662399292,-1604.291097164154
survivor_1913_basin_1943_nma_bh_candidate_1391_gencluster_1391_conf_031128_implicit_min_hop_000_mode01_m1.35A_implicit_min,19.517417907714844,81.46467590332031,361.84259033203125,-522.2273817062378,-1584.7147970199585,-1644.117750287056
survivor_1914_basin_1944_explore_r03_hit_0020_conf_011040_implicit_min,16.094036102294922,61.79711151123047,363.212890625,-331.46385860443115,-1675.8152055740356,-1566.174465417862
survivor_1915_basin_1945_explore_r01_hit_0053_conf_043485_implicit_min,18.615455627441406,69.11680603027344,348.50091552734375,-556.1219062805176,-1526.8417959213257,-1646.7311611175537
survivor_1916_basin_1946_candidate_1604_gencluster_1604_conf_142063_implicit_min,20.056297302246094,81.27519226074219,365.82489013671875,-488.34681224823,-1567.1720609664917,-1588.3627469539642
survivor_1917_basin_1947_nma_bh_candidate_2437_gencluster_400_conf_053256_implicit_min_hop_002_mode01_p0.75A_implicit_min,17.56352424621582,66.26492309570312,351.7484130859375,-426.6019535064697,-1611.8559770584106,-1602.8808847665787
survivor_1918_basin_1948_candidate_2487_gencluster_467_conf_199774_implicit_min,16.4266357421875,62.87683868408203,371.1314697265625,-473.92443084716797,-1602.0944199562073,-1625.5840516090393
survivor_1919_basin_1949_nma_bh_candidate_109_gencluster_109_conf_041191_implicit_min_hop_003_mode02_p0.75A_implicit_min,20.082164764404297,85.77278137207031,386.798095703125,-555.6928491592407,-1528.6507272720337,-1591.690617531538
survivor_191_basin_195_nma_bh_candidate_1168_gencluster_1168_conf_154905_implicit_min_hop_001_mode01_m0.75A_implicit_min,18.401424407958984,77.28485870361328,378.78448486328125,-614.3319129943848,-1440.8024950027466,-1580.6635527610779
survivor_1920_basin_1950_nma_bh_candidate_2734_gencluster_813_conf_171932_implicit_min_hop_000_mode01_m0.75A_implicit_min,18.1954402923584,74.28082275390625,357.6804504394531,-281.38759994506836,-1753.4743099212646,-1584.706222295761
survivor_1921_basin_1951_candidate_2566_gencluster_583_conf_135901_implicit_min,21.05691909790039,88.73399353027344,348.1706237792969,-526.2594833374023,-1510.291997909546,-1578.5902962684631
survivor_1922_basin_1952_candidate_308_gencluster_308_conf_145766_implicit_min,17.240859985351562,69.3165054321289,364.7394714355469,-596.8301682472229,-1437.9182109832764,-1583.4516633749008
survivor_1923_basin_1953_candidate_131_gencluster_131_conf_022378_implicit_min,19.218053817749023,79.08084869384766,361.8074951171875,-643.9765367507935,-1414.6209983825684,-1598.4909524917603
survivor_1924_basin_1954_candidate_2500_gencluster_485_conf_139120_implicit_min,16.314008712768555,56.959312438964844,357.93756103515625,-438.7490758895874,-1600.8932256698608,-1608.431774482131
survivor_1925_basin_1955_nma_bh_candidate_2437_gencluster_400_conf_053256_implicit_min_hop_002_mode02_m0.75A_implicit_min,17.557098388671875,68.17293548583984,348.5579528808594,-399.6727590560913,-1635.6885662078857,-1601.0733470916748
survivor_1926_basin_1956_nma_bh_candidate_862_gencluster_862_conf_049308_implicit_min_hop_001_mode02_p0.75A_implicit_min,16.70267105102539,61.29807662963867,377.1405944824219,-658.9252948760986,-1383.6262912750244,-1587.4093228578568
survivor_1927_basin_1957_candidate_146_gencluster_146_conf_010520_implicit_min,15.65440845489502,58.9794921875,363.25927734375,-344.0137481689453,-1677.9360427856445,-1584.0564621388912
survivor_1928_basin_1958_candidate_2334_gencluster_266_conf_185364_implicit_min,19.092300415039062,72.95510864257812,376.50323486328125,-397.4551486968994,-1676.7443218231201,-1605.6488602161407
survivor_1929_basin_1959_nma_bh_candidate_2364_gencluster_303_conf_151536_implicit_min_hop_001_mode02_m1.35A_implicit_min,18.47947120666504,79.74182891845703,366.776123046875,-517.2780046463013,-1529.75186252594,-1582.0327741801739
survivor_192_basin_196_candidate_2749_gencluster_832_conf_108514_implicit_min,17.894495010375977,66.70120239257812,358.8321533203125,-509.2851972579956,-1538.0858039855957,-1603.9426816403866
survivor_1930_basin_1960_explore_r04_hit_0023_conf_041068_implicit_min,17.766252517700195,65.06795501708984,377.1878967285156,-618.9349966049194,-1446.7267627716064,-1605.6386020183563
survivor_1931_basin_1961_candidate_665_gencluster_665_conf_037063_implicit_min,18.372411727905273,79.24887084960938,375.9328308105469,-812.4385356903076,-1321.0634813308716,-1659.9480538368225
survivor_1932_basin_1962_nma_bh_candidate_2234_gencluster_149_conf_175099_implicit_min_hop_002_mode02_m0.75A_implicit_min,18.97026824951172,70.06895446777344,361.72100830078125,-421.6607413291931,-1632.2004823684692,-1603.1009999364614
survivor_1933_basin_1963_candidate_2113_gencluster_003_conf_090213_implicit_min,17.803651809692383,80.18836975097656,364.1207580566406,-532.6783213615417,-1500.7001113891602,-1571.2651957571507
survivor_1934_basin_1964_nma_bh_candidate_541_gencluster_541_conf_145579_implicit_min_hop_000_mode02_m0.75A_implicit_min,19.46584701538086,67.34542846679688,379.3802490234375,-499.773663520813,-1553.8504877090454,-1587.4331313371658
survivor_1935_basin_1965_candidate_1361_gencluster_1361_conf_013748_implicit_min,17.634950637817383,62.5784797668457,352.3541259765625,-388.6199064254761,-1630.8503131866455,-1586.9026497602463
survivor_1936_basin_1966_nma_bh_candidate_2867_gencluster_973_conf_126544_implicit_min_hop_003_mode01_m1.35A_implicit_min,18.1332950592041,76.1294174194336,373.941650390625,-628.1602687835693,-1479.322772026062,-1639.2788889408112
survivor_1937_basin_1967_candidate_511_gencluster_511_conf_009123_implicit_min,18.970958709716797,78.19762420654297,362.07122802734375,-584.0073852539062,-1510.712634086609,-1635.480285704136
survivor_1938_basin_1968_nma_bh_candidate_2101_gencluster_2101_conf_074791_implicit_min_hop_000_mode01_p1.35A_implicit_min,18.063308715820312,73.81015014648438,369.5029296875,-522.0893125534058,-1540.780092716217,-1601.493264913559
survivor_1939_basin_1969_candidate_2781_gencluster_870_conf_104183_implicit_min,19.742023468017578,78.26852416992188,360.05718994140625,-465.1448917388916,-1578.6306614875793,-1585.7077902555466
survivor_193_basin_197_nma_bh_candidate_1139_gencluster_1139_conf_053753_implicit_min_hop_003_mode02_m1.35A_implicit_min,19.12215232849121,80.93075561523438,374.70166015625,-375.45830631256104,-1668.1136927604675,-1568.8176024854183
survivor_1940_basin_1970_nma_bh_candidate_657_gencluster_657_conf_033799_implicit_min_hop_002_mode02_p1.35A_implicit_min,18.5929012298584,87.931640625,399.2741394042969,-624.8445434570312,-1419.3849864006042,-1538.4312811493874
survivor_1941_basin_1971_candidate_238_gencluster_238_conf_135149_implicit_min,18.602371215820312,78.88725280761719,375.302001953125,-510.1424174308777,-1576.621768951416,-1613.9733599424362
survivor_1942_basin_1972_candidate_325_gencluster_325_conf_027120_implicit_min,17.676084518432617,70.16572570800781,380.7187194824219,-370.982985496521,-1652.0466480255127,-1554.4684645831585
survivor_1943_basin_1973_candidate_1317_gencluster_1317_conf_149718_implicit_min,18.506967544555664,67.75080871582031,360.4501953125,-451.6032180786133,-1575.255672454834,-1580.1506788283587
survivor_1944_basin_1974_candidate_1575_gencluster_1575_conf_040754_implicit_min,16.58269691467285,58.79072570800781,364.39581298828125,-446.35283851623535,-1613.622775554657,-1620.206040263176
survivor_1945_basin_1975_nma_bh_candidate_1519_gencluster_1519_conf_015687_implicit_min_hop_003_mode01_m0.75A_implicit_min,17.27838134765625,74.08460998535156,366.34375,-463.0335693359375,-1620.0763082504272,-1625.4028344154358
survivor_1946_basin_1976_nma_bh_candidate_2395_gencluster_349_conf_060719_implicit_min_hop_000_mode02_p1.35A_implicit_min,19.383617401123047,80.17375183105469,363.72369384765625,-478.06905126571655,-1553.1772246360779,-1567.965392112732
survivor_1947_basin_1977_nma_bh_candidate_1533_gencluster_1533_conf_017890_implicit_min_hop_003_mode02_m1.35A_implicit_min,16.837488174438477,61.43159484863281,381.05859375,-339.6664409637451,-1693.4700574874878,-1573.8088571429253
survivor_1948_basin_1978_candidate_322_gencluster_322_conf_032845_implicit_min,17.42935562133789,75.79689025878906,372.4409484863281,-602.1805963516235,-1516.2846450805664,-1652.798129081726
survivor_1949_basin_1979_candidate_1653_gencluster_1653_conf_167772_implicit_min,18.511505126953125,67.63504028320312,365.13507080078125,-483.34818983078003,-1574.3703088760376,-1606.436025440693
survivor_194_basin_198_candidate_2750_gencluster_833_conf_194878_implicit_min,19.063636779785156,71.42039489746094,375.3416442871094,-601.7352547645569,-1429.1123685836792,-1565.0224789381027
survivor_1950_basin_1980_candidate_1226_gencluster_1226_conf_005750_implicit_min,19.355546951293945,80.72653198242188,369.12799072265625,-437.57527780532837,-1663.7139644622803,-1632.0783585309982
survivor_1951_basin_1981_nma_bh_candidate_1549_gencluster_1549_conf_001708_implicit_min_hop_001_mode01_p0.75A_implicit_min,17.97389793395996,79.32449340820312,355.3430480957031,-479.09769201278687,-1608.0849242210388,-1634.5411667525768
survivor_1952_basin_1982_candidate_2262_gencluster_182_conf_180734_implicit_min,18.540023803710938,73.40028381347656,369.5578308105469,-301.89564418792725,-1728.4503421783447,-1568.8473486602306
survivor_1953_basin_1983_candidate_2167_gencluster_066_conf_172158_implicit_min,17.10423469543457,65.13442993164062,364.6925048828125,-455.85289096832275,-1568.7116737365723,-1577.6331784129143
survivor_1954_basin_1984_nma_bh_candidate_1228_gencluster_1228_conf_073136_implicit_min_hop_001_mode01_m1.35A_implicit_min,16.738693237304688,64.45111083984375,384.58197021484375,-466.9454593658447,-1585.1726293563843,-1586.3463311195374
survivor_1955_basin_1985_nma_bh_candidate_1992_gencluster_1992_conf_005930_implicit_min_hop_002_mode02_m0.75A_implicit_min,19.878345489501953,87.43644714355469,375.13897705078125,-579.6405653953552,-1497.1548328399658,-1594.3413131833076
survivor_1956_basin_1986_nma_bh_candidate_1822_gencluster_1822_conf_005041_implicit_min_hop_001_mode02_p1.35A_implicit_min,16.46515464782715,60.25928497314453,356.1192626953125,-454.90557384490967,-1573.6516978740692,-1595.713221386075
survivor_1957_basin_1987_candidate_1924_gencluster_1924_conf_002042_implicit_min,18.492019653320312,66.76499938964844,351.62286376953125,-436.5882420539856,-1593.7600917816162,-1593.4681151509285
survivor_1958_basin_1988_nma_bh_candidate_659_gencluster_659_conf_039862_implicit_min_hop_002_mode02_m0.75A_implicit_min,17.977108001708984,70.11981964111328,366.8181457519531,-301.8501138687134,-1741.5628452301025,-1588.4973014593124
survivor_1959_basin_1989_candidate_1623_gencluster_1623_conf_101108_implicit_min,17.624359130859375,67.97408294677734,354.39166259765625,-355.91782093048096,-1674.151328086853,-1590.0786296129227
survivor_195_basin_199_candidate_106_gencluster_106_conf_049554_implicit_min,16.523351669311523,64.73261260986328,361.1207580566406,-378.2962293624878,-1706.0110759735107,-1641.9302883148193
survivor_1960_basin_1990_candidate_2173_gencluster_073_conf_010318_implicit_min,19.128843307495117,83.94104766845703,374.73687744140625,-525.6892347335815,-1540.867727279663,-1588.7501508295536
survivor_1961_basin_1991_candidate_716_gencluster_716_conf_074768_implicit_min,20.082059860229492,83.41819763183594,363.29254150390625,-497.72162342071533,-1563.2179946899414,-1594.146512389183
survivor_1962_basin_1992_explore_r01_hit_0045_conf_000070_implicit_min,17.598684310913086,72.58326721191406,368.80047607421875,-620.382719039917,-1485.0971784591675,-1646.4977068901062
survivor_1963_basin_1993_candidate_965_gencluster_965_conf_034571_implicit_min,18.184953689575195,67.11833953857422,363.1671447753906,-662.1388955116272,-1399.892936706543,-1613.561717197299
survivor_1964_basin_1994_candidate_656_gencluster_656_conf_146554_implicit_min,19.183406829833984,79.38664245605469,368.20672607421875,-345.88086891174316,-1724.0625276565552,-1603.1665315628052
survivor_1965_basin_1995_explore_r04_hit_0048_conf_029954_implicit_min,21.539867401123047,88.71847534179688,352.3486022949219,-379.06134033203125,-1654.1430368423462,-1570.5977787971497
survivor_1966_basin_1996_nma_bh_candidate_2659_gencluster_710_conf_112081_implicit_min_hop_002_mode01_m0.75A_implicit_min,19.122413635253906,73.27776336669922,353.1081848144531,-476.4817600250244,-1565.9422659873962,-1596.9166736006737
survivor_1967_basin_1997_nma_bh_candidate_2863_gencluster_967_conf_115824_implicit_min_hop_001_mode01_p1.35A_implicit_min,17.7894287109375,68.44304656982422,353.82501220703125,-490.0298557281494,-1551.4310026168823,-1601.403602719307
survivor_1968_basin_1998_nma_bh_candidate_2867_gencluster_973_conf_126544_implicit_min_hop_002_mode02_p0.75A_implicit_min,19.45461654663086,79.91615295410156,378.0002136230469,-806.0241460800171,-1298.8773202896118,-1627.5300227999687
survivor_1969_basin_1999_nma_bh_candidate_2137_gencluster_030_conf_063074_implicit_min_hop_000_mode02_p0.75A_implicit_min,18.728002548217773,66.15467834472656,350.51220703125,-309.41653394699097,-1729.3016080856323,-1603.3233046084642
survivor_196_basin_200_nma_bh_candidate_181_gencluster_181_conf_004749_implicit_min_hop_001_mode01_m0.75A_implicit_min,16.712139129638672,62.39045715332031,347.73699951171875,-476.2325773239136,-1560.8425922393799,-1610.236743569374
survivor_197_basin_201_candidate_2817_gencluster_910_conf_113944_implicit_min,18.04650115966797,66.82417297363281,356.72998046875,-532.5183143615723,-1523.7118258476257,-1614.6299931406975
survivor_198_basin_202_nma_bh_candidate_2149_gencluster_045_conf_000812_implicit_min_hop_001_mode02_m0.75A_implicit_min,18.169109344482422,68.5177993774414,387.8131103515625,-491.83970642089844,-1545.4274272918701,-1562.7672326564789
survivor_199_basin_203_nma_bh_candidate_2792_gencluster_884_conf_057741_implicit_min_hop_003_mode02_m0.75A_implicit_min,17.71042823791504,68.91903686523438,378.76708984375,-572.6310901641846,-1482.0578212738037,-1589.2916827201843
survivor_200_basin_204_candidate_909_gencluster_909_conf_011121_implicit_min,16.85265350341797,58.33931350708008,367.1502685546875,-451.9036555290222,-1569.5141010284424,-1579.075130596757
survivor_201_basin_205_bh_candidate_896_gencluster_896_conf_007510_implicit_min_hop_002,18.533000946044922,73.89045715332031,393.38494873046875,-660.1086893081665,-1403.8923358917236,-1578.1922952532768
survivor_202_basin_206_explore_r05_hit_0012_conf_000852_implicit_min,19.13506507873535,70.64634704589844,387.8714904785156,-735.4961414337158,-1382.7715377807617,-1640.6154583096504
survivor_203_basin_207_nma_bh_candidate_2799_gencluster_891_conf_103935_implicit_min_hop_002_mode02_m0.75A_implicit_min,17.471588134765625,71.38278198242188,358.29132080078125,-305.53786182403564,-1738.7142705917358,-1597.1061481237411
survivor_204_basin_208_explore_r01_hit_0009_conf_036211_implicit_min,17.825958251953125,66.50396728515625,381.7882080078125,-601.9764175415039,-1458.9566555023193,-1594.8151354789734
survivor_205_basin_209_candidate_2909_gencluster_1021_conf_012853_implicit_min,18.41514778137207,79.81893157958984,369.5440673828125,-565.72132396698,-1496.3577873706818,-1594.300853252411
survivor_206_basin_210_nma_bh_candidate_2167_gencluster_066_conf_172158_implicit_min_hop_002_mode02_p0.75A_implicit_min,16.16490936279297,63.48749542236328,371.1683349609375,-429.8570795059204,-1606.722825050354,-1585.7595186829567
survivor_207_basin_211_nma_bh_candidate_2918_gencluster_1033_conf_098844_implicit_min_hop_002_mode01_p0.75A_implicit_min,19.232101440429688,87.50090026855469,359.4665832519531,-528.1736025810242,-1535.083441734314,-1597.0570231080055
survivor_208_basin_212_candidate_1070_gencluster_1070_conf_035695_implicit_min,17.0430965423584,66.66403198242188,362.1221923828125,-424.7410640716553,-1594.782205581665,-1573.6936198472977
survivor_209_basin_213_nma_bh_candidate_1139_gencluster_1139_conf_053753_implicit_min_hop_001_mode02_p0.75A_implicit_min,20.335729598999023,76.73686218261719,366.768798828125,-397.8551073074341,-1628.784586906433,-1562.7977938354015
survivor_210_basin_214_candidate_1767_gencluster_1767_conf_009341_implicit_min,17.94271469116211,81.05982208251953,373.1792297363281,-644.3302688598633,-1464.0452098846436,-1636.193524837494
survivor_211_basin_215_nma_bh_candidate_2190_gencluster_093_conf_183542_implicit_min_hop_003_mode01_m0.75A_implicit_min,18.138076782226562,80.25480651855469,366.1658935546875,-599.9355697631836,-1511.1984968185425,-1646.5757398605347
survivor_212_basin_216_explore_r01_hit_0060_conf_041295_implicit_min,20.22773551940918,74.17025756835938,362.2353210449219,-603.19313621521,-1456.7436790466309,-1603.3038697242737
survivor_213_basin_217_candidate_2645_gencluster_694_conf_147558_implicit_min,15.95162296295166,58.060760498046875,368.15472412109375,-459.0567626953125,-1579.9634761810303,-1596.8534283638
survivor_214_basin_218_candidate_1823_gencluster_1823_conf_004933_implicit_min,17.22776222229004,71.77581787109375,363.9293518066406,-292.15594816207886,-1726.2418928146362,-1565.464334115386
survivor_215_basin_219_nma_bh_candidate_2299_gencluster_224_conf_076689_implicit_min_hop_002_mode02_m0.75A_implicit_min,19.881885528564453,80.30687713623047,379.46478271484375,-473.9209623336792,-1579.8393206596375,-1574.1056000590324
survivor_216_basin_220_nma_bh_candidate_2537_gencluster_535_conf_063339_implicit_min_hop_003_mode01_m0.75A_implicit_min,19.079069137573242,76.08645629882812,358.88104248046875,-407.49421405792236,-1664.7688961029053,-1618.2170731723309
survivor_217_basin_221_nma_bh_candidate_2635_gencluster_682_conf_091883_implicit_min_hop_003_mode02_m0.75A_implicit_min,20.48639678955078,79.51199340820312,378.8747863769531,-618.4299468994141,-1450.2619514465332,-1589.8186659812927
survivor_218_basin_222_nma_bh_candidate_703_gencluster_703_conf_042424_implicit_min_hop_003_mode02_p0.75A_implicit_min,18.38959312438965,82.73991394042969,369.94659423828125,-673.1007699966431,-1380.6656007766724,-1582.690040588379
survivor_219_basin_223_candidate_1672_gencluster_1672_conf_120492_implicit_min,18.780677795410156,77.88211059570312,353.9705810546875,-522.1703453063965,-1510.6078414916992,-1582.1449460983276
survivor_220_basin_224_candidate_410_gencluster_410_conf_035022_implicit_min,16.16324234008789,58.054710388183594,374.67095947265625,-472.47353410720825,-1577.3526458740234,-1600.9372869729996
survivor_221_basin_225_candidate_2306_gencluster_232_conf_132234_implicit_min,19.907054901123047,78.78762817382812,361.1533203125,-489.7112922668457,-1551.9141254425049,-1581.7776745557785
survivor_222_basin_226_candidate_983_gencluster_983_conf_133057_implicit_min,17.568870544433594,67.6788558959961,372.24114990234375,-433.1852650642395,-1612.1619820594788,-1587.8583496809006
survivor_223_basin_227_nma_bh_candidate_2478_gencluster_456_conf_103120_implicit_min_hop_000_mode02_p0.75A_implicit_min,16.851016998291016,66.19801330566406,363.921142578125,-454.1959261894226,-1576.778772354126,-1584.0045310854912
survivor_224_basin_228_nma_bh_candidate_2867_gencluster_973_conf_126544_implicit_min_hop_003_mode02_p1.35A_implicit_min,19.157981872558594,76.9779052734375,379.11328125,-664.8895530700684,-1443.3055510520935,-1632.9463354349136
survivor_225_basin_229_candidate_129_gencluster_129_conf_036695_implicit_min,16.714035034179688,79.20878601074219,385.37225341796875,-571.2204999923706,-1554.8244671821594,-1644.7500534057617
survivor_226_basin_230_nma_bh_candidate_1614_gencluster_1614_conf_058900_implicit_min_hop_003_mode02_p1.35A_implicit_min,17.1544189453125,75.82180786132812,378.914794921875,-601.6169810295105,-1481.298936843872,-1611.0252153873444
survivor_227_basin_231_nma_bh_candidate_2364_gencluster_303_conf_151536_implicit_min_hop_001_mode01_p1.35A_implicit_min,18.971691131591797,77.59741973876953,370.6116943359375,-519.4395599365234,-1523.5940418243408,-1575.8527056276798
survivor_228_basin_232_candidate_2583_gencluster_606_conf_194015_implicit_min,17.91227149963379,64.62220764160156,358.1777648925781,-619.6060676574707,-1417.2766742706299,-1596.17059892416
survivor_229_basin_233_candidate_1549_gencluster_1549_conf_001708_implicit_min,18.72142791748047,78.9314956665039,364.762939453125,-513.4496102333069,-1560.0420780181885,-1611.0756677240133
survivor_230_basin_234_nma_bh_candidate_2734_gencluster_813_conf_171932_implicit_min_hop_003_mode01_m0.75A_implicit_min,19.21086311340332,78.70321655273438,350.05426025390625,-314.86589193344116,-1705.6306972503662,-1572.5284336805344
survivor_231_basin_235_candidate_1421_gencluster_1421_conf_070705_implicit_min,18.043872833251953,73.41584777832031,389.8731689453125,-463.64706897735596,-1558.1824045181274,-1540.4960247278214
survivor_232_basin_236_nma_bh_candidate_1154_gencluster_1154_conf_003210_implicit_min_hop_002_mode02_m1.35A_implicit_min,16.15751838684082,61.26405334472656,377.2336730957031,-606.0027379989624,-1434.1882038116455,-1585.536056637764
survivor_233_basin_237_candidate_2941_gencluster_1063_conf_077202_implicit_min,19.17326545715332,80.18218994140625,356.177978515625,-617.1684951782227,-1467.5348598957062,-1629.1699784994125
survivor_234_basin_238_nma_bh_candidate_2395_gencluster_349_conf_060719_implicit_min_hop_003_mode01_m1.35A_implicit_min,20.187864303588867,80.57857513427734,353.9419860839844,-496.2588109970093,-1552.775873184204,-1594.3262090682983
survivor_235_basin_239_nma_bh_candidate_583_gencluster_583_conf_027260_implicit_min_hop_000_mode02_m1.35A_implicit_min,18.560285568237305,67.79093933105469,358.9402160644531,-533.4561147689819,-1484.7869191169739,-1572.9518353939056
survivor_236_basin_240_candidate_1136_gencluster_1136_conf_157476_implicit_min,20.65961265563965,70.93785095214844,359.19610595703125,-466.19384574890137,-1588.9273371696472,-1604.3282512426376
survivor_237_basin_241_nma_bh_candidate_181_gencluster_181_conf_004749_implicit_min_hop_003_mode01_p1.35A_implicit_min,16.705965042114258,61.27265930175781,349.6900939941406,-511.4292435646057,-1546.0345401763916,-1629.7958098053932
survivor_238_basin_242_nma_bh_candidate_366_gencluster_366_conf_085244_implicit_min_hop_001_mode02_p0.75A_implicit_min,17.472957611083984,76.81001281738281,371.887451171875,-648.6036691665649,-1395.6304454803467,-1578.064512014389
survivor_239_basin_243_candidate_1422_gencluster_1422_conf_021259_implicit_min,18.507516860961914,67.14998626708984,363.2822265625,-434.70234775543213,-1603.6109499931335,-1589.373329281807
survivor_240_basin_244_candidate_2128_gencluster_020_conf_048846_implicit_min,16.022628784179688,59.04710388183594,386.2777099609375,-349.4980573654175,-1668.9131622314453,-1557.0640184283257
survivor_241_basin_245_nma_bh_candidate_2395_gencluster_349_conf_060719_implicit_min_hop_000_mode01_m0.75A_implicit_min,20.09050178527832,87.33192443847656,360.31097412109375,-471.1709451675415,-1556.3607273101807,-1559.7983765602112
survivor_242_basin_246_candidate_1972_gencluster_1972_conf_013574_implicit_min,17.243528366088867,62.35600280761719,356.5942077636719,-426.9143509864807,-1609.071457862854,-1599.7924484610558
survivor_243_basin_247_nma_bh_candidate_2390_gencluster_342_conf_095022_implicit_min_hop_002_mode02_p0.75A_implicit_min,21.01317596435547,86.62969207763672,351.13824462890625,-524.4246120452881,-1538.1165595054626,-1603.759266257286
survivor_244_basin_248_nma_bh_candidate_1191_gencluster_1191_conf_097898_implicit_min_hop_000_mode02_m0.75A_implicit_min,17.617809295654297,74.40347290039062,369.3539733886719,-579.5208592414856,-1503.3304209709167,-1621.4763854444027
survivor_245_basin_249_candidate_860_gencluster_860_conf_085096_implicit_min,18.153545379638672,71.33442687988281,370.64599609375,-667.1653442382812,-1379.9070196151733,-1586.9380028247833
survivor_246_basin_250_candidate_2046_gencluster_2046_conf_145106_implicit_min,18.113094329833984,64.89311218261719,367.90020751953125,-629.7114686965942,-1411.853190422058,-1590.6579833328724
survivor_247_basin_251_candidate_585_gencluster_585_conf_070735_implicit_min,19.51461410522461,79.62750244140625,360.2928466796875,-486.53982162475586,-1579.8204860687256,-1606.925078868866
survivor_248_basin_252_candidate_077_gencluster_077_conf_013178_implicit_min,19.078296661376953,60.62763214111328,363.92779541015625,-474.7156410217285,-1565.4336280822754,-1596.5152843296528
survivor_249_basin_253_candidate_952_gencluster_952_conf_093586_implicit_min,19.653213500976562,74.07267761230469,377.73931884765625,-704.1904792785645,-1350.5342540740967,-1583.2592654526234
survivor_250_basin_254_nma_bh_candidate_2517_gencluster_509_conf_118702_implicit_min_hop_000_mode01_p0.75A_implicit_min,20.038928985595703,81.81537628173828,369.90606689453125,-492.88186979293823,-1542.1238865852356,-1563.2466379702091
survivor_251_basin_255_candidate_958_gencluster_958_conf_018149_implicit_min,22.14481544494629,78.2262191772461,366.56671142578125,-390.6189651489258,-1645.098804473877,-1568.7795116901398
survivor_252_basin_256_nma_bh_candidate_982_gencluster_982_conf_053435_implicit_min_hop_002_mode02_p0.75A_implicit_min,20.81820297241211,75.34033966064453,362.7172546386719,-438.043794631958,-1560.3971481323242,-1539.5652322769165
survivor_253_basin_257_candidate_1686_gencluster_1686_conf_050279_implicit_min,17.756223678588867,64.78832244873047,365.8970031738281,-307.4763112068176,-1729.5633850097656,-1588.5979290902615
survivor_254_basin_258_candidate_2130_gencluster_022_conf_060842_implicit_min,17.197471618652344,64.66471862792969,352.0345764160156,-423.27083587646484,-1629.6284770965576,-1619.002568244934
survivor_255_basin_259_candidate_2830_gencluster_926_conf_095820_implicit_min,22.707605361938477,87.59801483154297,343.59051513671875,-517.1728210449219,-1547.495385169983,-1610.772014260292
survivor_256_basin_260_candidate_2066_gencluster_2066_conf_035535_implicit_min,14.757180213928223,53.51197052001953,371.43756103515625,-450.03585481643677,-1574.2486147880554,-1584.5780301392078
survivor_257_basin_261_candidate_1573_gencluster_1573_conf_002046_implicit_min,15.805730819702148,57.18503189086914,383.0431823730469,-308.25433444976807,-1728.3032779693604,-1580.5238466262817
survivor_258_basin_262_candidate_1752_gencluster_1752_conf_174860_implicit_min,17.877498626708984,60.722591400146484,358.0066833496094,-402.28095149993896,-1635.098879814148,-1600.7730948477983
survivor_259_basin_263_candidate_1314_gencluster_1314_conf_051643_implicit_min,17.95685577392578,70.26589965820312,377.9136962890625,-397.4197006225586,-1653.370262145996,-1584.653734922409
survivor_260_basin_264_nma_bh_candidate_369_gencluster_369_conf_030202_implicit_min_hop_000_mode01_m0.75A_implicit_min,20.33450698852539,77.34225463867188,360.6141662597656,-266.09218645095825,-1777.7218708992004,-1585.5234832763672
survivor_261_basin_265_nma_bh_candidate_1228_gencluster_1228_conf_073136_implicit_min_hop_003_mode01_p0.75A_implicit_min,16.553722381591797,65.2843017578125,359.6097412109375,-462.3218755722046,-1586.4828939437866,-1607.3566138744354
survivor_262_basin_266_nma_bh_candidate_2478_gencluster_456_conf_103120_implicit_min_hop_003_mode02_p1.35A_implicit_min,18.24258041381836,67.517822265625,367.01397705078125,-457.7100100517273,-1563.7973709106445,-1568.733124613762
survivor_263_basin_267_nma_bh_candidate_1908_gencluster_1908_conf_138911_implicit_min_hop_000_mode01_p1.35A_implicit_min,16.92304801940918,61.00166320800781,377.26898193359375,-306.5303773880005,-1723.4761996269226,-1574.8125952780247
survivor_264_basin_268_nma_bh_candidate_2432_gencluster_394_conf_196710_implicit_min_hop_002_mode02_p0.75A_implicit_min,20.07235336303711,74.72755432128906,346.98089599609375,-560.1272048950195,-1476.6653928756714,-1595.0115839838982
survivor_265_basin_269_candidate_1447_gencluster_1447_conf_055115_implicit_min,18.4217472076416,73.71197509765625,355.7993469238281,-498.29946279525757,-1561.5397410392761,-1611.907170534134
survivor_266_basin_270_nma_bh_candidate_631_gencluster_631_conf_003162_implicit_min_hop_002_mode02_m1.35A_implicit_min,19.442399978637695,77.48583221435547,378.01971435546875,-533.036856174469,-1520.309811115265,-1578.3981706798077
survivor_267_basin_271_candidate_1830_gencluster_1830_conf_079943_implicit_min,19.148923873901367,75.93028259277344,382.1410827636719,-568.3434495925903,-1515.203022480011,-1606.326328754425
survivor_268_basin_272_candidate_2454_gencluster_428_conf_117395_implicit_min,16.356185913085938,75.17765045166016,379.0714416503906,-707.8624448776245,-1409.7628479003906,-1647.0197143554688
survivor_269_basin_273_candidate_856_gencluster_856_conf_009446_implicit_min,19.57024383544922,74.37934112548828,368.7917785644531,-417.5716071128845,-1644.2180442810059,-1599.0478651672602
survivor_270_basin_274_nma_bh_candidate_659_gencluster_659_conf_039862_implicit_min_hop_003_mode02_m0.75A_implicit_min,17.637495040893555,72.81607055664062,361.34173583984375,-276.65250968933105,-1779.1677694320679,-1604.024642586708
survivor_271_basin_275_nma_bh_candidate_1266_gencluster_1266_conf_074504_implicit_min_hop_002_mode01_m0.75A_implicit_min,16.57508659362793,73.82064056396484,376.42401123046875,-604.7269506454468,-1467.3578901290894,-1605.2652367949486
survivor_272_basin_276_candidate_534_gencluster_534_conf_102757_implicit_min,19.9448184967041,84.56338500976562,369.5936279296875,-163.65656661987305,-1883.6975736618042,-1573.2518873214722
survivor_273_basin_277_candidate_1493_gencluster_1493_conf_025123_implicit_min,17.7138614654541,64.42157745361328,378.884765625,-656.6938495635986,-1388.8161420822144,-1584.4893684387207
survivor_274_basin_278_nma_bh_candidate_1549_gencluster_1549_conf_001708_implicit_min_hop_003_mode02_p0.75A_implicit_min,18.250316619873047,77.031982421875,360.3030090332031,-644.4660606384277,-1438.8673357963562,-1627.7477123588324
survivor_275_basin_279_nma_bh_candidate_1519_gencluster_1519_conf_015687_implicit_min_hop_003_mode02_m0.75A_implicit_min,18.06193733215332,78.6417236328125,364.1200256347656,-445.0945510864258,-1631.0055322647095,-1615.2767112255096
survivor_276_basin_280_nma_bh_candidate_2918_gencluster_1033_conf_098844_implicit_min_hop_000_mode02_p1.35A_implicit_min,20.48031997680664,82.857666015625,355.9515380859375,-579.9744262695312,-1484.485957145691,-1605.1709860861301
survivor_277_basin_281_candidate_2385_gencluster_336_conf_135145_implicit_min,16.351512908935547,68.39141845703125,374.18878173828125,-425.912317276001,-1603.0213947296143,-1570.0017531514168
survivor_278_basin_282_candidate_2546_gencluster_551_conf_061574_implicit_min,17.645761489868164,65.46614074707031,376.7449645996094,-413.52593326568604,-1631.8870058059692,-1585.556328266859
survivor_279_basin_283_nma_bh_candidate_706_gencluster_706_conf_010197_implicit_min_hop_002_mode02_m1.35A_implicit_min,19.83350944519043,84.1192626953125,377.9363708496094,-408.4815731048584,-1645.5318403244019,-1572.1245513260365
survivor_280_basin_284_candidate_1485_gencluster_1485_conf_038165_implicit_min,20.967559814453125,101.37549591064453,375.0902404785156,-320.6553497314453,-1738.6851987838745,-1561.9068138599396
survivor_281_basin_285_candidate_2911_gencluster_1024_conf_034716_implicit_min,16.281410217285156,56.425575256347656,360.7555236816406,-366.95887184143066,-1659.0907526016235,-1592.5872358381748
survivor_282_basin_286_nma_bh_candidate_369_gencluster_369_conf_030202_implicit_min_hop_002_mode01_m1.35A_implicit_min,18.79007911682129,75.22705078125,395.22894287109375,-317.8993396759033,-1709.7744026184082,-1538.4283012151718
survivor_283_basin_287_candidate_384_gencluster_384_conf_005000_implicit_min,19.663572311401367,82.27085876464844,356.3377685546875,-687.7248821258545,-1413.0200552940369,-1642.4726405143738
survivor_284_basin_288_candidate_1097_gencluster_1097_conf_013360_implicit_min,17.724029541015625,73.49050903320312,367.12945556640625,-541.1597452163696,-1553.7708039283752,-1636.5862209796906
survivor_285_basin_289_nma_bh_candidate_1549_gencluster_1549_conf_001708_implicit_min_hop_002_mode01_m0.75A_implicit_min,18.137845993041992,77.18048095703125,363.3460693359375,-610.8239045143127,-1468.3576774597168,-1620.5180181264877
survivor_286_basin_290_candidate_2865_gencluster_970_conf_130950_implicit_min,18.27629280090332,62.69633483886719,386.1399841308594,-721.3919706344604,-1325.0452365875244,-1579.3249410390854
survivor_287_basin_291_explore_r02_hit_0048_conf_047698_implicit_min,19.560209274291992,98.31956481933594,410.4483947753906,-364.66593837738037,-1687.005072593689,-1523.3431870937347
survivor_288_basin_292_candidate_1775_gencluster_1775_conf_068374_implicit_min,17.25847816467285,65.06459045410156,362.7831726074219,-344.53174924850464,-1679.394941329956,-1578.819901973009
survivor_289_basin_293_candidate_1152_gencluster_1152_conf_196507_implicit_min,16.466299057006836,64.30368041992188,373.7548522949219,-532.0431909561157,-1504.3195872306824,-1581.8374071717262
survivor_290_basin_294_nma_bh_candidate_375_gencluster_375_conf_010225_implicit_min_hop_003_mode02_p1.35A_implicit_min,17.081045150756836,68.84950256347656,353.3516845703125,-626.467565536499,-1464.3679461479187,-1651.5532135367393
survivor_291_basin_295_nma_bh_candidate_631_gencluster_631_conf_003162_implicit_min_hop_001_mode01_m0.75A_implicit_min,18.501731872558594,78.7426986694336,375.7953796386719,-547.0679507255554,-1517.701735496521,-1591.7304364442825
survivor_292_basin_296_candidate_1411_gencluster_1411_conf_069137_implicit_min,17.815933227539062,69.02180480957031,370.060546875,-476.17016220092773,-1570.2371139526367,-1589.5095310211182
survivor_293_basin_297_nma_bh_candidate_2136_gencluster_029_conf_073146_implicit_min_hop_000_mode02_p1.35A_implicit_min,18.96807098388672,78.38269805908203,367.7636413574219,-542.8085803985596,-1539.1689538955688,-1616.863080829382
survivor_294_basin_298_nma_bh_candidate_705_gencluster_705_conf_003845_implicit_min_hop_000_mode02_m0.75A_implicit_min,19.017410278320312,69.50863647460938,356.63787841796875,-377.09150218963623,-1645.1588954925537,-1577.0866775512695
survivor_295_basin_299_candidate_1602_gencluster_1602_conf_003013_implicit_min,15.976346969604492,63.43300247192383,366.4212646484375,-447.4315595626831,-1574.581223487854,-1576.1818752884865
survivor_296_basin_300_candidate_544_gencluster_544_conf_190102_implicit_min,21.763559341430664,76.54592895507812,358.7848815917969,-523.9923305511475,-1509.8196821212769,-1576.7175785303116
survivor_297_basin_301_explore_r02_hit_0072_conf_032537_implicit_min,19.284387588500977,83.01263427734375,371.6301574707031,-364.0734167098999,-1699.897071838379,-1590.0427250862122
survivor_298_basin_303_candidate_506_gencluster_506_conf_011031_implicit_min,20.121259689331055,72.81797790527344,364.0389404296875,-578.4611015319824,-1477.1743431091309,-1598.6566104888916
survivor_299_basin_304_explore_r03_hit_0030_conf_041655_implicit_min,18.370994567871094,68.22775268554688,372.33831787109375,-519.6735363006592,-1540.6568050384521,-1601.3938207626343
survivor_300_basin_305_nma_bh_candidate_1123_gencluster_1123_conf_005004_implicit_min_hop_001_mode01_p0.75A_implicit_min,17.498504638671875,67.605712890625,357.330078125,-406.6328339576721,-1615.03422164917,-1579.2332865446806
survivor_301_basin_306_nma_bh_candidate_1306_gencluster_1306_conf_001572_implicit_min_hop_002_mode02_p0.75A_implicit_min,20.819725036621094,76.40594482421875,357.58795166015625,-554.1450624465942,-1518.3791675567627,-1617.7104494571686
survivor_302_basin_308_nma_bh_candidate_1891_gencluster_1891_conf_036811_implicit_min_hop_003_mode01_p1.35A_implicit_min,16.642101287841797,75.8646240234375,389.3377685546875,-612.271897315979,-1492.831078529358,-1623.258099079132
survivor_303_basin_309_candidate_1949_gencluster_1949_conf_088865_implicit_min,17.48931312561035,67.52871704101562,390.725341796875,-499.27769136428833,-1570.3787417411804,-1593.9131120443344
survivor_304_basin_310_explore_r02_hit_0027_conf_024848_implicit_min,19.840917587280273,82.8495864868164,359.85894775390625,-557.5033340454102,-1523.3467016220093,-1618.3001055717468
survivor_305_basin_311_nma_bh_candidate_2799_gencluster_891_conf_103935_implicit_min_hop_003_mode02_m1.35A_implicit_min,18.03009796142578,67.83592987060547,394.8076477050781,-143.985755443573,-1898.7666983604431,-1562.0786551237106
survivor_306_basin_312_nma_bh_candidate_1143_gencluster_1143_conf_019885_implicit_min_hop_001_mode01_p0.75A_implicit_min,18.81184959411621,86.22016906738281,393.85546875,-468.0411157608032,-1594.0148057937622,-1563.1680245399475
survivor_307_basin_313_nma_bh_candidate_1005_gencluster_1005_conf_032431_implicit_min_hop_002_mode02_m0.75A_implicit_min,18.96552085876465,74.1172103881836,341.0435791015625,-374.5848960876465,-1680.6595559120178,-1621.1179502606392
survivor_308_basin_314_candidate_576_gencluster_576_conf_160942_implicit_min,17.224563598632812,65.9453353881836,381.4273986816406,-687.88747215271,-1378.2319121360779,-1601.5220561027527
survivor_309_basin_315_candidate_2069_gencluster_2069_conf_192079_implicit_min,15.521500587463379,67.12430572509766,382.1156005859375,-666.4089312553406,-1433.397711277008,-1635.0450083613396
survivor_310_basin_316_nma_bh_candidate_731_gencluster_731_conf_049995_implicit_min_hop_001_mode02_m0.75A_implicit_min,18.625591278076172,81.01002502441406,377.3436584472656,-548.4941568374634,-1506.2097263336182,-1577.7248377799988
survivor_311_basin_317_nma_bh_candidate_1920_gencluster_1920_conf_068917_implicit_min_hop_003_mode01_m1.35A_implicit_min,17.794498443603516,69.86717224121094,347.6882629394531,-451.0163745880127,-1609.373613357544,-1625.0410432815552
survivor_312_basin_318_nma_bh_candidate_2233_gencluster_148_conf_073474_implicit_min_hop_002_mode02_m1.35A_implicit_min,16.863882064819336,63.01286315917969,355.0389404296875,-505.4047956466675,-1537.7003936767578,-1608.188660144806
survivor_313_basin_319_nma_bh_candidate_2293_gencluster_217_conf_180539_implicit_min_hop_000_mode01_m0.75A_implicit_min,16.015974044799805,52.48558044433594,367.32379150390625,-426.29062700271606,-1609.5626616477966,-1600.0280155986547
survivor_314_basin_320_explore_r01_hit_0085_conf_025538_implicit_min,18.177217483520508,75.51043701171875,366.22857666015625,-454.09027099609375,-1607.994210243225,-1602.1686997413635
survivor_315_basin_321_candidate_347_gencluster_347_conf_010411_implicit_min,20.34687614440918,77.55427551269531,379.9963073730469,-546.5835037231445,-1513.2174377441406,-1581.9041502475739
survivor_316_basin_322_candidate_390_gencluster_390_conf_034121_implicit_min,16.872499465942383,62.991966247558594,357.0962219238281,-428.44744634628296,-1598.9128127098083,-1590.3990958631039
survivor_317_basin_323_candidate_722_gencluster_722_conf_044290_implicit_min,19.468767166137695,87.04193115234375,368.8066101074219,-744.8663272857666,-1360.2228956222534,-1629.7717584073544
survivor_318_basin_324_candidate_646_gencluster_646_conf_092686_implicit_min,21.854263305664062,83.01663208007812,380.41143798828125,-431.4046173095703,-1615.986605644226,-1562.108567237854
survivor_319_basin_325_candidate_1770_gencluster_1770_conf_012078_implicit_min,17.7224063873291,77.1060791015625,385.912353515625,-789.4150252342224,-1364.1466703414917,-1672.8209943771362
survivor_320_basin_326_nma_bh_candidate_2879_gencluster_988_conf_169931_implicit_min_hop_001_mode01_p0.75A_implicit_min,18.25354766845703,80.92848205566406,382.19866943359375,-620.5557117462158,-1464.1946716308594,-1603.3695304989815
survivor_321_basin_327_nma_bh_candidate_1744_gencluster_1744_conf_080354_implicit_min_hop_003_mode01_m1.35A_implicit_min,18.985700607299805,75.28345489501953,364.9627685546875,-528.8615770339966,-1512.5296726226807,-1582.1589531898499
survivor_322_basin_328_nma_bh_candidate_1168_gencluster_1168_conf_154905_implicit_min_hop_003_mode02_m1.35A_implicit_min,17.118877410888672,69.41667175292969,385.90911865234375,-588.7819347381592,-1498.5969150066376,-1614.9348731040955
survivor_323_basin_329_nma_bh_candidate_1228_gencluster_1228_conf_073136_implicit_min_hop_002_mode01_p0.75A_implicit_min,18.063644409179688,66.72113037109375,363.01287841796875,-395.3551826477051,-1651.5678539276123,-1599.1252850294113
survivor_324_basin_330_candidate_2253_gencluster_171_conf_194035_implicit_min,19.093460083007812,65.54005432128906,356.98291015625,-528.2218618392944,-1525.319284439087,-1611.9249582588673
survivor_325_basin_331_nma_bh_candidate_1742_gencluster_1742_conf_052620_implicit_min_hop_002_mode01_m0.75A_implicit_min,17.9560604095459,80.73236083984375,371.75299072265625,-757.780035495758,-1348.547480583191,-1635.8865034878254
survivor_326_basin_332_nma_bh_candidate_1744_gencluster_1744_conf_080354_implicit_min_hop_001_mode02_p0.75A_implicit_min,18.405040740966797,71.5000991821289,377.07525634765625,-600.1534719467163,-1440.1777477264404,-1573.3504556417465
survivor_327_basin_333_nma_bh_candidate_1920_gencluster_1920_conf_068917_implicit_min_hop_002_mode02_m0.75A_implicit_min,18.960187911987305,78.44190979003906,354.8077392578125,-379.30546379089355,-1691.6217470169067,-1618.717441558838
survivor_328_basin_334_candidate_2814_gencluster_907_conf_171194_implicit_min,18.014820098876953,67.76522827148438,357.13507080078125,-605.5567779541016,-1457.32816696167,-1619.9698626995087
survivor_329_basin_335_candidate_057_gencluster_057_conf_072407_implicit_min,16.540266036987305,56.69327163696289,360.53253173828125,-436.51991176605225,-1599.0618500709534,-1601.8156799077988
survivor_330_basin_336_candidate_104_gencluster_104_conf_005795_implicit_min,21.96915626525879,81.26768493652344,343.51446533203125,-551.0746297836304,-1495.1435499191284,-1599.4670023918152
survivor_331_basin_337_nma_bh_candidate_2967_gencluster_1102_conf_125121_implicit_min_hop_002_mode01_p1.35A_implicit_min,18.180221557617188,71.04672241210938,392.970458984375,-526.9140243530273,-1491.0255947113037,-1535.7420635223389
survivor_332_basin_338_candidate_992_gencluster_992_conf_038278_implicit_min,15.52772331237793,57.149658203125,373.445556640625,-449.0736074447632,-1579.540982246399,-1582.491832792759
survivor_333_basin_339_candidate_307_gencluster_307_conf_159960_implicit_min,19.89636993408203,77.74256896972656,358.7167053222656,-724.1705741882324,-1342.2084918022156,-1610.0236511230469
survivor_334_basin_340_nma_bh_candidate_2734_gencluster_813_conf_171932_implicit_min_hop_001_mode02_m1.35A_implicit_min,17.804519653320312,73.0126953125,355.4899597167969,-377.87113332748413,-1653.5347089767456,-1585.0984088480473
survivor_335_basin_341_nma_bh_candidate_2739_gencluster_819_conf_086560_implicit_min_hop_002_mode01_m1.35A_implicit_min,18.537931442260742,75.3251724243164,356.86285400390625,-671.175910949707,-1393.586796283722,-1614.0373371243477
survivor_336_basin_342_nma_bh_candidate_2792_gencluster_884_conf_057741_implicit_min_hop_003_mode02_p1.35A_implicit_min,16.5932674407959,67.28810119628906,386.3030700683594,-753.531925201416,-1325.0704917907715,-1608.4185259342194
survivor_337_basin_343_nma_bh_candidate_1992_gencluster_1992_conf_005930_implicit_min_hop_001_mode01_p0.75A_implicit_min,20.621374130249023,88.75003051757812,385.62518310546875,-615.4796953201294,-1490.1346325874329,-1610.6174911856651
survivor_338_basin_344_nma_bh_candidate_1138_gencluster_1138_conf_004095_implicit_min_hop_002_mode01_p0.75A_implicit_min,20.918733596801758,79.34185791015625,372.16241455078125,-511.4239444732666,-1531.2660360336304,-1570.2676264047623
survivor_339_basin_345_explore_r03_hit_0036_conf_015676_implicit_min,17.14383888244629,62.58061981201172,372.875244140625,-601.1286277770996,-1449.8929767608643,-1598.421385526657
survivor_340_basin_346_candidate_2296_gencluster_221_conf_024866_implicit_min,20.42496681213379,86.5770492553711,364.47259521484375,-448.06626081466675,-1582.38871383667,-1558.9805074334145
survivor_341_basin_347_candidate_2207_gencluster_117_conf_171505_implicit_min,19.256912231445312,77.71405029296875,370.0291442871094,-452.02705574035645,-1605.3372011184692,-1590.363455414772
survivor_342_basin_348_candidate_2805_gencluster_897_conf_151423_implicit_min,21.96550941467285,92.42231750488281,361.80682373046875,-415.9192624092102,-1642.888473033905,-1582.6126039922237
survivor_343_basin_349_candidate_1576_gencluster_1576_conf_039162_implicit_min,17.025531768798828,58.97101593017578,364.84197998046875,-464.1360321044922,-1552.5992622375488,-1575.898188918829
survivor_344_basin_350_nma_bh_candidate_1614_gencluster_1614_conf_058900_implicit_min_hop_000_mode01_p0.75A_implicit_min,17.338836669921875,73.892578125,385.2738952636719,-752.915536403656,-1345.7986068725586,-1622.2089796066284
survivor_345_basin_351_candidate_026_gencluster_026_conf_038547_implicit_min,20.10530662536621,77.21543884277344,365.41455078125,-691.0278072357178,-1377.6900997161865,-1605.9820818901062
survivor_346_basin_352_explore_r03_hit_0062_conf_008543_implicit_min,18.709068298339844,73.23831939697266,374.55517578125,-781.2318868637085,-1279.229871749878,-1593.9596090316772
survivor_347_basin_353_nma_bh_candidate_694_gencluster_694_conf_053743_implicit_min_hop_000_mode01_m1.35A_implicit_min,19.3518009185791,61.82952117919922,378.1019287109375,-470.2076759338379,-1604.3916664123535,-1615.315538406372
survivor_348_basin_354_nma_bh_candidate_1187_gencluster_1187_conf_135333_implicit_min_hop_002_mode02_m1.35A_implicit_min,18.449329376220703,72.66789245605469,355.6894836425781,-338.72226905822754,-1662.6960806846619,-1554.6106104254723
survivor_349_basin_355_candidate_1095_gencluster_1095_conf_000160_implicit_min,17.656618118286133,69.7359619140625,370.7740783691406,-474.9212169647217,-1565.5160112380981,-1582.2706708014011
survivor_350_basin_356_candidate_2189_gencluster_092_conf_154079_implicit_min,16.97237777709961,66.20191955566406,378.3039855957031,-413.8839645385742,-1620.7895293235779,-1573.1942878961563
survivor_351_basin_357_nma_bh_candidate_2684_gencluster_753_conf_185631_implicit_min_hop_000_mode01_p1.35A_implicit_min,20.67399787902832,86.14871978759766,372.20928955078125,-313.7817430496216,-1742.1051950454712,-1576.8558245301247
survivor_352_basin_358_explore_r02_hit_0076_conf_032753_implicit_min,19.146347045898438,63.31018829345703,364.73504638671875,-336.877347946167,-1707.3535423278809,-1597.0390366464853
survivor_353_basin_359_nma_bh_candidate_2967_gencluster_1102_conf_125121_implicit_min_hop_001_mode01_p0.75A_implicit_min,18.054317474365234,73.72002410888672,386.673583984375,-616.6325387954712,-1439.8217916488647,-1578.0061540603638
survivor_354_basin_360_nma_bh_candidate_659_gencluster_659_conf_039862_implicit_min_hop_001_mode01_p1.35A_implicit_min,19.392627716064453,75.5517807006836,376.93304443359375,-218.85373210906982,-1831.4659152030945,-1578.4420186281204
survivor_355_basin_361_candidate_1642_gencluster_1642_conf_091857_implicit_min,17.84834861755371,65.61532592773438,379.9417724609375,-581.3508996963501,-1453.7153644561768,-1571.6604533195496
survivor_356_basin_362_candidate_1583_gencluster_1583_conf_101920_implicit_min,18.473770141601562,71.4400405883789,362.2633972167969,-636.8390159606934,-1415.2827997207642,-1599.9444143772125
survivor_357_basin_363_nma_bh_candidate_2923_gencluster_1040_conf_172799_implicit_min_hop_002_mode01_m1.35A_implicit_min,19.692270278930664,84.09373474121094,361.0172119140625,-582.0917692184448,-1515.1373496055603,-1632.425775527954
survivor_358_basin_364_candidate_1644_gencluster_1644_conf_198279_implicit_min,16.716981887817383,58.673194885253906,354.8273620605469,-598.6524333953857,-1429.6049270629883,-1598.0393869876862
survivor_359_basin_365_nma_bh_candidate_1647_gencluster_1647_conf_134687_implicit_min_hop_003_mode02_p0.75A_implicit_min,17.08635139465332,67.98797607421875,387.3135986328125,-606.7716045379639,-1455.1637935638428,-1589.548041343689
survivor_360_basin_366_nma_bh_candidate_1684_gencluster_1684_conf_111666_implicit_min_hop_001_mode02_m0.75A_implicit_min,18.323551177978516,72.55702209472656,362.15264892578125,-465.8657932281494,-1592.3146381378174,-1605.1473933756351
survivor_361_basin_367_candidate_008_gencluster_008_conf_011677_implicit_min,17.247570037841797,63.627052307128906,365.8101806640625,-326.73218631744385,-1714.8642807006836,-1594.911985218525
survivor_362_basin_368_nma_bh_candidate_2684_gencluster_753_conf_185631_implicit_min_hop_001_mode02_m0.75A_implicit_min,19.58401107788086,79.23591613769531,359.3063049316406,-545.8990726470947,-1536.359794139862,-1624.1326483786106
survivor_363_basin_369_candidate_435_gencluster_435_conf_002598_implicit_min,15.735673904418945,64.60249328613281,386.2084655761719,-390.5476293563843,-1672.3968505859375,-1596.3971157073975
survivor_364_basin_370_candidate_2740_gencluster_820_conf_080253_implicit_min,17.44329833984375,66.25080871582031,415.25439453125,-794.437837600708,-1305.1618213653564,-1600.6514871120453
survivor_365_basin_371_nma_bh_candidate_2863_gencluster_967_conf_115824_implicit_min_hop_003_mode01_m0.75A_implicit_min,17.893310546875,65.59233093261719,353.5123596191406,-447.5692329406738,-1580.8990745544434,-1591.4699405133724
survivor_366_basin_372_candidate_1941_gencluster_1941_conf_086638_implicit_min,16.299945831298828,60.74307632446289,363.6435852050781,-579.9703226089478,-1453.414231300354,-1592.6980629861355
survivor_367_basin_373_nma_bh_candidate_659_gencluster_659_conf_039862_implicit_min_hop_002_mode01_p0.75A_implicit_min,18.572383880615234,71.69246673583984,361.09576416015625,-367.53024101257324,-1675.3369793891907,-1591.507440507412
survivor_368_basin_374_candidate_272_gencluster_272_conf_163123_implicit_min,21.902441024780273,78.72005462646484,349.3254699707031,-464.4997787475586,-1586.2610340118408,-1600.812964439392
survivor_369_basin_375_nma_bh_candidate_2622_gencluster_663_conf_094041_implicit_min_hop_003_mode01_m0.75A_implicit_min,18.548847198486328,72.38424682617188,371.56939697265625,-580.5910692214966,-1443.796507358551,-1561.8849643468857
survivor_370_basin_376_nma_bh_candidate_082_gencluster_082_conf_089503_implicit_min_hop_001_mode02_m0.75A_implicit_min,18.156871795654297,83.59186553955078,352.1110534667969,-668.8567419052124,-1390.2975053787231,-1605.2945662736893
survivor_371_basin_377_candidate_2349_gencluster_287_conf_145691_implicit_min,17.319814682006836,70.74807739257812,386.51300048828125,-587.162109375,-1490.3909902572632,-1602.9720277786255
survivor_372_basin_378_nma_bh_candidate_249_gencluster_249_conf_007818_implicit_min_hop_003_mode01_m0.75A_implicit_min,20.02839469909668,80.30021667480469,341.34649658203125,-345.6923952102661,-1689.0567574501038,-1593.0736814141273
survivor_373_basin_379_candidate_1036_gencluster_1036_conf_046224_implicit_min,18.6030330657959,76.02437591552734,371.9617919921875,-644.672266960144,-1415.9919877052307,-1594.0754933357239
survivor_374_basin_380_nma_bh_candidate_2083_gencluster_2083_conf_036478_implicit_min_hop_002_mode02_m1.35A_implicit_min,16.762815475463867,65.92604064941406,373.9025573730469,-321.09255170822144,-1708.5436611175537,-1573.0453503727913
survivor_375_basin_381_nma_bh_candidate_2989_gencluster_1124_conf_159390_implicit_min_hop_001_mode01_p0.75A_implicit_min,20.01422691345215,72.47216796875,380.4996643066406,-676.3086547851562,-1381.6953630447388,-1585.0182687044144
survivor_376_basin_382_candidate_687_gencluster_687_conf_014505_implicit_min,20.204147338867188,76.36930847167969,363.2409362792969,-562.0484943389893,-1495.235110282898,-1597.469746351242
survivor_377_basin_383_nma_bh_candidate_862_gencluster_862_conf_049308_implicit_min_hop_000_mode02_p1.35A_implicit_min,18.852598190307617,65.06099700927734,373.13616943359375,-469.3446788787842,-1571.2309532165527,-1583.52536714077
survivor_378_basin_384_nma_bh_candidate_2577_gencluster_598_conf_071976_implicit_min_hop_001_mode02_m1.35A_implicit_min,18.75783920288086,75.19161987304688,371.6657409667969,-454.6703872680664,-1605.7677326202393,-1594.8232259750366
survivor_379_basin_385_candidate_2218_gencluster_130_conf_198359_implicit_min,17.665468215942383,71.0218734741211,399.91033935546875,-493.66781997680664,-1553.4416527748108,-1558.511637866497
survivor_380_basin_386_candidate_1437_gencluster_1437_conf_047621_implicit_min,19.06538963317871,62.975067138671875,356.5576171875,-446.38808488845825,-1603.6264157295227,-1611.4171459376812
survivor_381_basin_387_nma_bh_candidate_2684_gencluster_753_conf_185631_implicit_min_hop_002_mode02_p1.35A_implicit_min,20.289554595947266,94.44651794433594,379.86920166015625,-605.7501077651978,-1484.0669655799866,-1595.2110762298107
survivor_382_basin_389_candidate_2931_gencluster_1051_conf_011636_implicit_min,17.743358612060547,62.71064758300781,374.6580505371094,-485.5241289138794,-1566.748218536377,-1597.160100221634
survivor_383_basin_390_candidate_2925_gencluster_1043_conf_182002_implicit_min,18.811485290527344,76.89283752441406,349.2331237792969,-528.1413869857788,-1519.2417621612549,-1602.4455876350403
survivor_384_basin_391_explore_r04_hit_0039_conf_039127_implicit_min,20.95151710510254,77.91323852539062,360.17181396484375,-652.9394865036011,-1400.4018268585205,-1594.3046746253967
survivor_385_basin_392_candidate_1586_gencluster_1586_conf_152233_implicit_min,18.665075302124023,66.81441497802734,354.0675354003906,-403.93507194519043,-1629.0208864212036,-1593.4089255332947
survivor_386_basin_393_candidate_2701_gencluster_771_conf_123112_implicit_min,17.847412109375,76.64976501464844,363.2997131347656,-617.6705503463745,-1403.635892868042,-1563.5097629129887
survivor_387_basin_394_explore_r01_hit_0038_conf_029050_implicit_min,17.7725772857666,78.83042907714844,362.2133483886719,-522.5455703735352,-1549.252818107605,-1612.9822344779968
survivor_388_basin_395_candidate_947_gencluster_947_conf_154939_implicit_min,15.93938159942627,62.16730880737305,372.572998046875,-368.71808338165283,-1668.5744190216064,-1586.613098025322
survivor_389_basin_396_nma_bh_candidate_2328_gencluster_260_conf_086582_implicit_min_hop_002_mode02_m1.35A_implicit_min,17.01593780517578,74.00642395019531,375.22845458984375,-650.3759002685547,-1457.0291962623596,-1641.1540418565273
survivor_390_basin_397_nma_bh_candidate_188_gencluster_188_conf_172172_implicit_min_hop_000_mode02_m1.35A_implicit_min,19.821582794189453,91.38104248046875,372.16448974609375,-424.1655502319336,-1646.0209245681763,-1586.8181338310242
survivor_391_basin_398_nma_bh_candidate_416_gencluster_416_conf_072635_implicit_min_hop_000_mode01_p0.75A_implicit_min,19.6557559967041,82.87682342529297,370.352294921875,-398.93507957458496,-1640.4135246276855,-1566.4638907909393
survivor_392_basin_399_candidate_949_gencluster_949_conf_055958_implicit_min,20.81522560119629,93.24996948242188,353.7548522949219,-553.9841685295105,-1514.420518875122,-1600.5847635269165
survivor_393_basin_400_explore_r04_hit_0050_conf_036366_implicit_min,20.507137298583984,79.48957824707031,378.53662109375,-663.0056991577148,-1381.7903242111206,-1566.2631092071533
survivor_394_basin_401_candidate_960_gencluster_960_conf_031779_implicit_min,19.885643005371094,83.91934967041016,361.2330017089844,-726.2390813827515,-1350.4949445724487,-1611.6957876682281
survivor_395_basin_402_candidate_212_gencluster_212_conf_010400_implicit_min,19.11865997314453,73.90425109863281,358.5267028808594,-576.955207824707,-1492.0113191604614,-1617.417060136795
survivor_396_basin_403_candidate_1021_gencluster_1021_conf_020924_implicit_min,18.297073364257812,78.20873260498047,362.3414001464844,-556.430172920227,-1507.7020645141602,-1605.2848739624023
survivor_397_basin_404_nma_bh_candidate_1139_gencluster_1139_conf_053753_implicit_min_hop_003_mode02_p1.35A_implicit_min,20.82357406616211,81.4771728515625,378.088134765625,-453.75778675079346,-1590.488573551178,-1563.8578067719936
survivor_398_basin_405_nma_bh_candidate_2577_gencluster_598_conf_071976_implicit_min_hop_002_mode02_p0.75A_implicit_min,16.45565414428711,70.35972595214844,372.40838623046875,-547.0581512451172,-1526.37437915802,-1614.2091944217682
survivor_399_basin_406_candidate_664_gencluster_664_conf_026775_implicit_min,20.35177230834961,80.19730377197266,356.9547424316406,-475.18029403686523,-1580.9114546775818,-1598.5875454992056
survivor_400_basin_407_explore_r02_hit_0015_conf_022034_implicit_min,17.720813751220703,72.18189239501953,357.2796325683594,-486.97171211242676,-1587.0215520858765,-1626.8117259144783
survivor_401_basin_408_nma_bh_candidate_583_gencluster_583_conf_027260_implicit_min_hop_003_mode01_m0.75A_implicit_min,18.08148765563965,74.94969940185547,373.5929260253906,-595.0808200836182,-1440.2665100097656,-1568.7225537896156
survivor_402_basin_409_nma_bh_candidate_2577_gencluster_598_conf_071976_implicit_min_hop_003_mode02_m0.75A_implicit_min,16.367984771728516,64.24264526367188,392.5530700683594,-460.0486259460449,-1610.2107753753662,-1597.0967888832092
survivor_403_basin_410_candidate_1667_gencluster_1667_conf_007464_implicit_min,14.862361907958984,57.3129768371582,369.4346618652344,-348.8709373474121,-1653.313810825348,-1560.575379729271
survivor_404_basin_411_candidate_1178_gencluster_1178_conf_023091_implicit_min,17.848587036132812,75.23538208007812,354.7882080078125,-437.23522758483887,-1633.0434160232544,-1622.4055376052856
survivor_405_basin_412_explore_r02_hit_0060_conf_019516_implicit_min,20.134986877441406,86.2886962890625,391.28955078125,-679.7701382637024,-1394.4304065704346,-1576.4870254993439
survivor_406_basin_413_explore_r02_hit_0070_conf_035148_implicit_min,18.44879913330078,79.24658966064453,390.42431640625,-841.648681640625,-1257.865418434143,-1611.3947010040283
survivor_407_basin_414_candidate_2213_gencluster_124_conf_117589_implicit_min,17.874853134155273,75.76742553710938,384.21240234375,-786.1976981163025,-1373.4961490631104,-1681.8389964103699
survivor_408_basin_415_nma_bh_candidate_926_gencluster_926_conf_015915_implicit_min_hop_000_mode02_m0.75A_implicit_min,21.16245460510254,90.21095275878906,364.78375244140625,-460.1954507827759,-1596.8760414123535,-1580.9136807322502
survivor_409_basin_416_candidate_907_gencluster_907_conf_003486_implicit_min,18.600309371948242,66.76652526855469,351.1368408203125,-510.64292907714844,-1536.1742973327637,-1610.312644958496
survivor_410_basin_417_nma_bh_candidate_1114_gencluster_1114_conf_035202_implicit_min_hop_003_mode02_p0.75A_implicit_min,16.57656478881836,75.06779479980469,357.9024658203125,-620.68128490448,-1443.7479605674744,-1614.8814329206944
survivor_411_basin_418_candidate_2206_gencluster_116_conf_166702_implicit_min,19.0948543548584,84.49482727050781,378.6943664550781,-836.75537109375,-1243.138352394104,-1597.6096019744873
survivor_412_basin_419_nma_bh_candidate_1143_gencluster_1143_conf_019885_implicit_min_hop_003_mode01_p0.75A_implicit_min,20.705707550048828,79.9720458984375,373.19207763671875,-521.8180952072144,-1501.3801708221436,-1549.3284470140934
survivor_413_basin_420_candidate_2175_gencluster_075_conf_061020_implicit_min,17.41376304626465,64.57068634033203,364.97998046875,-456.8842897415161,-1591.1764965057373,-1601.0964179039001
survivor_414_basin_421_candidate_2751_gencluster_834_conf_178569_implicit_min,19.968616485595703,77.99420166015625,368.14605712890625,-478.04351234436035,-1548.0685586929321,-1560.0037310272455
survivor_415_basin_422_candidate_2293_gencluster_217_conf_180539_implicit_min,15.391158103942871,51.161712646484375,368.8176574707031,-429.9310393333435,-1603.437572002411,-1597.9979066699743
survivor_416_basin_423_nma_bh_candidate_249_gencluster_249_conf_007818_implicit_min_hop_002_mode01_m1.35A_implicit_min,18.659162521362305,70.43855285644531,366.46807861328125,-334.95831298828125,-1714.7876567840576,-1594.1799092292786
survivor_417_basin_424_candidate_2187_gencluster_090_conf_120006_implicit_min,16.662893295288086,64.46615600585938,376.0322265625,-468.6580867767334,-1555.5487790107727,-1567.0457285642624
survivor_418_basin_425_nma_bh_candidate_794_gencluster_794_conf_015756_implicit_min_hop_000_mode01_m0.75A_implicit_min,20.520061492919922,67.2582015991211,378.787353515625,-393.9762420654297,-1649.260265827179,-1576.6712927520275
survivor_419_basin_426_candidate_945_gencluster_945_conf_141273_implicit_min,15.882039070129395,57.7877311706543,366.4813232421875,-476.50202560424805,-1550.687726020813,-1587.0388736724854
survivor_420_basin_428_nma_bh_candidate_541_gencluster_541_conf_145579_implicit_min_hop_001_mode01_m1.35A_implicit_min,18.6986026763916,78.15474700927734,373.7983093261719,-604.7255268096924,-1440.2034425735474,-1574.2770721912384
survivor_421_basin_429_nma_bh_candidate_484_gencluster_484_conf_150688_implicit_min_hop_002_mode02_m0.75A_implicit_min,19.70694351196289,91.14080810546875,360.99627685546875,-578.9839391708374,-1499.878170967102,-1607.0183370113373
survivor_422_basin_430_candidate_827_gencluster_827_conf_120272_implicit_min,18.439498901367188,73.80313873291016,350.6832580566406,-618.2415871620178,-1430.2704629898071,-1605.5862381756306
survivor_423_basin_431_candidate_2833_gencluster_929_conf_136378_implicit_min,18.484086990356445,75.64936065673828,371.37890625,-583.7862396240234,-1483.1679573059082,-1601.441541314125
survivor_424_basin_432_candidate_200_gencluster_200_conf_010756_implicit_min,18.6977481842041,67.91267395019531,367.7158508300781,-699.051435470581,-1411.677240371704,-1656.4021820425987
survivor_425_basin_433_candidate_439_gencluster_439_conf_001393_implicit_min,16.144636154174805,63.08271026611328,378.83172607421875,-456.2578353881836,-1637.175395488739,-1635.3744722008705
survivor_426_basin_434_candidate_400_gencluster_400_conf_101646_implicit_min,16.881729125976562,63.60357666015625,368.9012451171875,-304.9742069244385,-1745.3241758346558,-1600.912218093872
survivor_427_basin_435_candidate_1844_gencluster_1844_conf_060663_implicit_min,19.125099182128906,67.4215316772461,351.59100341796875,-650.3585376739502,-1416.6469230651855,-1628.867894411087
survivor_428_basin_436_candidate_2077_gencluster_2077_conf_116678_implicit_min,18.82462501525879,73.2193603515625,369.09381103515625,-535.1183519363403,-1526.4776721000671,-1600.4585642814636
survivor_429_basin_437_candidate_1763_gencluster_1763_conf_170371_implicit_min,16.37625503540039,59.325077056884766,361.0309753417969,-546.5767192840576,-1508.2647790908813,-1618.1099672317505
survivor_430_basin_438_candidate_1953_gencluster_1953_conf_044733_implicit_min,16.603046417236328,59.841392517089844,354.7803955078125,-450.0808582305908,-1587.6273889541626,-1606.482950180769
survivor_431_basin_439_candidate_671_gencluster_671_conf_029751_implicit_min,18.818450927734375,76.03971862792969,371.1588134765625,-588.873233795166,-1452.6049423217773,-1575.4616920351982
survivor_432_basin_440_explore_r01_hit_0067_conf_031923_implicit_min,16.459144592285156,64.08792877197266,380.96539306640625,-782.7296047210693,-1290.7969121932983,-1612.014338672161
survivor_433_basin_441_nma_bh_candidate_2923_gencluster_1040_conf_172799_implicit_min_hop_003_mode01_p0.75A_implicit_min,19.45030403137207,75.61325073242188,375.38592529296875,-596.3833341598511,-1495.63840341568,-1621.572700291872
survivor_434_basin_442_nma_bh_candidate_323_gencluster_323_conf_140845_implicit_min_hop_002_mode01_p1.35A_implicit_min,19.89316177368164,85.33067321777344,378.29315185546875,-696.3138093948364,-1371.0006065368652,-1583.7979953289032
survivor_435_basin_443_nma_bh_candidate_1549_gencluster_1549_conf_001708_implicit_min_hop_001_mode02_m0.75A_implicit_min,18.251333236694336,80.36524200439453,350.6559753417969,-494.2841839790344,-1585.224925994873,-1630.2364561855793
survivor_436_basin_444_nma_bh_candidate_2967_gencluster_1102_conf_125121_implicit_min_hop_003_mode02_p1.35A_implicit_min,20.24549102783203,78.0560531616211,377.6639709472656,-766.8694000244141,-1273.888918876648,-1564.792586684227
survivor_437_basin_445_candidate_2944_gencluster_1068_conf_021036_implicit_min,18.42720603942871,69.36827087402344,365.4527893066406,-468.3987753391266,-1591.9574031829834,-1607.1076582074165
survivor_438_basin_446_nma_bh_candidate_1908_gencluster_1908_conf_138911_implicit_min_hop_001_mode02_p0.75A_implicit_min,17.278696060180664,67.3326644897461,364.4669189453125,-357.5187711715698,-1663.0513906478882,-1571.4921861886978
survivor_439_basin_447_nma_bh_candidate_2478_gencluster_456_conf_103120_implicit_min_hop_001_mode02_m1.35A_implicit_min,16.764673233032227,62.214237213134766,380.34759521484375,-528.3677968978882,-1501.6030988693237,-1570.6441229581833
survivor_440_basin_448_nma_bh_candidate_731_gencluster_731_conf_049995_implicit_min_hop_001_mode01_p0.75A_implicit_min,19.462629318237305,86.878173828125,382.0679626464844,-585.2738819122314,-1478.7370929718018,-1575.6027425527573
survivor_441_basin_449_candidate_573_gencluster_573_conf_010954_implicit_min,17.286144256591797,68.04684448242188,364.7785339355469,-525.4256277084351,-1523.4580011367798,-1598.7713955044746
survivor_442_basin_450_nma_bh_candidate_2432_gencluster_394_conf_196710_implicit_min_hop_003_mode01_p0.75A_implicit_min,18.91777801513672,75.70335388183594,367.8896789550781,-368.4327211380005,-1659.051582813263,-1564.9731609523296
survivor_443_basin_451_explore_r04_hit_0016_conf_009847_implicit_min,17.735843658447266,62.86384582519531,347.4625244140625,-351.0567216873169,-1666.810004234314,-1589.8045916557312
survivor_444_basin_452_candidate_119_gencluster_119_conf_052453_implicit_min,18.359603881835938,68.08601379394531,358.33782958984375,-491.68427085876465,-1555.6016912460327,-1602.5026967525482
survivor_445_basin_453_candidate_328_gencluster_328_conf_028276_implicit_min,17.41175079345703,63.576904296875,352.78070068359375,-427.0433416366577,-1613.5461883544922,-1606.8206263780594
survivor_446_basin_454_nma_bh_candidate_2364_gencluster_303_conf_151536_implicit_min_hop_000_mode02_m1.35A_implicit_min,19.08251190185547,80.21209716796875,365.072265625,-438.78774070739746,-1602.2157940864563,-1576.6363698244095
survivor_447_basin_455_candidate_1393_gencluster_1393_conf_147745_implicit_min,18.62350845336914,70.35881042480469,355.6123962402344,-415.32861137390137,-1643.0507097244263,-1613.7849580049515
survivor_448_basin_456_candidate_1556_gencluster_1556_conf_093970_implicit_min,16.20057487487793,57.74015808105469,351.0103454589844,-517.2804651260376,-1497.9541728496552,-1590.284426510334
survivor_449_basin_457_candidate_1055_gencluster_1055_conf_043001_implicit_min,18.454025268554688,77.24909210205078,363.6719970703125,-591.779182434082,-1459.651720046997,-1592.0558905601501
survivor_450_basin_458_explore_r03_hit_0074_conf_031381_implicit_min,18.154438018798828,68.78199005126953,352.8442687988281,-521.6144428253174,-1579.2010307312012,-1661.0341329574585
survivor_451_basin_459_nma_bh_candidate_1891_gencluster_1891_conf_036811_implicit_min_hop_000_mode02_m0.75A_implicit_min,17.67547607421875,75.74899291992188,382.1719665527344,-764.34019947052,-1357.2387599945068,-1645.9826738238335
survivor_452_basin_460_candidate_1237_gencluster_1237_conf_122228_implicit_min,19.75782585144043,82.7952651977539,353.2337646484375,-649.7594337463379,-1423.8000569343567,-1617.772600054741
survivor_453_basin_461_candidate_2632_gencluster_677_conf_053922_implicit_min,18.107454299926758,62.037113189697266,351.893310546875,-457.09536838531494,-1598.5601863861084,-1623.617859840393
survivor_454_basin_462_nma_bh_candidate_2083_gencluster_2083_conf_036478_implicit_min_hop_002_mode02_p0.75A_implicit_min,16.589431762695312,65.87166595458984,374.3155822753906,-294.92798042297363,-1738.3452281951904,-1576.4966349899769
survivor_455_basin_463_candidate_2120_gencluster_011_conf_176874_implicit_min,17.688751220703125,79.97013854980469,378.70831298828125,-590.8749799728394,-1513.250517129898,-1627.7583616673946
survivor_456_basin_464_nma_bh_candidate_1045_gencluster_1045_conf_012052_implicit_min_hop_002_mode01_m1.35A_implicit_min,18.641515731811523,78.03339385986328,359.363525390625,-350.95852851867676,-1670.9540977478027,-1565.8737707138062
survivor_457_basin_465_candidate_2734_gencluster_813_conf_171932_implicit_min,17.735830307006836,76.22866821289062,356.2099914550781,-283.7439260482788,-1747.9502773284912,-1581.520523428917
survivor_458_basin_466_nma_bh_candidate_1006_gencluster_1006_conf_003848_implicit_min_hop_001_mode02_m0.75A_implicit_min,20.054174423217773,79.74148559570312,368.6851501464844,-567.214994430542,-1477.944260597229,-1576.6779417991638
survivor_459_basin_467_nma_bh_candidate_369_gencluster_369_conf_030202_implicit_min_hop_002_mode02_p1.35A_implicit_min,19.39879608154297,71.62516021728516,392.0792541503906,-350.19354248046875,-1693.4841833114624,-1560.5748882293701
survivor_460_basin_468_candidate_199_gencluster_199_conf_021991_implicit_min,20.14942741394043,77.32075500488281,368.85968017578125,-395.3539209365845,-1634.1772012710571,-1563.2017426490784
survivor_461_basin_469_nma_bh_candidate_2101_gencluster_2101_conf_074791_implicit_min_hop_003_mode02_p1.35A_implicit_min,18.482439041137695,70.69285583496094,367.3887939453125,-521.4892854690552,-1541.4838304519653,-1606.409306883812
survivor_462_basin_470_candidate_595_gencluster_595_conf_026162_implicit_min,18.316648483276367,75.43606567382812,366.4415283203125,-610.7610006332397,-1489.4623937606812,-1640.0289940834045
survivor_463_basin_471_nma_bh_candidate_982_gencluster_982_conf_053435_implicit_min_hop_001_mode02_m0.75A_implicit_min,20.413829803466797,73.58452606201172,356.85552978515625,-526.6175842285156,-1514.0260543823242,-1589.789699882269
survivor_464_basin_472_nma_bh_candidate_2622_gencluster_663_conf_094041_implicit_min_hop_003_mode01_p0.75A_implicit_min,19.67780303955078,73.15675354003906,378.03045654296875,-641.7319211959839,-1395.9714632034302,-1566.8385600149632
survivor_465_basin_473_nma_bh_candidate_694_gencluster_694_conf_053743_implicit_min_hop_003_mode01_p1.35A_implicit_min,20.60744285583496,72.93190002441406,359.3352355957031,-563.2029685974121,-1484.5342087745667,-1594.8631312847137
survivor_466_basin_474_candidate_2737_gencluster_816_conf_139669_implicit_min,17.12751007080078,66.52055358886719,363.0219421386719,-535.9406881332397,-1499.0772552490234,-1588.3478776812553
survivor_467_basin_475_candidate_1652_gencluster_1652_conf_048439_implicit_min,17.558799743652344,70.68263244628906,354.20367431640625,-758.6879115104675,-1324.448011636734,-1640.69151070714
survivor_468_basin_476_nma_bh_candidate_2492_gencluster_473_conf_171315_implicit_min_hop_002_mode01_p0.75A_implicit_min,18.783662796020508,79.91927337646484,371.8854675292969,-686.2605886459351,-1432.8541412353516,-1648.526239156723
survivor_469_basin_477_nma_bh_candidate_2328_gencluster_260_conf_086582_implicit_min_hop_003_mode01_m1.35A_implicit_min,16.45388412475586,73.84937286376953,374.7192687988281,-610.6148295402527,-1468.4648489952087,-1614.0574593544006
survivor_470_basin_478_candidate_2121_gencluster_013_conf_154458_implicit_min,16.0491943359375,55.08793258666992,386.5185241699219,-304.577344417572,-1712.6698141098022,-1559.5916873514652
survivor_471_basin_479_candidate_1783_gencluster_1783_conf_052416_implicit_min,17.747840881347656,62.698707580566406,394.43902587890625,-428.22429370880127,-1616.9935021400452,-1570.3316433727741
survivor_472_basin_480_nma_bh_candidate_1920_gencluster_1920_conf_068917_implicit_min_hop_003_mode02_p1.35A_implicit_min,17.766616821289062,68.39122009277344,344.57568359375,-520.9881601333618,-1546.1319828033447,-1636.3862953186035
survivor_473_basin_481_nma_bh_candidate_1519_gencluster_1519_conf_015687_implicit_min_hop_000_mode01_m1.35A_implicit_min,18.535066604614258,79.89054870605469,389.68731689453125,-657.6885371208191,-1448.999207019806,-1618.5753898620605
survivor_474_basin_482_candidate_2103_gencluster_2103_conf_046054_implicit_min,20.549556732177734,86.04179382324219,364.3695373535156,-446.83910274505615,-1597.4751777648926,-1573.3537056446075
survivor_475_basin_483_candidate_035_gencluster_035_conf_139031_implicit_min,18.338695526123047,66.618408203125,374.64794921875,-577.4628133773804,-1468.4869918823242,-1586.3447487354279
survivor_476_basin_484_candidate_108_gencluster_108_conf_057551_implicit_min,18.932445526123047,75.66886901855469,374.1842956542969,-550.3776712417603,-1507.1044292449951,-1588.6969516277313
survivor_477_basin_485_candidate_2779_gencluster_868_conf_171044_implicit_min,17.83108901977539,68.40641784667969,379.99981689453125,-364.2689723968506,-1686.3274359703064,-1584.3587381839752
survivor_478_basin_486_candidate_1084_gencluster_1084_conf_027507_implicit_min,17.493785858154297,71.02534484863281,389.44659423828125,-656.9351577758789,-1394.2030992507935,-1573.1726565361023
survivor_479_basin_487_candidate_584_gencluster_584_conf_030869_implicit_min,16.872411727905273,68.343017578125,414.64617919921875,-322.1292953491211,-1717.8123350143433,-1540.0795294642448
survivor_480_basin_488_candidate_016_gencluster_016_conf_039812_implicit_min,17.117034912109375,72.26014709472656,368.0914306640625,-554.8537540435791,-1511.9337606430054,-1609.318775653839
survivor_481_basin_489_candidate_2000_gencluster_2000_conf_024825_implicit_min,17.519371032714844,63.015960693359375,355.97149658203125,-505.37585401535034,-1541.781976699829,-1610.6504997611046
survivor_482_basin_490_explore_r01_hit_0044_conf_021464_implicit_min,19.721189498901367,77.2930908203125,351.0618591308594,-711.3094253540039,-1340.6495008468628,-1603.8829488158226
survivor_483_basin_491_nma_bh_candidate_1088_gencluster_1088_conf_064565_implicit_min_hop_003_mode01_p1.35A_implicit_min,17.444622039794922,61.56998825073242,363.159423828125,-333.9815716743469,-1688.976185798645,-1580.7834275364876
survivor_484_basin_492_candidate_2165_gencluster_064_conf_056148_implicit_min,20.035404205322266,68.5108642578125,369.6153259277344,-782.0114374160767,-1299.2821006774902,-1623.1319905221462
survivor_485_basin_493_candidate_1797_gencluster_1797_conf_046332_implicit_min,16.033145904541016,58.698768615722656,385.90301513671875,-467.92876720428467,-1610.1366920471191,-1617.4301662445068
survivor_486_basin_494_candidate_878_gencluster_878_conf_007081_implicit_min,18.260034561157227,77.55325317382812,370.870849609375,-519.7078151702881,-1576.4420747756958,-1629.4665994793177
survivor_487_basin_495_nma_bh_candidate_2967_gencluster_1102_conf_125121_implicit_min_hop_003_mode02_p0.75A_implicit_min,19.329097747802734,75.12511444091797,373.1988525390625,-777.5083274841309,-1270.5662689208984,-1580.4220175743103
survivor_488_basin_496_candidate_1395_gencluster_1395_conf_008284_implicit_min,16.703420639038086,66.71222686767578,383.028564453125,-455.13065338134766,-1570.3458518981934,-1559.0323539972305
survivor_489_basin_497_nma_bh_candidate_2028_gencluster_2028_conf_133119_implicit_min_hop_003_mode01_m1.35A_implicit_min,16.71356201171875,71.24053955078125,379.00494384765625,-377.8816165924072,-1660.5307111740112,-1571.4540269970894
survivor_490_basin_498_explore_r02_hit_0020_conf_040043_implicit_min,19.296382904052734,80.70014953613281,372.6965026855469,-403.2694344520569,-1631.1469159126282,-1561.7238197624683
survivor_491_basin_499_candidate_891_gencluster_891_conf_028072_implicit_min,18.727264404296875,73.86451721191406,366.8458557128906,-149.6493330001831,-1891.6380915641785,-1581.8491555452347
survivor_492_basin_500_nma_bh_candidate_926_gencluster_926_conf_015915_implicit_min_hop_002_mode01_m1.35A_implicit_min,20.56537628173828,83.81643676757812,393.9727478027344,-653.7761878967285,-1411.7801265716553,-1567.201641201973
survivor_493_basin_501_candidate_332_gencluster_332_conf_021566_implicit_min,14.574816703796387,54.38648986816406,357.8258361816406,-439.8562331199646,-1568.3682084083557,-1581.4370846301317
survivor_494_basin_503_nma_bh_candidate_541_gencluster_541_conf_145579_implicit_min_hop_003_mode02_m0.75A_implicit_min,19.856977462768555,70.98863220214844,369.8067932128906,-412.45472240448,-1628.4627766609192,-1580.2646474838257
survivor_495_basin_504_nma_bh_candidate_541_gencluster_541_conf_145579_implicit_min_hop_001_mode02_p0.75A_implicit_min,19.268753051757812,77.48077392578125,371.17010498046875,-621.311146736145,-1427.0786027908325,-1580.4702445864677
survivor_496_basin_505_explore_r01_hit_0072_conf_048312_implicit_min,18.48450469970703,69.10426330566406,351.0563049316406,-634.5012378692627,-1412.1453313827515,-1608.0013740062714
survivor_497_basin_506_explore_r01_hit_0052_conf_003482_implicit_min,14.74734878540039,58.9906120300293,371.6646728515625,-467.85392570495605,-1589.3358135223389,-1611.7868695259094
survivor_498_basin_507_candidate_2272_gencluster_192_conf_080922_implicit_min,18.289955139160156,75.91065979003906,359.5889892578125,-525.6005592346191,-1529.4891185760498,-1601.2992844581604
survivor_499_basin_508_nma_bh_candidate_1714_gencluster_1714_conf_011260_implicit_min_hop_003_mode01_m0.75A_implicit_min,17.78879165649414,72.34989166259766,369.60626220703125,-569.0997819900513,-1517.3586959838867,-1626.7138078212738
survivor_500_basin_509_candidate_1171_gencluster_1171_conf_021960_implicit_min,18.36243438720703,75.48959350585938,376.752197265625,-841.139045715332,-1249.262062549591,-1619.7969326972961
survivor_501_basin_510_candidate_1269_gencluster_1269_conf_060972_implicit_min,16.716876983642578,62.366573333740234,366.9891662597656,-458.7514925003052,-1574.621603012085,-1587.3011189699173
survivor_502_basin_511_candidate_2391_gencluster_343_conf_057803_implicit_min,16.56325340270996,71.78067016601562,377.2671203613281,-537.6427927017212,-1527.932412147522,-1599.9647372066975
survivor_503_basin_512_candidate_281_gencluster_281_conf_003810_implicit_min,16.49557113647461,61.09697723388672,361.55767822265625,-374.1306438446045,-1679.1991939544678,-1614.1798400878906
survivor_504_basin_513_nma_bh_candidate_1908_gencluster_1908_conf_138911_implicit_min_hop_002_mode02_m1.35A_implicit_min,18.69283103942871,71.32615661621094,367.8974914550781,-366.4454197883606,-1663.1974897384644,-1571.7267955243587
survivor_505_basin_514_nma_bh_candidate_416_gencluster_416_conf_072635_implicit_min_hop_001_mode01_m0.75A_implicit_min,19.227066040039062,76.87210083007812,372.6600646972656,-464.6799850463867,-1596.6158466339111,-1592.5363264083862
survivor_506_basin_515_candidate_310_gencluster_310_conf_134529_implicit_min,19.648643493652344,86.14156341552734,360.468505859375,-282.9636344909668,-1780.555004119873,-1597.2600812911987
survivor_507_basin_516_nma_bh_candidate_2779_gencluster_868_conf_171044_implicit_min_hop_003_mode02_p1.35A_implicit_min,21.125661849975586,80.96974182128906,359.962158203125,-328.9990472793579,-1721.7420239448547,-1588.6836445331573
survivor_508_basin_518_nma_bh_candidate_2328_gencluster_260_conf_086582_implicit_min_hop_001_mode02_p1.35A_implicit_min,17.079248428344727,76.55914306640625,372.92926025390625,-656.2975649833679,-1432.3159999847412,-1622.045818939805
survivor_509_basin_519_nma_bh_candidate_659_gencluster_659_conf_039862_implicit_min_hop_001_mode01_m1.35A_implicit_min,20.40939712524414,70.93292236328125,384.02691650390625,-380.49945068359375,-1676.2609357833862,-1581.3906123042107
survivor_510_basin_520_candidate_2796_gencluster_888_conf_074147_implicit_min,20.01345443725586,86.40251922607422,356.404541015625,-374.04763746261597,-1670.6398072242737,-1581.8672182559967
survivor_511_basin_521_nma_bh_candidate_366_gencluster_366_conf_085244_implicit_min_hop_001_mode01_m1.35A_implicit_min,17.802202224731445,77.98515319824219,376.6037292480469,-645.3701763153076,-1406.141788482666,-1579.1211273670197
survivor_512_basin_522_candidate_1506_gencluster_1506_conf_003820_implicit_min,21.411338806152344,86.21617126464844,355.6903991699219,-243.57038974761963,-1779.051685810089,-1559.3047258406878
survivor_513_basin_523_explore_r01_hit_0016_conf_013420_implicit_min,19.68060302734375,82.38028717041016,362.36712646484375,-516.2462797164917,-1587.6320028305054,-1639.450392961502
survivor_514_basin_524_nma_bh_candidate_2622_gencluster_663_conf_094041_implicit_min_hop_001_mode01_m1.35A_implicit_min,17.43885612487793,72.45555114746094,360.061767578125,-472.33121252059937,-1554.2258219718933,-1576.6013144999743
survivor_515_basin_525_candidate_2320_gencluster_248_conf_176560_implicit_min,16.480180740356445,63.03268051147461,357.8039855957031,-483.8121032714844,-1599.030755996704,-1645.525881499052
survivor_516_basin_526_nma_bh_candidate_926_gencluster_926_conf_015915_implicit_min_hop_001_mode01_m0.75A_implicit_min,20.274330139160156,82.62056732177734,359.1612243652344,-434.9018511772156,-1606.7039861679077,-1579.5492768287659
survivor_517_basin_527_candidate_074_gencluster_074_conf_081671_implicit_min,16.395751953125,62.626834869384766,363.9710998535156,-478.0409393310547,-1548.542184829712,-1583.5894331932068
survivor_518_basin_528_nma_bh_candidate_1143_gencluster_1143_conf_019885_implicit_min_hop_002_mode01_p0.75A_implicit_min,19.170860290527344,77.92723083496094,373.00616455078125,-513.2664947509766,-1527.5137996673584,-1570.6759572923183
survivor_519_basin_529_nma_bh_candidate_541_gencluster_541_conf_145579_implicit_min_hop_002_mode02_p1.35A_implicit_min,18.475343704223633,67.09077453613281,379.885498046875,-680.3297929763794,-1383.7282390594482,-1598.6062157154083
survivor_520_basin_530_nma_bh_candidate_706_gencluster_706_conf_010197_implicit_min_hop_002_mode01_m1.35A_implicit_min,20.319177627563477,83.17973327636719,365.5489501953125,-409.9118061065674,-1637.6909141540527,-1578.555455327034
survivor_521_basin_531_nma_bh_candidate_858_gencluster_858_conf_004120_implicit_min_hop_003_mode02_p1.35A_implicit_min,19.72658348083496,81.95954895019531,400.61474609375,-491.08393478393555,-1569.1253423690796,-1557.9085168242455
survivor_522_basin_532_candidate_1749_gencluster_1749_conf_002336_implicit_min,18.882965087890625,76.02597045898438,368.99615478515625,-695.5586624145508,-1414.6056861877441,-1646.2593965530396
survivor_523_basin_533_candidate_1195_gencluster_1195_conf_048833_implicit_min,19.961959838867188,66.67581939697266,408.177734375,-337.6424045562744,-1697.9511198997498,-1540.7780439853668
survivor_524_basin_534_candidate_1189_gencluster_1189_conf_010989_implicit_min,20.825092315673828,75.83843994140625,363.8877258300781,-408.08588218688965,-1644.9937829971313,-1592.528501957655
survivor_525_basin_535_candidate_326_gencluster_326_conf_017130_implicit_min,20.26204490661621,76.39408111572266,368.208740234375,-488.7418279647827,-1597.3608441352844,-1621.238938510418
survivor_526_basin_536_candidate_600_gencluster_600_conf_000902_implicit_min,19.878751754760742,82.81578063964844,379.1298828125,-468.53920221328735,-1598.3526358604431,-1585.0672206878662
survivor_527_basin_537_nma_bh_candidate_082_gencluster_082_conf_089503_implicit_min_hop_003_mode01_m0.75A_implicit_min,19.32526206970215,78.0774917602539,366.47796630859375,-672.530912399292,-1407.4641494750977,-1616.1147275865078
survivor_528_basin_538_candidate_2995_gencluster_1131_conf_051347_implicit_min,15.479737281799316,57.30029296875,368.66351318359375,-447.4385051727295,-1573.3208496570587,-1579.3166407495737
survivor_529_basin_539_nma_bh_candidate_2684_gencluster_753_conf_185631_implicit_min_hop_003_mode02_p0.75A_implicit_min,22.272876739501953,102.2780990600586,355.620361328125,-308.2694425582886,-1739.6218919754028,-1567.7194257676601
survivor_530_basin_540_explore_r02_hit_0084_conf_029165_implicit_min,20.47178840637207,83.60624694824219,368.61712646484375,-590.2479114532471,-1493.21897315979,-1610.7713086605072
survivor_531_basin_541_candidate_2670_gencluster_732_conf_107280_implicit_min,16.941617965698242,64.42182922363281,368.3587341308594,-463.9624910354614,-1566.0084443092346,-1580.2487735450268
survivor_532_basin_542_candidate_209_gencluster_209_conf_029841_implicit_min,19.446590423583984,74.75891876220703,374.5312805175781,-409.5629930496216,-1624.0458135604858,-1564.8719832897186
survivor_533_basin_543_nma_bh_candidate_375_gencluster_375_conf_010225_implicit_min_hop_000_mode02_p1.35A_implicit_min,17.563955307006836,65.77291870117188,376.1853942871094,-547.3854179382324,-1549.845178604126,-1637.7080420851707
survivor_534_basin_544_nma_bh_candidate_1992_gencluster_1992_conf_005930_implicit_min_hop_003_mode01_p1.35A_implicit_min,20.606473922729492,94.72476196289062,353.3735046386719,-472.0617742538452,-1599.8366498947144,-1603.1938553899527
survivor_535_basin_545_candidate_1483_gencluster_1483_conf_140688_implicit_min,16.27279281616211,58.22736358642578,375.722412109375,-479.84704399108887,-1577.7504115104675,-1607.3749199956656
survivor_536_basin_546_nma_bh_candidate_1519_gencluster_1519_conf_015687_implicit_min_hop_001_mode02_p0.75A_implicit_min,18.16550636291504,78.22665405273438,370.185791015625,-484.7521986961365,-1625.938754081726,-1644.112940788269
survivor_537_basin_547_nma_bh_candidate_2867_gencluster_973_conf_126544_implicit_min_hop_003_mode02_m0.75A_implicit_min,18.806791305541992,77.61563110351562,374.1557922363281,-638.1521291732788,-1464.199595451355,-1631.7734391093254
survivor_538_basin_548_nma_bh_candidate_1891_gencluster_1891_conf_036811_implicit_min_hop_001_mode01_p1.35A_implicit_min,18.65410041809082,79.79315948486328,357.4429931640625,-509.39445400238037,-1557.3921480178833,-1610.8966551423073
survivor_539_basin_549_candidate_2386_gencluster_338_conf_047119_implicit_min,22.485198974609375,89.20762634277344,354.69378662109375,-405.2502489089966,-1668.6142902374268,-1607.4778532087803
survivor_540_basin_550_explore_r02_hit_0083_conf_024965_implicit_min,18.745271682739258,85.12869262695312,375.5655822753906,-415.4244918823242,-1646.3957524299622,-1582.3813516497612
survivor_541_basin_551_explore_r02_hit_0080_conf_038559_implicit_min,19.74785041809082,71.66844940185547,389.01910400390625,-856.915111541748,-1239.6731395721436,-1616.1524124145508
survivor_542_basin_552_candidate_2576_gencluster_597_conf_131808_implicit_min,19.629087448120117,83.87767028808594,373.80633544921875,-746.6095008850098,-1325.7964992523193,-1595.0930958986282
survivor_543_basin_553_nma_bh_candidate_2083_gencluster_2083_conf_036478_implicit_min_hop_001_mode01_m0.75A_implicit_min,17.455183029174805,66.82613372802734,363.5068664550781,-445.835666179657,-1584.6945061683655,-1582.7417895942926
survivor_544_basin_554_nma_bh_candidate_694_gencluster_694_conf_053743_implicit_min_hop_003_mode02_m0.75A_implicit_min,19.884218215942383,68.46206665039062,360.03863525390625,-571.0250759124756,-1472.9928169250488,-1595.6331720352173
survivor_545_basin_555_nma_bh_candidate_1114_gencluster_1114_conf_035202_implicit_min_hop_001_mode01_p1.35A_implicit_min,19.283533096313477,88.00162506103516,396.24945068359375,-392.2765417098999,-1693.3966798782349,-1582.1382436454296
survivor_546_basin_556_candidate_1341_gencluster_1341_conf_101883_implicit_min,18.235307693481445,74.3905029296875,364.82037353515625,-544.6416149139404,-1499.172028541565,-1586.3677961826324
survivor_547_basin_557_candidate_464_gencluster_464_conf_012864_implicit_min,17.317625045776367,59.89772033691406,367.50616455078125,-543.3210144042969,-1498.5838565826416,-1597.183613717556
survivor_548_basin_558_candidate_1216_gencluster_1216_conf_059658_implicit_min,17.669015884399414,66.99917602539062,364.1176452636719,-231.16357421875,-1817.9217681884766,-1600.3003849983215
survivor_549_basin_559_nma_bh_candidate_2149_gencluster_045_conf_000812_implicit_min_hop_003_mode02_m0.75A_implicit_min,17.530900955200195,73.09529113769531,373.2566223144531,-681.2893371582031,-1393.4907732009888,-1610.8978414535522
survivor_550_basin_560_nma_bh_candidate_1045_gencluster_1045_conf_012052_implicit_min_hop_001_mode02_p0.75A_implicit_min,18.702484130859375,72.49935913085938,366.21942138671875,-325.289110660553,-1684.7976703643799,-1552.6658732891083
survivor_551_basin_561_nma_bh_candidate_1614_gencluster_1614_conf_058900_implicit_min_hop_003_mode02_m1.35A_implicit_min,19.172346115112305,80.35513305664062,375.6498718261719,-572.998902797699,-1502.5081844329834,-1600.3295177221298
survivor_552_basin_562_nma_bh_candidate_2867_gencluster_973_conf_126544_implicit_min_hop_003_mode01_p1.35A_implicit_min,19.62335968017578,77.91099548339844,367.0646057128906,-662.4157752990723,-1440.552233695984,-1638.369202554226
survivor_553_basin_563_candidate_1346_gencluster_1346_conf_081765_implicit_min,17.609134674072266,68.1169662475586,361.04638671875,-441.7679147720337,-1632.6679844856262,-1627.6640589237213
survivor_554_basin_564_nma_bh_candidate_484_gencluster_484_conf_150688_implicit_min_hop_001_mode01_m1.35A_implicit_min,19.71888542175293,86.77110290527344,367.8170471191406,-822.4201622009277,-1240.4719161987305,-1588.5850503444672
survivor_555_basin_565_candidate_2932_gencluster_1052_conf_073618_implicit_min,17.5367431640625,65.27139282226562,381.93572998046875,-413.45391941070557,-1614.68301820755,-1563.3937555849552
survivor_556_basin_566_candidate_1154_gencluster_1154_conf_003210_implicit_min,17.10068702697754,68.14567565917969,389.477783203125,-735.0716514587402,-1335.5416994094849,-1595.888930439949
survivor_557_basin_567_nma_bh_candidate_1714_gencluster_1714_conf_011260_implicit_min_hop_000_mode01_p0.75A_implicit_min,17.565664291381836,72.2566909790039,366.27874755859375,-574.4728584289551,-1510.0269660949707,-1628.3987523317337
survivor_558_basin_568_explore_r03_hit_0066_conf_017941_implicit_min,17.375751495361328,60.27279281616211,385.8907775878906,-594.1264171600342,-1471.01731300354,-1601.6043508052826
survivor_559_basin_569_candidate_2278_gencluster_198_conf_044834_implicit_min,17.03312110900879,67.822021484375,383.50225830078125,-355.7306728363037,-1682.278157234192,-1569.6508603096008
survivor_560_basin_570_nma_bh_candidate_375_gencluster_375_conf_010225_implicit_min_hop_000_mode02_p0.75A_implicit_min,16.82054901123047,63.90089416503906,374.0506591796875,-548.2937870025635,-1548.860897064209,-1642.3822191357613
survivor_561_basin_571_nma_bh_candidate_2437_gencluster_400_conf_053256_implicit_min_hop_001_mode01_m0.75A_implicit_min,17.988750457763672,73.37096405029297,344.831298828125,-409.5852851867676,-1619.8206062316895,-1593.2148277759552
survivor_562_basin_572_nma_bh_candidate_2420_gencluster_382_conf_082252_implicit_min_hop_003_mode02_p1.35A_implicit_min,20.387042999267578,85.75013732910156,357.06097412109375,-447.04756259918213,-1609.8842511177063,-1593.733976840973
survivor_563_basin_573_candidate_1238_gencluster_1238_conf_035260_implicit_min,22.030757904052734,87.7236328125,357.4728088378906,-442.1677875518799,-1612.1787161827087,-1587.119247496128
survivor_564_basin_574_nma_bh_candidate_1282_gencluster_1282_conf_013249_implicit_min_hop_001_mode01_m0.75A_implicit_min,20.15135383605957,79.13583374023438,349.4253845214844,-463.0060758590698,-1589.6819729804993,-1603.9755145311356
survivor_565_basin_575_candidate_2844_gencluster_944_conf_026087_implicit_min,18.43292999267578,68.96981811523438,365.6637268066406,-438.3500156402588,-1602.8768463134766,-1588.1609046459198
survivor_566_basin_576_candidate_1383_gencluster_1383_conf_021697_implicit_min,19.41570472717285,76.22197723388672,381.5393981933594,-353.19468688964844,-1645.7193064689636,-1521.737012565136
survivor_567_basin_577_nma_bh_candidate_1125_gencluster_1125_conf_106560_implicit_min_hop_001_mode01_m0.75A_implicit_min,19.492677688598633,92.61231994628906,363.2964172363281,-698.3455057144165,-1410.855206489563,-1633.799476414919
survivor_568_basin_578_nma_bh_candidate_2269_gencluster_189_conf_027155_implicit_min_hop_001_mode02_p1.35A_implicit_min,17.96885871887207,76.90281677246094,349.73284912109375,-444.78622913360596,-1572.282368183136,-1572.4641807824373
survivor_569_basin_579_nma_bh_candidate_109_gencluster_109_conf_041191_implicit_min_hop_003_mode01_p0.75A_implicit_min,20.716354370117188,87.78010559082031,373.17852783203125,-493.3143630027771,-1583.2889218330383,-1594.9274998903275
survivor_570_basin_580_candidate_2775_gencluster_862_conf_080365_implicit_min,18.4830265045166,59.62633514404297,378.31561279296875,-498.36109924316406,-1562.8758068084717,-1604.8117814064026
survivor_571_basin_581_candidate_899_gencluster_899_conf_001263_implicit_min,21.234336853027344,82.81838989257812,352.57891845703125,-456.45421981811523,-1565.6683111190796,-1565.490607649088
survivor_572_basin_582_candidate_476_gencluster_476_conf_028107_implicit_min,18.938879013061523,73.5458984375,361.0477294921875,-530.0390386581421,-1562.8497996330261,-1639.356487467885
survivor_573_basin_583_candidate_1476_gencluster_1476_conf_128002_implicit_min,19.158443450927734,72.46133422851562,372.4731140136719,-490.0105719566345,-1563.1110553741455,-1589.0290724635124
survivor_574_basin_584_nma_bh_candidate_1228_gencluster_1228_conf_073136_implicit_min_hop_001_mode02_p1.35A_implicit_min,16.645938873291016,61.60565948486328,376.8587646484375,-473.42445182800293,-1581.1668844223022,-1599.4810621738434
survivor_575_basin_585_nma_bh_candidate_2492_gencluster_473_conf_171315_implicit_min_hop_000_mode01_m0.75A_implicit_min,19.56172752380371,85.45865631103516,372.51513671875,-519.5394740104675,-1587.9354062080383,-1629.9389328956604
survivor_576_basin_586_nma_bh_candidate_982_gencluster_982_conf_053435_implicit_min_hop_000_mode01_m0.75A_implicit_min,17.43986701965332,64.71711730957031,377.31964111328125,-383.446494102478,-1644.9852976799011,-1568.9551230370998
survivor_577_basin_587_candidate_1987_gencluster_1987_conf_009498_implicit_min,15.84150218963623,58.87590789794922,367.9124450683594,-433.0344281196594,-1585.027910232544,-1575.4323716014624
survivor_578_basin_588_nma_bh_candidate_1992_gencluster_1992_conf_005930_implicit_min_hop_002_mode01_p0.75A_implicit_min,19.26333999633789,83.09696197509766,384.0484619140625,-590.2309637069702,-1487.8741993904114,-1591.6964262276888
survivor_579_basin_589_candidate_2974_gencluster_1109_conf_122679_implicit_min,17.58664894104004,63.61506652832031,369.3482666015625,-300.1035375595093,-1739.6579484939575,-1589.211346179247
survivor_580_basin_590_candidate_2771_gencluster_858_conf_098495_implicit_min,19.737701416015625,87.61943054199219,396.0388488769531,-565.1111469268799,-1475.6163711547852,-1537.331302344799
survivor_581_basin_591_candidate_1199_gencluster_1199_conf_181635_implicit_min,18.930797576904297,75.961669921875,371.8263854980469,-408.86816120147705,-1637.82483959198,-1579.9738779067993
survivor_582_basin_592_candidate_701_gencluster_701_conf_012744_implicit_min,19.74764633178711,75.67371368408203,364.1777648925781,-478.13483238220215,-1597.8526401519775,-1616.3882523179054
survivor_583_basin_593_candidate_2847_gencluster_949_conf_141488_implicit_min,20.54295539855957,90.30784606933594,376.3771057128906,-513.8726100921631,-1563.7887840270996,-1590.4329409599304
survivor_584_basin_594_candidate_1106_gencluster_1106_conf_185826_implicit_min,16.04227066040039,57.93940734863281,358.9615478515625,-347.56279373168945,-1696.4225940704346,-1611.0426276922226
survivor_585_basin_595_candidate_037_gencluster_037_conf_015598_implicit_min,20.093584060668945,78.97638702392578,356.25274658203125,-499.2733459472656,-1581.5001573562622,-1625.4513006210327
survivor_586_basin_596_explore_r01_hit_0099_conf_044977_implicit_min,19.401086807250977,64.99942779541016,363.7865905761719,-421.61102962493896,-1624.9004726409912,-1598.3242430090904
survivor_587_basin_597_nma_bh_candidate_2233_gencluster_148_conf_073474_implicit_min_hop_003_mode02_p1.35A_implicit_min,16.21106719970703,63.64573669433594,364.207275390625,-500.90217781066895,-1531.3630228042603,-1588.2017095983028
survivor_588_basin_598_candidate_2252_gencluster_170_conf_080524_implicit_min,17.386978149414062,76.95132446289062,366.2667236328125,-473.01118564605713,-1623.5676708221436,-1635.9739356040955
survivor_589_basin_599_explore_r02_hit_0011_conf_003818_implicit_min,18.981277465820312,71.89192199707031,365.663330078125,-476.5878257751465,-1588.6792449951172,-1608.7305942475796
survivor_590_basin_600_candidate_802_gencluster_802_conf_159154_implicit_min,15.62961483001709,59.30413055419922,378.4552001953125,-299.35480403900146,-1734.9987196922302,-1580.9644353091717
survivor_591_basin_601_candidate_1202_gencluster_1202_conf_009528_implicit_min,18.822668075561523,74.63594818115234,362.4762268066406,-569.3007926940918,-1502.5631003379822,-1615.929034113884
survivor_592_basin_602_candidate_482_gencluster_482_conf_004539_implicit_min,19.26979637145996,85.22792053222656,393.3207092285156,-677.015456199646,-1370.641061782837,-1549.8376668393612
survivor_593_basin_603_explore_r02_hit_0007_conf_017014_implicit_min,19.35256004333496,80.9807357788086,366.68719482421875,-493.52734088897705,-1574.7616176605225,-1601.2687332630157
survivor_594_basin_604_candidate_1496_gencluster_1496_conf_008470_implicit_min,20.128128051757812,76.73499298095703,361.014404296875,-584.1502857208252,-1475.3881187438965,-1601.6606979370117
survivor_595_basin_605_nma_bh_candidate_2779_gencluster_868_conf_171044_implicit_min_hop_002_mode01_p1.35A_implicit_min,17.541351318359375,81.94911193847656,369.0130920410156,-318.8818006515503,-1737.1443710327148,-1587.52261865139
survivor_596_basin_606_candidate_079_gencluster_079_conf_128349_implicit_min,16.9490966796875,63.77922821044922,351.9212341308594,-408.32504177093506,-1615.5678009986877,-1591.244233623147
survivor_597_basin_607_nma_bh_candidate_2437_gencluster_400_conf_053256_implicit_min_hop_000_mode02_p0.75A_implicit_min,15.54189395904541,58.902671813964844,372.8225402832031,-375.0840063095093,-1666.6798691749573,-1594.4965146780014
survivor_598_basin_608_explore_r01_hit_0092_conf_039967_implicit_min,20.962074279785156,89.13653564453125,367.57427978515625,-595.5963363647461,-1480.3520946502686,-1598.2750253677368
survivor_599_basin_609_candidate_1188_gencluster_1188_conf_006552_implicit_min,16.92427635192871,65.17540740966797,384.1830139160156,-393.8850040435791,-1630.9022769927979,-1558.5044792890549
survivor_600_basin_610_candidate_2840_gencluster_937_conf_037536_implicit_min,18.34015655517578,71.06732177734375,360.1151123046875,-247.1663646697998,-1805.371443271637,-1603.015994310379
survivor_601_basin_611_explore_r01_hit_0056_conf_021300_implicit_min,19.03986358642578,75.20590209960938,357.1806335449219,-670.6902303695679,-1408.315182685852,-1627.579249382019
survivor_602_basin_612_candidate_925_gencluster_925_conf_111046_implicit_min,20.250028610229492,71.86647033691406,380.154296875,-491.65220832824707,-1535.9182929992676,-1555.2995263636112
survivor_603_basin_613_explore_r02_hit_0003_conf_032002_implicit_min,16.900562286376953,71.88462829589844,354.5437927246094,-380.87875270843506,-1709.6109457015991,-1647.1612462997437
survivor_604_basin_614_candidate_2900_gencluster_1011_conf_126182_implicit_min,18.826553344726562,74.37063598632812,362.5679931640625,-412.9432897567749,-1620.9580516815186,-1578.1357297450304
survivor_605_basin_615_nma_bh_candidate_2101_gencluster_2101_conf_074791_implicit_min_hop_003_mode01_p1.35A_implicit_min,18.417652130126953,72.15129089355469,359.03466796875,-496.5908555984497,-1556.2732362747192,-1603.259998679161
survivor_606_basin_616_candidate_334_gencluster_334_conf_075647_implicit_min,24.12618637084961,97.82124328613281,371.8644104003906,-219.41192817687988,-1801.9546852111816,-1527.5548629760742
survivor_607_basin_617_candidate_956_gencluster_956_conf_006663_implicit_min,19.772104263305664,67.2179946899414,362.55426025390625,-533.9478569030762,-1551.5438814163208,-1635.9476169198751
survivor_608_basin_618_explore_r01_hit_0105_conf_001199_implicit_min,18.199737548828125,72.32000732421875,376.27581787109375,-338.94634914398193,-1727.5615334510803,-1599.7120161056519
survivor_609_basin_619_nma_bh_candidate_2457_gencluster_433_conf_149315_implicit_min_hop_001_mode02_p1.35A_implicit_min,17.726055145263672,80.08489227294922,381.11328125,-666.8192238807678,-1421.3762946128845,-1609.2714644670486
survivor_610_basin_620_candidate_745_gencluster_745_conf_006440_implicit_min,17.93267822265625,66.82268524169922,366.825927734375,-643.3043050765991,-1420.7676620483398,-1612.490849584341
survivor_611_basin_621_nma_bh_candidate_2923_gencluster_1040_conf_172799_implicit_min_hop_001_mode01_p1.35A_implicit_min,19.453821182250977,82.39532470703125,360.7002258300781,-523.8978571891785,-1536.5552859306335,-1597.9040159285069
survivor_612_basin_622_candidate_374_gencluster_374_conf_056048_implicit_min,20.443532943725586,88.34020233154297,398.1862487792969,-517.9953212738037,-1531.8344550132751,-1542.860440671444
survivor_613_basin_623_candidate_597_gencluster_597_conf_034962_implicit_min,20.983827590942383,86.40605163574219,368.3621826171875,-526.9936752319336,-1545.1332387924194,-1596.3752464056015
survivor_614_basin_624_nma_bh_candidate_323_gencluster_323_conf_140845_implicit_min_hop_000_mode02_m0.75A_implicit_min,20.03335189819336,82.44363403320312,377.3304443359375,-788.3573989868164,-1282.5197105407715,-1591.0699653327465
survivor_615_basin_625_candidate_1582_gencluster_1582_conf_005657_implicit_min,18.466503143310547,72.93220520019531,359.1640625,-494.9491448402405,-1586.262900352478,-1630.649964272976
survivor_616_basin_626_candidate_1012_gencluster_1012_conf_091320_implicit_min,18.188405990600586,73.05030059814453,357.65374755859375,-740.0234804153442,-1318.9652423858643,-1610.0966618061066
survivor_617_basin_627_explore_r03_hit_0076_conf_000191_implicit_min,18.463233947753906,70.5936279296875,355.5261535644531,-610.3145933151245,-1448.5179290771484,-1614.249575138092
survivor_618_basin_628_nma_bh_candidate_2397_gencluster_351_conf_182360_implicit_min_hop_001_mode01_m1.35A_implicit_min,19.303722381591797,89.94703674316406,374.0024108886719,-568.8681602478027,-1524.9311380386353,-1610.5460014343262
survivor_619_basin_629_candidate_1640_gencluster_1640_conf_001317_implicit_min,16.98422622680664,64.52876281738281,362.7711181640625,-394.7752113342285,-1675.8103713989258,-1626.3008706569672
survivor_620_basin_630_candidate_461_gencluster_461_conf_182442_implicit_min,17.541269302368164,73.97716522216797,386.1098327636719,-279.9372982978821,-1755.0233421325684,-1557.3318590521812
survivor_621_basin_631_nma_bh_candidate_2293_gencluster_217_conf_180539_implicit_min_hop_000_mode02_m1.35A_implicit_min,19.308998107910156,68.23442077636719,358.322265625,-480.93578815460205,-1548.0545554161072,-1583.124344393611
survivor_622_basin_632_candidate_866_gencluster_866_conf_034159_implicit_min,18.490863800048828,78.06211853027344,356.4937744140625,-601.8591117858887,-1443.1948871612549,-1592.0076097548008
survivor_623_basin_633_candidate_1456_gencluster_1456_conf_004316_implicit_min,16.691991806030273,62.600624084472656,357.4939270019531,-399.4997239112854,-1607.9758501052856,-1570.6888912916183
survivor_624_basin_634_nma_bh_candidate_2395_gencluster_349_conf_060719_implicit_min_hop_003_mode01_p0.75A_implicit_min,19.87567901611328,89.26687622070312,361.57757568359375,-496.6927261352539,-1544.5352244377136,-1570.5073900222778
survivor_625_basin_635_candidate_737_gencluster_737_conf_006333_implicit_min,18.895484924316406,81.72694396972656,402.5257568359375,-640.833869934082,-1467.0764474868774,-1604.762427330017
survivor_626_basin_636_candidate_2485_gencluster_465_conf_099050_implicit_min,20.55800437927246,73.2357177734375,360.12982177734375,-441.7471628189087,-1597.3440780639648,-1585.1679983735085
survivor_627_basin_637_candidate_2335_gencluster_269_conf_166528_implicit_min,17.59933853149414,69.07630920410156,360.8017578125,-533.5967979431152,-1533.7824630737305,-1619.9016786515713
survivor_628_basin_638_nma_bh_candidate_1088_gencluster_1088_conf_064565_implicit_min_hop_000_mode01_p0.75A_implicit_min,19.59004783630371,60.64613342285156,379.47802734375,-499.28003311157227,-1543.3266849517822,-1582.8929725289345
survivor_629_basin_639_nma_bh_candidate_1558_gencluster_1558_conf_198584_implicit_min_hop_000_mode01_p1.35A_implicit_min,19.14909553527832,70.72940063476562,370.06146240234375,-652.6625671386719,-1393.6769099235535,-1586.3997692465782
survivor_630_basin_640_candidate_1358_gencluster_1358_conf_007310_implicit_min,17.276975631713867,73.77737426757812,371.09893798828125,-506.19131326675415,-1576.4799137115479,-1620.5177910476923
survivor_631_basin_641_candidate_107_gencluster_107_conf_095892_implicit_min,19.892765045166016,90.7027587890625,402.1376037597656,-378.48509979248047,-1673.078203201294,-1538.8302035331726
survivor_632_basin_642_candidate_247_gencluster_247_conf_055952_implicit_min,16.3175106048584,63.73284912109375,371.249267578125,-440.04992961883545,-1595.8062734603882,-1584.5562648773193
survivor_633_basin_643_candidate_2376_gencluster_322_conf_078679_implicit_min,17.031734466552734,70.44252014160156,392.5885314941406,-723.6058311462402,-1405.1071891784668,-1648.650055885315
survivor_634_basin_644_candidate_786_gencluster_786_conf_034362_implicit_min,20.395751953125,85.01563262939453,389.9805908203125,-450.8589668273926,-1567.1831951141357,-1522.6509189605713
survivor_635_basin_645_nma_bh_candidate_082_gencluster_082_conf_089503_implicit_min_hop_002_mode01_p1.35A_implicit_min,20.230615615844727,81.41294860839844,360.5001220703125,-612.5033826828003,-1447.6523246765137,-1598.012080192566
survivor_636_basin_646_nma_bh_candidate_1391_gencluster_1391_conf_031128_implicit_min_hop_000_mode01_p0.75A_implicit_min,20.505840301513672,89.78535461425781,363.8645324707031,-499.77216386795044,-1603.0518007278442,-1628.6686571836472
survivor_637_basin_647_candidate_1159_gencluster_1159_conf_057283_implicit_min,18.380226135253906,70.29246520996094,371.13848876953125,-789.2639503479004,-1284.5413208007812,-1613.993992805481
survivor_638_basin_648_candidate_1867_gencluster_1867_conf_032780_implicit_min,15.502852439880371,57.51359939575195,364.40264892578125,-486.3682117462158,-1549.4748878479004,-1598.424456641078
survivor_639_basin_649_candidate_1990_gencluster_1990_conf_007344_implicit_min,19.448139190673828,76.68338012695312,354.5741882324219,-408.8307876586914,-1628.067352771759,-1586.192756012082
survivor_640_basin_650_nma_bh_candidate_2269_gencluster_189_conf_027155_implicit_min_hop_003_mode01_m0.75A_implicit_min,17.448741912841797,67.35775756835938,381.4170227050781,-482.1593236923218,-1558.0829796791077,-1574.01895929873
survivor_641_basin_651_candidate_1910_gencluster_1910_conf_005779_implicit_min,17.967302322387695,70.43003845214844,359.66485595703125,-507.7813992500305,-1535.2336220741272,-1594.9519186019897
survivor_642_basin_652_candidate_2247_gencluster_164_conf_084951_implicit_min,19.836584091186523,88.96589660644531,394.36328125,-515.8751811981201,-1537.2757325172424,-1549.9850648343563
survivor_643_basin_653_nma_bh_candidate_1005_gencluster_1005_conf_032431_implicit_min_hop_002_mode01_m0.75A_implicit_min,18.439130783081055,73.05830383300781,342.4354248046875,-370.54795932769775,-1681.988938331604,-1618.6032200455666
survivor_644_basin_654_nma_bh_candidate_1306_gencluster_1306_conf_001572_implicit_min_hop_003_mode02_p1.35A_implicit_min,16.09832000732422,78.6496810913086,386.00604248046875,-564.4662685394287,-1523.5056743621826,-1607.2181864976883
survivor_645_basin_655_candidate_1669_gencluster_1669_conf_027107_implicit_min,19.23600959777832,69.65573120117188,368.3468322753906,-775.2098178863525,-1289.3020944595337,-1607.2735359668732
survivor_646_basin_656_nma_bh_candidate_1191_gencluster_1191_conf_097898_implicit_min_hop_001_mode02_m0.75A_implicit_min,18.219545364379883,79.04037475585938,362.3974914550781,-531.5785760879517,-1529.2193312644958,-1601.140904277563
survivor_647_basin_657_explore_r02_hit_0026_conf_043662_implicit_min,18.26241111755371,75.14897155761719,374.5296936035156,-622.3834438323975,-1430.6000814437866,-1585.0425139665604
survivor_648_basin_658_candidate_1296_gencluster_1296_conf_128785_implicit_min,17.09994888305664,65.79096221923828,380.8042907714844,-249.50994110107422,-1780.9636130332947,-1566.778193950653
survivor_649_basin_660_candidate_1408_gencluster_1408_conf_119688_implicit_min,16.09075927734375,62.090423583984375,381.0264892578125,-394.9216117858887,-1629.027578830719,-1564.7415719628334
survivor_650_basin_661_candidate_2393_gencluster_347_conf_195039_implicit_min,17.822715759277344,74.66432189941406,358.78521728515625,-403.6162962913513,-1627.0019068717957,-1579.3461824804544
survivor_651_basin_662_nma_bh_candidate_323_gencluster_323_conf_140845_implicit_min_hop_000_mode01_p1.35A_implicit_min,17.99436378479004,76.61737060546875,389.43939208984375,-768.2283344268799,-1303.0697274208069,-1587.2470873594284
survivor_652_basin_663_nma_bh_candidate_375_gencluster_375_conf_010225_implicit_min_hop_000_mode02_m0.75A_implicit_min,15.563987731933594,62.06804275512695,386.24371337890625,-567.0547904968262,-1524.7275981903076,-1627.9067360162735
survivor_653_basin_664_candidate_2505_gencluster_492_conf_022094_implicit_min,16.73196792602539,64.77845764160156,386.962890625,-392.90030336380005,-1631.7372770309448,-1556.1643846333027
survivor_654_basin_665_candidate_343_gencluster_343_conf_120669_implicit_min,18.559598922729492,78.58984375,369.0276794433594,-441.88400077819824,-1627.1380076408386,-1602.8448167443275
survivor_655_basin_666_nma_bh_candidate_2390_gencluster_342_conf_095022_implicit_min_hop_002_mode01_m0.75A_implicit_min,21.955856323242188,87.44204711914062,362.885009765625,-534.2790312767029,-1535.0261573791504,-1597.0225298404694
survivor_656_basin_667_nma_bh_candidate_1684_gencluster_1684_conf_111666_implicit_min_hop_001_mode02_p1.35A_implicit_min,17.416080474853516,68.01234436035156,370.49078369140625,-458.72598457336426,-1591.32590341568,-1594.1328889876604
survivor_657_basin_668_candidate_2490_gencluster_470_conf_080582_implicit_min,18.814128875732422,86.28751373291016,394.33984375,-362.0530128479004,-1686.807819366455,-1549.419843673706
survivor_658_basin_669_candidate_1649_gencluster_1649_conf_047170_implicit_min,18.31052589416504,70.68696594238281,353.95379638671875,-478.606369972229,-1542.7988739013672,-1578.4535784721375
survivor_659_basin_670_candidate_1018_gencluster_1018_conf_047009_implicit_min,18.069561004638672,74.00630187988281,363.8724365234375,-462.5763416290283,-1571.8005571365356,-1578.4276204109192
survivor_660_basin_671_candidate_315_gencluster_315_conf_042212_implicit_min,20.46615982055664,76.72067260742188,372.13226318359375,-449.6962003707886,-1580.3482551574707,-1560.7244517803192
survivor_661_basin_672_candidate_1720_gencluster_1720_conf_095416_implicit_min,16.68369483947754,63.08543395996094,367.32659912109375,-405.29686880111694,-1645.2278757095337,-1603.429599404335
survivor_662_basin_673_candidate_1133_gencluster_1133_conf_024460_implicit_min,16.386302947998047,65.76072692871094,365.693115234375,-625.5774545669556,-1454.2278261184692,-1631.9644093215466
survivor_663_basin_674_candidate_601_gencluster_601_conf_052105_implicit_min,18.292753219604492,62.10822296142578,377.021728515625,-401.40634536743164,-1643.516276359558,-1587.4987499713898
survivor_664_basin_675_nma_bh_candidate_1684_gencluster_1684_conf_111666_implicit_min_hop_003_mode01_p0.75A_implicit_min,17.759004592895508,68.88546752929688,367.00433349609375,-411.11080026626587,-1639.3025574684143,-1596.7641203552485
survivor_665_basin_676_candidate_1169_gencluster_1169_conf_042072_implicit_min,18.087711334228516,78.6041488647461,364.2196960449219,-580.4213962554932,-1483.53844165802,-1603.047937810421
survivor_666_basin_677_candidate_1313_gencluster_1313_conf_004849_implicit_min,20.447002410888672,84.23409271240234,374.8221740722656,-458.2383852005005,-1615.5210828781128,-1594.255575299263
survivor_667_basin_678_candidate_1050_gencluster_1050_conf_008144_implicit_min,16.78388214111328,64.75420379638672,384.4486389160156,-404.3304057121277,-1635.8810558319092,-1574.224350258708
survivor_668_basin_679_candidate_1130_gencluster_1130_conf_057537_implicit_min,17.150646209716797,62.62596130371094,374.0247802734375,-538.50754737854,-1509.9558668136597,-1594.661554813385
survivor_669_basin_680_candidate_2569_gencluster_586_conf_197982_implicit_min,16.3798885345459,61.05133819580078,371.9286804199219,-417.00987672805786,-1648.5522680282593,-1616.2012465447187
survivor_670_basin_681_candidate_816_gencluster_816_conf_005491_implicit_min,16.91421127319336,64.30905151367188,360.5226135253906,-481.1618309020996,-1559.28049659729,-1598.6957994401455
survivor_671_basin_682_nma_bh_candidate_706_gencluster_706_conf_010197_implicit_min_hop_000_mode02_m0.75A_implicit_min,19.818735122680664,84.45106506347656,360.5983581542969,-582.7561950683594,-1476.5337533950806,-1594.4221063554287
survivor_672_basin_683_candidate_2286_gencluster_207_conf_122469_implicit_min,16.32387351989746,64.52757263183594,379.84283447265625,-586.4679880142212,-1492.2483081817627,-1618.02225497365
survivor_673_basin_684_candidate_1319_gencluster_1319_conf_086487_implicit_min,14.90600872039795,61.72771453857422,369.3097229003906,-687.1214570999146,-1398.0456256866455,-1639.2233686447144
survivor_674_basin_685_nma_bh_candidate_2293_gencluster_217_conf_180539_implicit_min_hop_003_mode01_m0.75A_implicit_min,18.48424530029297,65.36448669433594,351.1968688964844,-332.55381774902344,-1684.119885444641,-1581.627350896597
survivor_675_basin_686_candidate_1308_gencluster_1308_conf_006860_implicit_min,21.878942489624023,90.18775939941406,368.68927001953125,-434.71901512145996,-1625.641194343567,-1579.6042101681232
survivor_676_basin_687_candidate_529_gencluster_529_conf_184244_implicit_min,17.506540298461914,73.1006851196289,369.08709716796875,-765.1138296127319,-1308.1982374191284,-1613.6170336902142
survivor_677_basin_688_nma_bh_candidate_2101_gencluster_2101_conf_074791_implicit_min_hop_002_mode02_m0.75A_implicit_min,18.649272918701172,76.2333755493164,377.0164489746094,-435.2813882827759,-1623.5456175804138,-1586.9286543130875
survivor_678_basin_689_nma_bh_candidate_1138_gencluster_1138_conf_004095_implicit_min_hop_001_mode02_m1.35A_implicit_min,22.50933837890625,80.27047729492188,339.02294921875,-480.4182319641113,-1570.9618186950684,-1609.5773371458054
survivor_679_basin_690_nma_bh_candidate_703_gencluster_703_conf_042424_implicit_min_hop_002_mode02_m0.75A_implicit_min,17.344478607177734,66.85893249511719,368.6575012207031,-563.1276016235352,-1496.5836114883423,-1606.850602030754
survivor_680_basin_691_explore_r02_hit_0025_conf_021657_implicit_min,17.797569274902344,78.4718017578125,391.06414794921875,-693.2513666152954,-1405.0783734321594,-1610.996896982193
survivor_681_basin_692_candidate_1430_gencluster_1430_conf_010000_implicit_min,18.321401596069336,77.45269775390625,353.9951477050781,-583.4205050468445,-1498.187716960907,-1631.8381452560425
survivor_682_basin_693_nma_bh_candidate_1154_gencluster_1154_conf_003210_implicit_min_hop_002_mode01_m1.35A_implicit_min,17.980300903320312,65.53298950195312,367.7749328613281,-581.0289869308472,-1464.9708442687988,-1594.7117929458618
survivor_683_basin_694_candidate_1258_gencluster_1258_conf_113887_implicit_min,19.128562927246094,78.8507080078125,362.96368408203125,-361.5413808822632,-1706.7347321510315,-1607.3336557149887
survivor_684_basin_695_candidate_1427_gencluster_1427_conf_109088_implicit_min,18.185009002685547,73.09156799316406,354.9870910644531,-449.73550367355347,-1572.1711149215698,-1575.6433728337288
survivor_685_basin_696_candidate_475_gencluster_475_conf_141311_implicit_min,21.001863479614258,73.75830078125,383.06488037109375,-559.2423648834229,-1481.878080368042,-1563.2953572273254
survivor_686_basin_697_nma_bh_candidate_2867_gencluster_973_conf_126544_implicit_min_hop_002_mode02_p1.35A_implicit_min,19.73650360107422,78.48869323730469,371.1562194824219,-861.0110445022583,-1256.0679187774658,-1647.698220551014
survivor_687_basin_698_nma_bh_candidate_1888_gencluster_1888_conf_021802_implicit_min_hop_002_mode02_p1.35A_implicit_min,16.85191535949707,69.62725067138672,348.6673278808594,-475.0444555282593,-1545.9442677497864,-1585.8421160578728
survivor_688_basin_699_candidate_975_gencluster_975_conf_028844_implicit_min,18.049633026123047,65.3067855834961,356.40155029296875,-470.87816286087036,-1568.4147300720215,-1599.5351490974426
survivor_689_basin_700_candidate_2686_gencluster_755_conf_155358_implicit_min,20.137290954589844,84.22413635253906,349.4772033691406,-231.06855154037476,-1788.384265422821,-1565.614009425044
survivor_690_basin_701_nma_bh_candidate_1744_gencluster_1744_conf_080354_implicit_min_hop_000_mode02_m1.35A_implicit_min,16.74024772644043,68.67375946044922,369.42205810546875,-556.5083274841309,-1486.4702491760254,-1588.1425857543945
survivor_691_basin_702_candidate_2611_gencluster_643_conf_149885_implicit_min,19.434303283691406,70.91607666015625,376.0225524902344,-412.9208755493164,-1646.4240818023682,-1592.9723303318024
survivor_692_basin_703_nma_bh_candidate_2734_gencluster_813_conf_171932_implicit_min_hop_001_mode02_m0.75A_implicit_min,17.826236724853516,74.00773620605469,356.73614501953125,-365.66763067245483,-1667.319634437561,-1584.416960939765
survivor_693_basin_704_nma_bh_candidate_896_gencluster_896_conf_007510_implicit_min_hop_002_mode01_p1.35A_implicit_min,18.56900405883789,69.69979095458984,361.45294189453125,-646.6030225753784,-1426.782483100891,-1623.6633251309395
survivor_694_basin_705_nma_bh_candidate_2457_gencluster_433_conf_149315_implicit_min_hop_000_mode01_m0.75A_implicit_min,19.156917572021484,74.09266662597656,372.3674011230469,-582.2231025695801,-1502.1122617721558,-1618.7176985740662
survivor_695_basin_706_nma_bh_candidate_1045_gencluster_1045_conf_012052_implicit_min_hop_000_mode02_p1.35A_implicit_min,19.345909118652344,71.1427230834961,375.54925537109375,-285.2877902984619,-1727.6182050704956,-1546.8685144782066
survivor_696_basin_707_nma_bh_candidate_188_gencluster_188_conf_172172_implicit_min_hop_001_mode01_p1.35A_implicit_min,19.707599639892578,87.13906860351562,380.7176513671875,-505.10632133483887,-1564.562494277954,-1582.1043257713318
survivor_697_basin_708_nma_bh_candidate_1045_gencluster_1045_conf_012052_implicit_min_hop_001_mode01_p0.75A_implicit_min,17.632266998291016,72.03921508789062,374.30682373046875,-342.6346945762634,-1668.9820432662964,-1547.6383250951767
survivor_698_basin_709_candidate_1633_gencluster_1633_conf_191741_implicit_min,21.233980178833008,72.28369903564453,377.23284912109375,-473.5966796875,-1589.2678170204163,-1592.1145689338446
survivor_699_basin_710_explore_r04_hit_0030_conf_039890_implicit_min,17.41734504699707,66.0509262084961,363.7966003417969,-493.8874759674072,-1586.5654044151306,-1633.18838763237
survivor_700_basin_711_nma_bh_candidate_1920_gencluster_1920_conf_068917_implicit_min_hop_000_mode01_p0.75A_implicit_min,17.954214096069336,70.52606964111328,361.31439208984375,-437.67488956451416,-1637.6094951629639,-1625.4899063110352
survivor_701_basin_712_candidate_207_gencluster_207_conf_002406_implicit_min,19.737079620361328,78.18992614746094,376.5877685546875,-576.2876281738281,-1500.4700374603271,-1602.2427641749382
survivor_702_basin_713_nma_bh_candidate_2137_gencluster_030_conf_063074_implicit_min_hop_003_mode01_p1.35A_implicit_min,18.25990867614746,65.70037841796875,357.5582275390625,-408.43634605407715,-1628.9942607879639,-1595.9117736667395
survivor_703_basin_714_candidate_1093_gencluster_1093_conf_042197_implicit_min,15.750020980834961,63.971923828125,375.1584167480469,-320.64082956314087,-1704.9386792182922,-1570.6986409723759
survivor_704_basin_715_nma_bh_candidate_2792_gencluster_884_conf_057741_implicit_min_hop_001_mode02_p0.75A_implicit_min,17.321990966796875,71.08384704589844,383.2039794921875,-462.0451326370239,-1603.1692543029785,-1593.604387640953
survivor_705_basin_716_nma_bh_candidate_2734_gencluster_813_conf_171932_implicit_min_hop_000_mode01_m1.35A_implicit_min,17.55906105041504,74.32181549072266,360.078369140625,-285.8194580078125,-1750.3780536651611,-1584.2381629943848
survivor_706_basin_717_nma_bh_candidate_2137_gencluster_030_conf_063074_implicit_min_hop_003_mode01_m1.35A_implicit_min,17.654035568237305,64.31452941894531,356.01995849609375,-422.1105442047119,-1606.9615602493286,-1591.0830346792936
survivor_707_basin_718_candidate_1540_gencluster_1540_conf_001405_implicit_min,16.31591033935547,62.82292556762695,347.6607360839844,-463.90639448165894,-1569.359971523285,-1606.4668510109186
survivor_708_basin_719_nma_bh_candidate_484_gencluster_484_conf_150688_implicit_min_hop_002_mode01_m1.35A_implicit_min,20.952804565429688,98.62605285644531,352.2694091796875,-616.4289608001709,-1449.7890210151672,-1594.36971616745
survivor_709_basin_720_nma_bh_candidate_2478_gencluster_456_conf_103120_implicit_min_hop_002_mode01_m1.35A_implicit_min,18.826997756958008,71.15878295898438,379.60736083984375,-639.1984071731567,-1404.396656036377,-1574.001974761486
survivor_710_basin_721_nma_bh_candidate_323_gencluster_323_conf_140845_implicit_min_hop_003_mode01_p0.75A_implicit_min,19.532079696655273,81.24716186523438,372.817138671875,-729.2628707885742,-1349.1133031845093,-1604.7798399925232
survivor_711_basin_722_nma_bh_candidate_1632_gencluster_1632_conf_108386_implicit_min_hop_000_mode01_p0.75A_implicit_min,19.93678092956543,75.8275146484375,371.40960693359375,-463.8692674636841,-1585.4062571525574,-1582.101672410965
survivor_712_basin_723_candidate_1617_gencluster_1617_conf_070480_implicit_min,19.124601364135742,71.9864501953125,361.36175537109375,-558.823371887207,-1507.2148218154907,-1613.565589427948
survivor_713_basin_724_explore_r05_hit_0054_conf_011781_implicit_min,18.47955894470215,63.63405227661133,382.8652648925781,-781.0870819091797,-1302.8765468597412,-1618.984275341034
survivor_714_basin_725_candidate_933_gencluster_933_conf_081073_implicit_min,18.496755599975586,83.68414306640625,362.8998718261719,-618.4802904129028,-1478.736249923706,-1632.1359049081802
survivor_715_basin_726_candidate_1068_gencluster_1068_conf_025219_implicit_min,18.117944717407227,71.49884796142578,369.21575927734375,-667.4894561767578,-1416.8807392120361,-1625.5382845401764
survivor_716_basin_727_candidate_1240_gencluster_1240_conf_026715_implicit_min,18.98087501525879,68.13217163085938,377.71893310546875,-259.8021068572998,-1763.8414087295532,-1558.8110210001469
survivor_717_basin_728_candidate_2221_gencluster_134_conf_010123_implicit_min,19.088600158691406,62.786041259765625,368.83978271484375,-483.1450614929199,-1564.3589792251587,-1596.7895644456148
survivor_718_basin_729_explore_r02_hit_0065_conf_020132_implicit_min,16.403606414794922,71.04509735107422,390.80816650390625,-618.5122585296631,-1464.0357933044434,-1604.29072701931
survivor_719_basin_730_candidate_428_gencluster_428_conf_046409_implicit_min,17.533573150634766,81.56301879882812,392.04351806640625,-646.288366317749,-1479.1581630706787,-1634.306100845337
survivor_720_basin_731_candidate_185_gencluster_185_conf_158484_implicit_min,18.31614875793457,65.74241638183594,372.65032958984375,-604.0562553405762,-1468.2837715148926,-1615.6306762695312
survivor_721_basin_732_candidate_1063_gencluster_1063_conf_106931_implicit_min,20.839548110961914,92.49369812011719,352.00091552734375,-601.1848282814026,-1448.1954736709595,-1584.0459213256836
survivor_722_basin_733_candidate_2729_gencluster_808_conf_165724_implicit_min,20.29384422302246,86.47076416015625,349.47808837890625,-177.91521978378296,-1854.6981735229492,-1576.3707002997398
survivor_723_basin_734_nma_bh_candidate_694_gencluster_694_conf_053743_implicit_min_hop_000_mode02_p1.35A_implicit_min,20.22692108154297,66.64678955078125,373.0357666015625,-521.7395343780518,-1519.7635345458984,-1581.5937478542328
survivor_724_basin_735_nma_bh_candidate_2739_gencluster_819_conf_086560_implicit_min_hop_003_mode01_m1.35A_implicit_min,18.80302619934082,75.80583953857422,358.01824951171875,-530.7299556732178,-1541.2481875419617,-1619.351128011942
survivor_725_basin_736_candidate_2561_gencluster_573_conf_145726_implicit_min,17.13690757751465,67.35833740234375,359.7999572753906,-396.74057245254517,-1661.0446248054504,-1613.4895904362202
survivor_726_basin_738_nma_bh_candidate_2879_gencluster_988_conf_169931_implicit_min_hop_003_mode01_m1.35A_implicit_min,18.378280639648438,78.05850219726562,369.62835693359375,-480.6084442138672,-1609.9888820648193,-1624.5323977470398
survivor_727_basin_739_nma_bh_candidate_2863_gencluster_967_conf_115824_implicit_min_hop_002_mode02_p0.75A_implicit_min,18.18752098083496,68.20189666748047,349.96630859375,-455.1887550354004,-1575.3811931610107,-1594.2138071656227
survivor_728_basin_740_nma_bh_candidate_1684_gencluster_1684_conf_111666_implicit_min_hop_002_mode01_p0.75A_implicit_min,17.83687400817871,68.08544158935547,360.12518310546875,-445.0600805282593,-1602.035002708435,-1601.0467093735933
survivor_729_basin_741_nma_bh_candidate_2799_gencluster_891_conf_103935_implicit_min_hop_001_mode02_m0.75A_implicit_min,18.655872344970703,82.56079864501953,381.57916259765625,-383.26783561706543,-1654.6172709465027,-1555.0883883237839
survivor_730_basin_742_candidate_1200_gencluster_1200_conf_021556_implicit_min,21.174657821655273,84.36398315429688,368.7215881347656,-407.70887565612793,-1661.709394454956,-1595.1580365896225
survivor_731_basin_743_candidate_696_gencluster_696_conf_199908_implicit_min,16.275856018066406,69.019775390625,389.4553527832031,-687.9990177154541,-1435.3360619544983,-1648.584005355835
survivor_732_basin_744_candidate_2756_gencluster_840_conf_126655_implicit_min,19.06846809387207,65.5704345703125,347.8238830566406,-350.7938313484192,-1689.181541442871,-1607.5129068791866
survivor_733_basin_745_nma_bh_candidate_2684_gencluster_753_conf_185631_implicit_min_hop_001_mode02_p0.75A_implicit_min,20.016359329223633,82.4849624633789,359.20599365234375,-472.5409460067749,-1608.191493988037,-1619.0250234901905
survivor_734_basin_746_candidate_1402_gencluster_1402_conf_048227_implicit_min,16.89614486694336,66.25546264648438,391.8088073730469,-521.8773880004883,-1538.13032913208,-1585.0471122264862
survivor_735_basin_747_candidate_2706_gencluster_779_conf_145530_implicit_min,17.791759490966797,66.63257598876953,362.4925842285156,-501.88512802124023,-1527.2313861846924,-1582.1993217468262
survivor_736_basin_748_nma_bh_candidate_1908_gencluster_1908_conf_138911_implicit_min_hop_000_mode02_m0.75A_implicit_min,17.454362869262695,60.40800094604492,375.6489562988281,-265.60421419143677,-1756.6611289978027,-1568.7543738484383
survivor_737_basin_749_explore_r02_hit_0074_conf_033541_implicit_min,18.17422103881836,60.43889617919922,365.2150573730469,-629.5942535400391,-1411.9882907867432,-1597.753836631775
survivor_738_basin_750_nma_bh_candidate_706_gencluster_706_conf_010197_implicit_min_hop_003_mode02_p0.75A_implicit_min,18.986120223999023,81.29541015625,377.59979248046875,-567.7496967315674,-1484.5590398311615,-1574.4268874228
survivor_739_basin_751_explore_r04_hit_0013_conf_043040_implicit_min,19.127946853637695,78.58287048339844,368.10821533203125,-957.1418495178223,-1160.4671211242676,-1651.7894611358643
survivor_740_basin_752_candidate_412_gencluster_412_conf_097685_implicit_min,23.42953872680664,100.40238952636719,353.06268310546875,-545.7713069915771,-1533.9699039459229,-1602.8467526435852
survivor_741_basin_753_candidate_867_gencluster_867_conf_127351_implicit_min,20.95232582092285,78.09768676757812,380.9120178222656,-312.920156955719,-1737.2499165534973,-1570.208565711975
survivor_742_basin_754_candidate_302_gencluster_302_conf_033739_implicit_min,17.416833877563477,71.18036651611328,368.49822998046875,-606.6914863586426,-1434.0020895004272,-1583.5983694791794
survivor_743_basin_755_candidate_625_gencluster_625_conf_165404_implicit_min,19.839975357055664,73.88766479492188,400.4139404296875,-392.68400716781616,-1673.3646821975708,-1571.906970769167
survivor_744_basin_756_candidate_135_gencluster_135_conf_140472_implicit_min,18.783447265625,78.56526947021484,367.4255676269531,-603.2121162414551,-1459.8223276138306,-1598.2595960497856
survivor_745_basin_757_nma_bh_candidate_2457_gencluster_433_conf_149315_implicit_min_hop_002_mode01_p1.35A_implicit_min,17.6157283782959,79.26213073730469,375.3584899902344,-373.7844309806824,-1702.714286327362,-1604.2620341181755
survivor_746_basin_758_candidate_2899_gencluster_1010_conf_074731_implicit_min,16.916244506835938,63.90575408935547,376.10528564453125,-424.601619720459,-1639.9726858139038,-1607.6467300653458
survivor_747_basin_759_nma_bh_candidate_2395_gencluster_349_conf_060719_implicit_min_hop_001_mode02_m1.35A_implicit_min,21.456802368164062,85.87303161621094,355.55914306640625,-536.4872751235962,-1502.4506349563599,-1576.0487866401672
survivor_748_basin_760_explore_r03_hit_0048_conf_021292_implicit_min,18.190093994140625,83.18221282958984,365.7015075683594,-729.6495161056519,-1315.8057627677917,-1578.3814550638199
survivor_749_basin_761_candidate_508_gencluster_508_conf_163842_implicit_min,19.268699645996094,92.9976806640625,365.7937927246094,-411.1270446777344,-1631.4664764404297,-1564.5337545871735
survivor_750_basin_762_candidate_895_gencluster_895_conf_003715_implicit_min,18.683414459228516,71.133056640625,353.9561767578125,-504.71642780303955,-1547.190993309021,-1608.1342520713806
survivor_751_basin_763_nma_bh_candidate_2293_gencluster_217_conf_180539_implicit_min_hop_000_mode01_m1.35A_implicit_min,16.92934799194336,54.36771011352539,367.18017578125,-428.47163248062134,-1609.3489685058594,-1599.3429482132196
survivor_752_basin_764_explore_r01_hit_0102_conf_034783_implicit_min,19.47999382019043,82.38988494873047,375.58172607421875,-758.6169700622559,-1343.9435901641846,-1625.108943939209
survivor_753_basin_765_candidate_2303_gencluster_228_conf_090214_implicit_min,15.132938385009766,53.065773010253906,372.6921081542969,-444.50353240966797,-1569.8079295158386,-1573.420008584857
survivor_754_basin_766_candidate_787_gencluster_787_conf_067684_implicit_min,19.174474716186523,70.11367797851562,356.20855712890625,-585.9809293746948,-1460.058355331421,-1600.5419026613235
survivor_755_basin_767_nma_bh_candidate_2328_gencluster_260_conf_086582_implicit_min_hop_003_mode02_m0.75A_implicit_min,17.046823501586914,74.69210815429688,373.91168212890625,-592.195309638977,-1491.9044036865234,-1618.4489687979221
survivor_756_basin_768_candidate_1811_gencluster_1811_conf_016273_implicit_min,16.696754455566406,60.08495330810547,357.9162902832031,-360.2752799987793,-1658.3205432891846,-1583.8982898145914
survivor_757_basin_769_candidate_2966_gencluster_1100_conf_028562_implicit_min,17.110639572143555,62.725257873535156,392.34490966796875,-161.68064498901367,-1864.0481071472168,-1553.5478756576777
survivor_758_basin_770_nma_bh_candidate_1168_gencluster_1168_conf_154905_implicit_min_hop_001_mode02_m0.75A_implicit_min,17.416526794433594,78.15676879882812,374.898681640625,-597.8165102005005,-1455.000952720642,-1582.3454879522324
survivor_759_basin_771_candidate_2481_gencluster_461_conf_149638_implicit_min,18.25304412841797,74.33460998535156,370.11541748046875,-275.8328514099121,-1765.276231765747,-1578.4051995873451
survivor_760_basin_772_explore_r01_hit_0025_conf_000230_implicit_min,18.370243072509766,75.17402648925781,360.68096923828125,-256.19122886657715,-1802.3825855255127,-1604.3485221862793
survivor_761_basin_773_nma_bh_candidate_2126_gencluster_018_conf_131165_implicit_min_hop_000_mode02_p0.75A_implicit_min,18.456989288330078,79.32928466796875,362.91522216796875,-490.9173140525818,-1567.8014221191406,-1598.0171338319778
survivor_762_basin_774_nma_bh_candidate_2799_gencluster_891_conf_103935_implicit_min_hop_000_mode01_m0.75A_implicit_min,17.452709197998047,68.43240356445312,377.15020751953125,-221.31048011779785,-1823.1184391975403,-1581.3930039405823
survivor_763_basin_775_candidate_2644_gencluster_692_conf_094212_implicit_min,17.47200584411621,68.73666381835938,392.4775085449219,-337.20563793182373,-1714.1553468704224,-1572.6751256883144
survivor_764_basin_776_nma_bh_candidate_082_gencluster_082_conf_089503_implicit_min_hop_003_mode02_p1.35A_implicit_min,21.25394058227539,88.97743225097656,369.5743713378906,-717.7830924987793,-1369.1233940124512,-1607.1013537347317
survivor_765_basin_777_nma_bh_candidate_1266_gencluster_1266_conf_074504_implicit_min_hop_000_mode01_m1.35A_implicit_min,17.300758361816406,74.99386596679688,379.41583251953125,-483.4948835372925,-1569.075454711914,-1580.859711408615
survivor_766_basin_778_candidate_2004_gencluster_2004_conf_032747_implicit_min,17.942859649658203,67.22172546386719,374.4534912109375,-437.2402811050415,-1620.788911819458,-1598.4115915894508
survivor_767_basin_779_candidate_2216_gencluster_128_conf_035666_implicit_min,16.859577178955078,64.46944427490234,373.99542236328125,-395.6945734024048,-1623.2366547584534,-1563.6065265983343
survivor_768_basin_780_nma_bh_candidate_2293_gencluster_217_conf_180539_implicit_min_hop_002_mode02_p0.75A_implicit_min,16.415231704711914,65.65577697753906,359.5123291015625,-309.0745677947998,-1707.3425703048706,-1574.8342992067337
survivor_769_basin_781_candidate_2014_gencluster_2014_conf_005439_implicit_min,16.71906852722168,57.45913314819336,368.89630126953125,-535.4281225204468,-1506.8639478683472,-1599.2176156044006
survivor_770_basin_782_candidate_2866_gencluster_972_conf_137313_implicit_min,17.579326629638672,66.65336608886719,368.99957275390625,-615.9250259399414,-1448.5555877685547,-1611.2486848831177
survivor_771_basin_783_candidate_723_gencluster_723_conf_068379_implicit_min,20.6249942779541,88.12677764892578,378.5931396484375,-512.9439816474915,-1563.3138065338135,-1588.91260099411
survivor_772_basin_784_candidate_2881_gencluster_991_conf_028359_implicit_min,17.92067527770996,69.99713134765625,365.3621826171875,-631.3119220733643,-1428.8865776062012,-1606.9184719622135
survivor_773_basin_785_candidate_2352_gencluster_290_conf_041075_implicit_min,17.786352157592773,76.07160949707031,346.8511962890625,-455.3392086029053,-1591.6757717132568,-1606.3057277202606
survivor_774_basin_786_explore_r03_hit_0022_conf_034258_implicit_min,18.34807777404785,65.00923156738281,371.9764099121094,-625.7282199859619,-1399.4855165481567,-1569.8792940974236
survivor_775_basin_787_nma_bh_candidate_369_gencluster_369_conf_030202_implicit_min_hop_000_mode02_p1.35A_implicit_min,19.545747756958008,77.45794677734375,352.05322265625,-251.8192286491394,-1792.3903827667236,-1595.152425289154
survivor_776_basin_788_nma_bh_candidate_323_gencluster_323_conf_140845_implicit_min_hop_000_mode01_m1.35A_implicit_min,21.817184448242188,88.88892364501953,372.00830078125,-758.5376596450806,-1280.0421199798584,-1555.8651992082596
survivor_777_basin_789_candidate_472_gencluster_472_conf_108829_implicit_min,18.677791595458984,72.78116607666016,355.81671142578125,-507.45058727264404,-1550.9678497314453,-1611.1427479982376
survivor_778_basin_790_explore_r01_hit_0037_conf_004848_implicit_min,18.930889129638672,83.38162231445312,351.067626953125,-153.4912519454956,-1874.441104888916,-1574.5518182069063
survivor_779_basin_791_nma_bh_candidate_2101_gencluster_2101_conf_074791_implicit_min_hop_003_mode01_m1.35A_implicit_min,18.1054744720459,71.43839263916016,367.82794189453125,-545.9843235015869,-1527.0994100570679,-1615.712898015976
survivor_780_basin_793_candidate_1547_gencluster_1547_conf_009824_implicit_min,17.237821578979492,66.75868225097656,378.1285400390625,-550.5936183929443,-1496.597484588623,-1585.0662682652473
survivor_781_basin_794_nma_bh_candidate_1228_gencluster_1228_conf_073136_implicit_min_hop_002_mode01_m0.75A_implicit_min,17.222965240478516,65.08325958251953,372.2136535644531,-430.51667404174805,-1613.0048093795776,-1589.0015141963959
survivor_782_basin_795_nma_bh_candidate_1228_gencluster_1228_conf_073136_implicit_min_hop_003_mode02_p1.35A_implicit_min,17.470977783203125,66.32606506347656,356.2872314453125,-455.20152854919434,-1588.2947263717651,-1603.4119580984116
survivor_783_basin_796_nma_bh_candidate_1549_gencluster_1549_conf_001708_implicit_min_hop_003_mode01_p1.35A_implicit_min,17.678905487060547,77.41133880615234,364.9162292480469,-591.0450038909912,-1498.436339855194,-1629.4753435999155
survivor_784_basin_797_nma_bh_candidate_2799_gencluster_891_conf_103935_implicit_min_hop_002_mode01_m0.75A_implicit_min,18.142436981201172,72.02703857421875,361.205810546875,-252.8522162437439,-1785.5874185562134,-1587.0646337866783
survivor_785_basin_798_nma_bh_candidate_1908_gencluster_1908_conf_138911_implicit_min_hop_002_mode01_m1.35A_implicit_min,19.008499145507812,77.80673217773438,367.25531005859375,-337.92108964920044,-1682.090726852417,-1555.941480025649
survivor_786_basin_799_nma_bh_candidate_2136_gencluster_029_conf_073146_implicit_min_hop_002_mode02_m1.35A_implicit_min,17.33418083190918,74.43936920166016,365.85308837890625,-533.6250996589661,-1531.5191679000854,-1607.5170399397612
survivor_787_basin_800_candidate_1163_gencluster_1163_conf_027019_implicit_min,19.2624568939209,64.57652282714844,363.7804260253906,-516.6190195083618,-1532.2696266174316,-1601.2689501047134
survivor_788_basin_801_candidate_2704_gencluster_776_conf_068606_implicit_min,20.331071853637695,75.92122650146484,355.69207763671875,-420.6946301460266,-1636.888325214386,-1605.6386112123728
survivor_789_basin_802_candidate_1278_gencluster_1278_conf_094511_implicit_min,16.18983268737793,84.84681701660156,450.8439636230469,-554.1521639823914,-1573.951997756958,-1576.2230648994446
survivor_790_basin_803_candidate_1905_gencluster_1905_conf_080516_implicit_min,20.68250274658203,82.1196517944336,372.806884765625,-548.3011827468872,-1522.8549666404724,-1595.5469319224358
survivor_791_basin_804_candidate_1559_gencluster_1559_conf_043301_implicit_min,17.767433166503906,68.48542022705078,370.40826416015625,-487.8446216583252,-1578.1679077148438,-1609.351000547409
survivor_792_basin_805_candidate_1937_gencluster_1937_conf_003184_implicit_min,17.364824295043945,60.648223876953125,359.8699951171875,-481.0065207481384,-1581.633596420288,-1624.7567084282637
survivor_793_basin_806_nma_bh_candidate_2739_gencluster_819_conf_086560_implicit_min_hop_001_mode01_m0.75A_implicit_min,19.792308807373047,81.38838195800781,361.0904541015625,-595.1204214096069,-1479.6605758666992,-1612.5097697973251
survivor_794_basin_807_candidate_1790_gencluster_1790_conf_003774_implicit_min,17.223892211914062,64.64554595947266,387.130615234375,-711.6872081756592,-1370.826165676117,-1613.5138956606388
survivor_795_basin_808_nma_bh_candidate_1891_gencluster_1891_conf_036811_implicit_min_hop_001_mode02_p1.35A_implicit_min,19.577407836914062,83.47224426269531,349.2838439941406,-567.1528625488281,-1534.8764328956604,-1649.695753633976
survivor_796_basin_809_nma_bh_candidate_1519_gencluster_1519_conf_015687_implicit_min_hop_000_mode02_p1.35A_implicit_min,20.3598690032959,95.64279174804688,397.772216796875,-725.6347274780273,-1397.3066539764404,-1609.1668758392334
survivor_797_basin_810_candidate_2186_gencluster_089_conf_097453_implicit_min,16.087947845458984,60.656524658203125,357.160888671875,-358.363196849823,-1661.5231738090515,-1585.981088578701
survivor_798_basin_811_nma_bh_candidate_2395_gencluster_349_conf_060719_implicit_min_hop_002_mode02_p0.75A_implicit_min,18.443267822265625,73.25128936767578,367.6048889160156,-525.1222724914551,-1519.873206615448,-1585.6962525844574
survivor_799_basin_812_candidate_2676_gencluster_739_conf_166647_implicit_min,21.283254623413086,91.98681640625,338.59423828125,-451.1535167694092,-1594.6535911560059,-1593.94286775589
survivor_800_basin_813_candidate_841_gencluster_841_conf_112197_implicit_min,19.188400268554688,66.71514892578125,365.510986328125,-342.8494396209717,-1693.1529207229614,-1584.587595462799
survivor_801_basin_814_nma_bh_candidate_2779_gencluster_868_conf_171044_implicit_min_hop_000_mode02_m0.75A_implicit_min,17.426311492919922,67.94281005859375,383.68890380859375,-402.33116340637207,-1650.5857582092285,-1583.8591912984848
survivor_802_basin_815_nma_bh_candidate_1632_gencluster_1632_conf_108386_implicit_min_hop_002_mode01_m1.35A_implicit_min,17.720447540283203,76.26112365722656,379.60504150390625,-545.4387063980103,-1523.1547966003418,-1595.0070686340332
survivor_803_basin_816_nma_bh_candidate_1744_gencluster_1744_conf_080354_implicit_min_hop_003_mode02_m1.35A_implicit_min,17.54068374633789,72.88135528564453,356.95611572265625,-475.7887783050537,-1561.3831424713135,-1589.7940447330475
survivor_804_basin_817_candidate_1478_gencluster_1478_conf_090153_implicit_min,20.029600143432617,79.15550231933594,355.45123291015625,-476.62086486816406,-1554.2964153289795,-1576.2813584804535
survivor_805_basin_818_candidate_1491_gencluster_1491_conf_065378_implicit_min,17.700225830078125,76.75739288330078,381.5841369628906,-547.961727142334,-1534.7686877250671,-1606.687904059887
survivor_806_basin_819_candidate_774_gencluster_774_conf_054469_implicit_min,18.287281036376953,74.65365600585938,369.7234802246094,-236.16735744476318,-1819.8325881958008,-1593.3355847597122
survivor_807_basin_820_candidate_1041_gencluster_1041_conf_178061_implicit_min,19.565082550048828,76.92953491210938,370.6881103515625,-663.5504579544067,-1410.7913398742676,-1607.1590735912323
survivor_808_basin_821_candidate_2646_gencluster_695_conf_070750_implicit_min,18.54851531982422,91.54624938964844,389.999755859375,-522.2291460037231,-1529.756742477417,-1551.8915002346039
survivor_809_basin_822_candidate_1932_gencluster_1932_conf_017575_implicit_min,17.588741302490234,81.73603820800781,370.3111267089844,-710.2946195602417,-1368.675934791565,-1609.3343886733055
survivor_810_basin_823_nma_bh_candidate_1519_gencluster_1519_conf_015687_implicit_min_hop_001_mode02_p1.35A_implicit_min,19.002822875976562,81.85306549072266,367.8420104980469,-487.9255838394165,-1622.5229539871216,-1641.7509338855743
survivor_811_basin_824_candidate_2872_gencluster_979_conf_000777_implicit_min,18.87357521057129,76.44171142578125,367.058349609375,-445.03613567352295,-1605.5174307823181,-1588.180802822113
survivor_812_basin_825_candidate_1618_gencluster_1618_conf_002879_implicit_min,19.212785720825195,71.32221984863281,364.3047790527344,-537.3929929733276,-1527.6725969314575,-1610.2254350185394
survivor_813_basin_826_candidate_2585_gencluster_609_conf_141450_implicit_min,20.320165634155273,69.53365325927734,363.86212158203125,-462.7296895980835,-1578.510775566101,-1587.5245855748653
survivor_814_basin_827_nma_bh_candidate_1138_gencluster_1138_conf_004095_implicit_min_hop_002_mode01_p1.35A_implicit_min,20.567413330078125,78.59223175048828,373.1337890625,-553.3826179504395,-1487.3495264053345,-1568.4384074807167
survivor_815_basin_828_explore_r01_hit_0040_conf_002054_implicit_min,22.114892959594727,78.6803207397461,377.91522216796875,-411.1997079849243,-1646.865713596344,-1579.354845046997
survivor_816_basin_829_candidate_2607_gencluster_639_conf_030363_implicit_min,19.566381454467773,76.20912170410156,361.788330078125,-541.7848243713379,-1504.6882228851318,-1588.9090344905853
survivor_817_basin_830_explore_r05_hit_0029_conf_011921_implicit_min,20.378705978393555,77.24015045166016,358.68359375,-375.8180847167969,-1695.64107131958,-1615.1561760902405
survivor_818_basin_831_candidate_2114_gencluster_004_conf_063048_implicit_min,18.140018463134766,76.83960723876953,366.9309387207031,-605.2044925689697,-1469.8973293304443,-1613.1913123130798
survivor_819_basin_832_nma_bh_candidate_896_gencluster_896_conf_007510_implicit_min_hop_001_mode01_m0.75A_implicit_min,19.636577606201172,71.86558532714844,370.02197265625,-677.6298093795776,-1376.4804096221924,-1592.586105108261
survivor_820_basin_833_candidate_1220_gencluster_1220_conf_071843_implicit_min,18.54362678527832,71.12895965576172,353.93597412109375,-515.929030418396,-1539.0285272598267,-1611.3492772579193
survivor_821_basin_834_candidate_115_gencluster_115_conf_063778_implicit_min,19.494626998901367,75.57154846191406,377.3332214355469,-530.4516596794128,-1528.9200434684753,-1586.9720798134804
survivor_822_basin_835_explore_r01_hit_0090_conf_015565_implicit_min,19.94913673400879,86.1092529296875,376.62109375,-638.343677520752,-1457.604627609253,-1613.2683342695236
survivor_823_basin_836_candidate_2223_gencluster_136_conf_005844_implicit_min,19.447790145874023,81.28177642822266,358.2062072753906,-116.13156318664551,-1895.006618976593,-1552.2021111547947
survivor_824_basin_837_candidate_1122_gencluster_1122_conf_043036_implicit_min,18.815471649169922,79.95702362060547,358.8856201171875,-479.45547103881836,-1578.336522102356,-1600.133805513382
survivor_825_basin_838_explore_r01_hit_0018_conf_044018_implicit_min,17.646812438964844,81.24114990234375,378.4354248046875,-853.9145240783691,-1288.0822887420654,-1664.6728079319
survivor_826_basin_839_candidate_763_gencluster_763_conf_052581_implicit_min,19.472810745239258,75.59646606445312,370.6021728515625,-520.9169397354126,-1534.9568099975586,-1590.2027015686035
survivor_827_basin_840_nma_bh_candidate_2492_gencluster_473_conf_171315_implicit_min_hop_002_mode02_p1.35A_implicit_min,19.874923706054688,83.82881927490234,368.3266296386719,-693.5301032066345,-1426.8898191452026,-1648.3900278806686
survivor_828_basin_841_candidate_2288_gencluster_210_conf_051166_implicit_min,17.596107482910156,67.08623504638672,361.66717529296875,-313.5249300003052,-1714.74817943573,-1581.9237259924412
survivor_829_basin_842_candidate_2134_gencluster_026_conf_130365_implicit_min,18.203655242919922,74.94234466552734,364.4755859375,-517.5671424865723,-1525.6901454925537,-1585.6358222961426
survivor_830_basin_843_candidate_980_gencluster_980_conf_149280_implicit_min,18.579334259033203,87.08816528320312,368.37451171875,-626.9697766304016,-1426.5899329185486,-1579.518047094345
survivor_831_basin_844_candidate_467_gencluster_467_conf_034350_implicit_min,17.12387466430664,62.67202377319336,366.13214111328125,-362.14029264450073,-1687.1727685928345,-1603.384560585022
survivor_832_basin_845_candidate_2139_gencluster_032_conf_021281_implicit_min,17.865291595458984,71.71497344970703,383.2895812988281,-760.1489000320435,-1316.7448902130127,-1604.0238208770752
survivor_833_basin_846_nma_bh_candidate_768_gencluster_768_conf_013652_implicit_min_hop_000_mode01_p0.75A_implicit_min,18.408615112304688,81.1557388305664,361.2585754394531,-676.5728688240051,-1428.8337335586548,-1644.5832470655441
survivor_834_basin_847_nma_bh_candidate_781_gencluster_781_conf_154971_implicit_min_hop_002_mode02_m0.75A_implicit_min,19.436840057373047,65.17606353759766,370.6476745605469,-374.12049293518066,-1673.729814529419,-1592.5896970927715
survivor_835_basin_848_nma_bh_candidate_2397_gencluster_351_conf_182360_implicit_min_hop_000_mode02_m0.75A_implicit_min,19.7288818359375,86.65106964111328,362.5486755371094,-385.27745056152344,-1673.519700050354,-1589.8677940368652
survivor_836_basin_849_candidate_1702_gencluster_1702_conf_021907_implicit_min,16.3977108001709,62.32616424560547,357.74810791015625,-311.26943588256836,-1729.905560016632,-1604.7027698159218
survivor_837_basin_850_candidate_2230_gencluster_145_conf_085908_implicit_min,17.320072174072266,66.40309143066406,359.9847412109375,-166.72999668121338,-1854.9906644821167,-1578.013606607914
survivor_838_basin_851_nma_bh_candidate_366_gencluster_366_conf_085244_implicit_min_hop_000_mode01_m0.75A_implicit_min,16.211233139038086,70.72921752929688,373.25518798828125,-587.0084056854248,-1448.5755453109741,-1575.3886668682098
survivor_839_basin_852_candidate_2554_gencluster_564_conf_075631_implicit_min,18.86255645751953,61.871864318847656,361.0493469238281,-520.9916615486145,-1545.3567934036255,-1624.564873188734
survivor_840_basin_853_nma_bh_candidate_657_gencluster_657_conf_033799_implicit_min_hop_003_mode02_p0.75A_implicit_min,17.130840301513672,68.98269653320312,407.1446228027344,-466.97472047805786,-1560.8633241653442,-1534.5802774429321
survivor_841_basin_854_explore_r05_hit_0030_conf_017527_implicit_min,17.10753059387207,68.17774200439453,356.6792297363281,-386.4632730484009,-1659.4824409484863,-1603.9813165664673
survivor_842_basin_855_candidate_2666_gencluster_724_conf_170514_implicit_min,17.001922607421875,62.1298713684082,370.6499328613281,-525.1444463729858,-1503.822515487671,-1579.1845653057098
survivor_843_basin_856_candidate_1807_gencluster_1807_conf_063423_implicit_min,16.107763290405273,57.26702117919922,354.9758605957031,-485.8047046661377,-1526.5462069511414,-1584.001051530242
survivor_844_basin_857_candidate_1731_gencluster_1731_conf_114612_implicit_min,19.96558380126953,79.52994537353516,353.6243591308594,-536.3423023223877,-1546.5357303619385,-1629.7579407691956
survivor_845_basin_858_candidate_1935_gencluster_1935_conf_108529_implicit_min,17.10362434387207,72.20274353027344,385.85321044921875,-850.7836112976074,-1296.5778970718384,-1672.202318429947
survivor_846_basin_860_nma_bh_candidate_858_gencluster_858_conf_004120_implicit_min_hop_000_mode01_p0.75A_implicit_min,18.48140525817871,80.32424926757812,376.736328125,-639.9112491607666,-1412.0550498962402,-1576.4241036772728
survivor_847_basin_861_candidate_1732_gencluster_1732_conf_024755_implicit_min,15.70473861694336,62.11440658569336,376.2835388183594,-397.711537361145,-1659.4663200378418,-1603.074288368225
survivor_848_basin_862_candidate_513_gencluster_513_conf_078450_implicit_min,19.096355438232422,78.9541015625,374.69024658203125,-671.9212698936462,-1408.1068785190582,-1607.2865962386131
survivor_849_basin_863_candidate_868_gencluster_868_conf_084859_implicit_min,19.784427642822266,78.90277099609375,377.9814453125,-299.2493200302124,-1746.1967420578003,-1568.7772747278214
survivor_850_basin_864_nma_bh_candidate_2635_gencluster_682_conf_091883_implicit_min_hop_003_mode01_m0.75A_implicit_min,19.941993713378906,79.42945098876953,376.563720703125,-604.514892578125,-1456.7349758148193,-1585.3142766952515
survivor_851_basin_865_nma_bh_candidate_2967_gencluster_1102_conf_125121_implicit_min_hop_002_mode02_p1.35A_implicit_min,18.480417251586914,75.06488037109375,383.1986083984375,-530.1838665008545,-1494.950445175171,-1548.390737771988
survivor_852_basin_866_candidate_1016_gencluster_1016_conf_086459_implicit_min,17.16793441772461,64.26665496826172,375.6311340332031,-306.2285223007202,-1758.3950910568237,-1607.5573039650917
survivor_853_basin_867_nma_bh_candidate_2663_gencluster_717_conf_014249_implicit_min_hop_002_mode02_m0.75A_implicit_min,18.72753143310547,70.18231201171875,375.33294677734375,-421.9865155220032,-1652.8769187927246,-1610.620704650879
survivor_854_basin_868_explore_r01_hit_0058_conf_011702_implicit_min,17.986404418945312,73.70974731445312,371.4959716796875,-595.0033483505249,-1469.0761375427246,-1600.888123512268
survivor_855_basin_869_candidate_2888_gencluster_998_conf_114635_implicit_min,19.179611206054688,77.38731384277344,373.75604248046875,-493.3868975639343,-1602.243396282196,-1625.3075082302094
survivor_856_basin_870_candidate_2599_gencluster_628_conf_051697_implicit_min,19.26874542236328,66.470703125,364.37664794921875,-348.35705375671387,-1693.9901871681213,-1592.2309449911118
survivor_857_basin_871_nma_bh_candidate_1191_gencluster_1191_conf_097898_implicit_min_hop_001_mode01_p1.35A_implicit_min,19.086904525756836,83.7772445678711,358.5487060546875,-541.4458589553833,-1506.6489505767822,-1586.6825017035007
survivor_858_basin_872_nma_bh_candidate_1123_gencluster_1123_conf_005004_implicit_min_hop_002_mode02_p1.35A_implicit_min,18.43446159362793,73.02098083496094,363.726318359375,-470.0026888847351,-1562.1744141578674,-1576.9958295673132
survivor_859_basin_874_candidate_1459_gencluster_1459_conf_195913_implicit_min,19.519794464111328,78.46852111816406,361.8630065917969,-642.9401564598083,-1482.122281551361,-1665.211042881012
survivor_860_basin_875_candidate_634_gencluster_634_conf_024833_implicit_min,18.44148826599121,91.34556579589844,405.158203125,-458.996337890625,-1576.8271751403809,-1520.8783612549305
survivor_861_basin_876_candidate_553_gencluster_553_conf_149106_implicit_min,16.254732131958008,64.38610076904297,372.891845703125,-689.4438943862915,-1363.315294265747,-1599.226889371872
survivor_862_basin_877_nma_bh_candidate_659_gencluster_659_conf_039862_implicit_min_hop_001_mode02_m1.35A_implicit_min,19.76418685913086,75.61090850830078,372.0144348144531,-371.33204078674316,-1675.9013919830322,-1579.8440777659416
survivor_863_basin_878_nma_bh_candidate_768_gencluster_768_conf_013652_implicit_min_hop_002_mode01_p0.75A_implicit_min,18.584819793701172,72.78289794921875,390.5830993652344,-675.7973031997681,-1421.6453371047974,-1615.492445141077
survivor_864_basin_879_nma_bh_candidate_1143_gencluster_1143_conf_019885_implicit_min_hop_002_mode01_p1.35A_implicit_min,18.81394386291504,78.14738464355469,374.572998046875,-528.3932609558105,-1513.2771663665771,-1570.1363075971603
survivor_865_basin_880_candidate_120_gencluster_120_conf_023960_implicit_min,17.82147216796875,71.64323425292969,386.6629333496094,-476.7708797454834,-1567.078417301178,-1567.7211974859238
survivor_866_basin_881_candidate_389_gencluster_389_conf_029455_implicit_min,18.733797073364258,61.10401153564453,358.4392395019531,-438.0108976364136,-1619.0713300704956,-1618.8048739433289
survivor_867_basin_882_candidate_1100_gencluster_1100_conf_015339_implicit_min,18.758098602294922,71.61453247070312,360.66046142578125,-328.76113414764404,-1718.9030675888062,-1596.631027430296
survivor_868_basin_883_nma_bh_candidate_2792_gencluster_884_conf_057741_implicit_min_hop_002_mode02_m1.35A_implicit_min,18.463180541992188,74.68603515625,366.34405517578125,-566.9530010223389,-1500.413974761963,-1607.8734103441238
survivor_869_basin_884_candidate_061_gencluster_061_conf_071305_implicit_min,19.668325424194336,89.00326538085938,351.9149169921875,-576.8789939880371,-1508.953558921814,-1625.246176481247
survivor_870_basin_885_candidate_1729_gencluster_1729_conf_177603_implicit_min,16.040212631225586,70.76811218261719,369.7237548828125,-749.0062417984009,-1338.5574569702148,-1631.0323342978954
survivor_871_basin_886_nma_bh_candidate_2967_gencluster_1102_conf_125121_implicit_min_hop_001_mode01_m1.35A_implicit_min,18.2646484375,74.20918273925781,387.4286193847656,-574.4329671859741,-1463.768461227417,-1558.2982823848724
survivor_872_basin_887_nma_bh_candidate_181_gencluster_181_conf_004749_implicit_min_hop_000_mode02_m1.35A_implicit_min,16.05810546875,58.72243118286133,351.2947082519531,-461.04701709747314,-1564.964575767517,-1599.9365084469318
survivor_873_basin_888_candidate_579_gencluster_579_conf_001894_implicit_min,17.48395347595215,78.98570251464844,389.28033447265625,-622.5355644226074,-1471.1895127296448,-1607.974487543106
survivor_874_basin_889_candidate_2602_gencluster_631_conf_106300_implicit_min,18.54854965209961,73.90776824951172,375.827880859375,-377.17329025268555,-1666.6207962036133,-1575.5100346803665
survivor_875_basin_890_candidate_1198_gencluster_1198_conf_013733_implicit_min,19.749425888061523,84.01701354980469,351.75030517578125,-218.75525856018066,-1800.1674280166626,-1563.405739068985
survivor_876_basin_891_candidate_752_gencluster_752_conf_043918_implicit_min,18.992603302001953,78.6819076538086,396.06500244140625,-445.7189702987671,-1606.5403838157654,-1558.5202748775482
survivor_877_basin_892_explore_r05_hit_0007_conf_004848_implicit_min,17.58956527709961,56.949127197265625,373.45458984375,-366.8677062988281,-1673.3147721290588,-1592.188999056816
survivor_878_basin_893_nma_bh_candidate_583_gencluster_583_conf_027260_implicit_min_hop_003_mode02_m0.75A_implicit_min,18.375905990600586,73.46321105957031,376.311279296875,-599.5206003189087,-1436.9192638397217,-1568.2895398139954
survivor_879_basin_894_nma_bh_candidate_2351_gencluster_289_conf_083735_implicit_min_hop_003_mode02_m0.75A_implicit_min,18.721967697143555,79.28387451171875,369.9259033203125,-428.40383434295654,-1600.3059792518616,-1560.7775003612041
survivor_880_basin_895_candidate_478_gencluster_478_conf_038188_implicit_min,16.401195526123047,69.94871520996094,399.81549072265625,-278.139799118042,-1781.995041847229,-1573.9698725938797
survivor_881_basin_896_explore_r02_hit_0019_conf_004624_implicit_min,18.17422866821289,73.11497497558594,356.7358093261719,-257.68974018096924,-1783.0218076705933,-1592.6868799626827
survivor_882_basin_897_candidate_319_gencluster_319_conf_086878_implicit_min,20.546213150024414,90.9365234375,351.6249084472656,-440.5118074417114,-1582.3334770202637,-1559.737137466669
survivor_883_basin_898_candidate_204_gencluster_204_conf_155794_implicit_min,19.735923767089844,65.66577911376953,378.07684326171875,-553.2324676513672,-1479.5699286460876,-1569.3243165016174
survivor_884_basin_899_candidate_2326_gencluster_258_conf_055825_implicit_min,18.225664138793945,71.90937042236328,378.2357177734375,-476.6423053741455,-1560.4024839401245,-1568.6742380857468
survivor_885_basin_900_candidate_049_gencluster_049_conf_034896_implicit_min,17.63213539123535,80.7564468383789,379.48236083984375,-636.9286141395569,-1474.194076538086,-1633.251606464386
survivor_886_basin_901_candidate_1717_gencluster_1717_conf_021134_implicit_min,17.890430450439453,68.46479797363281,367.88153076171875,-463.04812717437744,-1571.4192342758179,-1580.2305994033813
survivor_887_basin_902_candidate_997_gencluster_997_conf_006574_implicit_min,20.73090362548828,81.9423828125,372.52667236328125,-529.0522785186768,-1543.5924181938171,-1597.4445182085037
survivor_888_basin_903_nma_bh_candidate_1647_gencluster_1647_conf_134687_implicit_min_hop_002_mode02_p0.75A_implicit_min,18.937664031982422,71.40774536132812,391.808349609375,-535.0241222381592,-1538.556342124939,-1591.426800251007
survivor_889_basin_904_candidate_1981_gencluster_1981_conf_058579_implicit_min,18.14295768737793,66.28184509277344,395.0808410644531,-679.6548728942871,-1389.6515893936157,-1589.8005056381226
survivor_890_basin_905_candidate_652_gencluster_652_conf_140993_implicit_min,22.161205291748047,90.0474853515625,381.2490234375,-422.6449155807495,-1639.5120697021484,-1568.6997820138931
survivor_891_basin_906_candidate_888_gencluster_888_conf_010032_implicit_min,20.309358596801758,77.33737182617188,368.62384033203125,-609.7410769462585,-1445.191104888916,-1588.6616451740265
survivor_892_basin_907_nma_bh_candidate_659_gencluster_659_conf_039862_implicit_min_hop_001_mode02_m0.75A_implicit_min,20.054224014282227,75.94091796875,374.6503601074219,-305.9826202392578,-1744.0691890716553,-1579.406831920147
survivor_893_basin_908_nma_bh_candidate_1139_gencluster_1139_conf_053753_implicit_min_hop_001_mode02_m0.75A_implicit_min,21.57878875732422,76.64448547363281,380.2763671875,-371.5654640197754,-1666.734797000885,-1559.7999693751335
survivor_894_basin_909_candidate_2815_gencluster_908_conf_008359_implicit_min,17.762863159179688,77.93421936035156,351.007568359375,-491.09523487091064,-1551.1843881607056,-1595.5751164853573
survivor_895_basin_910_candidate_2285_gencluster_206_conf_194679_implicit_min,17.33736801147461,63.806697845458984,359.94158935546875,-388.0970540046692,-1650.7388610839844,-1597.749483332038
survivor_896_basin_911_candidate_263_gencluster_263_conf_002839_implicit_min,17.135225296020508,70.91244506835938,358.4090576171875,-431.73464488983154,-1599.179430961609,-1584.4571502506733
survivor_897_basin_912_explore_r03_hit_0004_conf_016606_implicit_min,20.171573638916016,82.76081848144531,365.3330078125,-535.2882452011108,-1524.293387413025,-1591.316164970398
survivor_898_basin_913_nma_bh_candidate_2548_gencluster_554_conf_187437_implicit_min_hop_002_mode02_m1.35A_implicit_min,18.024105072021484,72.78675079345703,348.93408203125,-410.3456811904907,-1606.3939428329468,-1576.9947577118874
survivor_899_basin_914_candidate_1892_gencluster_1892_conf_015649_implicit_min,16.528141021728516,56.84490966796875,369.42327880859375,-366.80963468551636,-1675.6278653144836,-1599.6411112695932
survivor_900_basin_915_candidate_2341_gencluster_278_conf_108136_implicit_min,18.650325775146484,61.3583869934082,381.29656982421875,-558.5930600166321,-1487.1509456634521,-1584.438793182373
survivor_901_basin_916_candidate_098_gencluster_098_conf_004603_implicit_min,17.695138931274414,68.75685119628906,364.0658264160156,-491.4237928390503,-1523.1967506408691,-1564.1027232706547
survivor_902_basin_917_candidate_1149_gencluster_1149_conf_014152_implicit_min,21.046627044677734,87.04658508300781,372.209716796875,-783.9070148468018,-1289.9622526168823,-1593.5663666725159
survivor_903_basin_918_nma_bh_candidate_703_gencluster_703_conf_042424_implicit_min_hop_001_mode01_m1.35A_implicit_min,19.158031463623047,74.99703216552734,380.85174560546875,-355.586820602417,-1700.8128871917725,-1581.3927602767944
survivor_904_basin_919_nma_bh_candidate_2390_gencluster_342_conf_095022_implicit_min_hop_000_mode01_p1.35A_implicit_min,19.330440521240234,79.22038269042969,369.9126281738281,-629.294487953186,-1423.6131620407104,-1584.4440923333168
survivor_905_basin_920_nma_bh_candidate_1391_gencluster_1391_conf_031128_implicit_min_hop_000_mode01_m0.75A_implicit_min,19.536073684692383,85.47772979736328,362.94110107421875,-465.8833522796631,-1635.6878204345703,-1633.6157336235046
survivor_906_basin_921_nma_bh_candidate_082_gencluster_082_conf_089503_implicit_min_hop_002_mode02_m1.35A_implicit_min,20.51287078857422,83.47080993652344,358.4610290527344,-636.1456470489502,-1418.241114616394,-1591.9414732158184
survivor_907_basin_922_candidate_2064_gencluster_2064_conf_072159_implicit_min,15.57994556427002,61.075740814208984,369.6675109863281,-540.5614185333252,-1501.0060167312622,-1595.2448063194752
survivor_908_basin_923_explore_r01_hit_0003_conf_024407_implicit_min,19.096134185791016,72.179931640625,371.6412048339844,-444.84143352508545,-1609.0902786254883,-1591.014813899994
survivor_909_basin_924_explore_r03_hit_0050_conf_015309_implicit_min,18.550323486328125,76.04039001464844,385.23553466796875,-661.8409175872803,-1380.0073013305664,-1562.0223203897476
survivor_910_basin_925_nma_bh_candidate_705_gencluster_705_conf_003845_implicit_min_hop_002_mode01_m1.35A_implicit_min,21.20089340209961,78.03443908691406,373.4599304199219,-409.30860900878906,-1607.8741540908813,-1544.4877421855927
survivor_911_basin_926_explore_r02_hit_0062_conf_004328_implicit_min,19.201213836669922,91.97509765625,392.0128479003906,-849.7451047897339,-1270.2067852020264,-1616.762939453125
survivor_912_basin_927_candidate_1350_gencluster_1350_conf_009721_implicit_min,17.464387893676758,74.83261108398438,391.4183349609375,-545.7474212646484,-1568.1504001617432,-1630.182538509369
survivor_913_basin_928_candidate_1272_gencluster_1272_conf_115802_implicit_min,16.05099868774414,59.132667541503906,391.7335205078125,-409.6546530723572,-1670.6568670272827,-1613.3948273658752
survivor_914_basin_929_candidate_2903_gencluster_1014_conf_175671_implicit_min,16.733856201171875,62.238224029541016,359.00018310546875,-488.14504957199097,-1540.1224699020386,-1590.2961611151695
survivor_915_basin_930_explore_r04_hit_0006_conf_049018_implicit_min,16.902257919311523,67.74923706054688,383.501220703125,-334.05683946609497,-1730.2067880630493,-1596.1108580231667
survivor_916_basin_931_nma_bh_candidate_1088_gencluster_1088_conf_064565_implicit_min_hop_003_mode02_m1.35A_implicit_min,16.30936622619629,66.60552978515625,384.72821044921875,-339.55387115478516,-1699.6138458251953,-1571.525216549635
survivor_917_basin_932_nma_bh_candidate_1533_gencluster_1533_conf_017890_implicit_min_hop_002_mode01_p0.75A_implicit_min,17.485267639160156,69.77333068847656,355.5543212890625,-431.5365614891052,-1592.8284072875977,-1581.551448047161
survivor_918_basin_933_nma_bh_candidate_2137_gencluster_030_conf_063074_implicit_min_hop_002_mode02_p0.75A_implicit_min,18.70967674255371,67.4300308227539,355.72747802734375,-375.84144592285156,-1663.2128329277039,-1597.186730697751
survivor_919_basin_934_candidate_801_gencluster_801_conf_196592_implicit_min,16.443309783935547,69.58389282226562,362.3900146484375,-571.4313449859619,-1469.5536432266235,-1592.5682193934917
survivor_920_basin_935_candidate_1165_gencluster_1165_conf_051011_implicit_min,18.38565444946289,79.98573303222656,366.431884765625,-741.5375719070435,-1345.495949268341,-1622.2301719486713
survivor_921_basin_936_nma_bh_candidate_459_gencluster_459_conf_009899_implicit_min_hop_002_mode01_m1.35A_implicit_min,20.602062225341797,78.49899291992188,366.61322021484375,-584.9040813446045,-1494.262089729309,-1613.452073097229
survivor_922_basin_937_candidate_2797_gencluster_889_conf_122369_implicit_min,18.788637161254883,72.4499282836914,357.461669921875,-481.99675273895264,-1558.6624217033386,-1591.9584503173828
survivor_923_basin_938_nma_bh_candidate_2233_gencluster_148_conf_073474_implicit_min_hop_003_mode01_m0.75A_implicit_min,17.463584899902344,69.5711441040039,351.9431457519531,-448.3001937866211,-1573.1017694473267,-1582.4246608316898
survivor_924_basin_939_candidate_1300_gencluster_1300_conf_039508_implicit_min,21.134357452392578,76.20153045654297,369.1170654296875,-544.6882839202881,-1530.0165939331055,-1608.2521152496338
survivor_925_basin_940_candidate_655_gencluster_655_conf_004393_implicit_min,17.842491149902344,66.66264343261719,377.31878662109375,-333.19726371765137,-1676.501880645752,-1547.8755689561367
survivor_926_basin_941_nma_bh_candidate_2328_gencluster_260_conf_086582_implicit_min_hop_000_mode02_m1.35A_implicit_min,17.853235244750977,75.25827026367188,388.4071044921875,-594.5794801712036,-1512.7075896263123,-1625.7680139541626
survivor_927_basin_942_candidate_066_gencluster_066_conf_067825_implicit_min,18.398956298828125,73.98362731933594,356.9166259765625,-459.51234006881714,-1559.1560335159302,-1569.3697157800198
survivor_928_basin_943_candidate_397_gencluster_397_conf_027259_implicit_min,18.613088607788086,82.43264770507812,374.6551513671875,-833.2275743484497,-1275.065273284912,-1632.5914549827576
survivor_929_basin_944_nma_bh_candidate_862_gencluster_862_conf_049308_implicit_min_hop_003_mode01_m1.35A_implicit_min,19.351198196411133,72.75464630126953,364.2142333984375,-438.0093116760254,-1593.671064376831,-1575.3600653409958
survivor_930_basin_945_nma_bh_candidate_231_gencluster_231_conf_058839_implicit_min_hop_002_mode01_p0.75A_implicit_min,19.699316024780273,69.66333770751953,390.32391357421875,-450.3081531524658,-1634.6288776397705,-1605.2510516643524
survivor_931_basin_946_candidate_1115_gencluster_1115_conf_016749_implicit_min,16.84893035888672,63.80073165893555,358.86212158203125,-356.61255168914795,-1678.6327857971191,-1595.7337507903576
survivor_932_basin_947_candidate_1722_gencluster_1722_conf_006537_implicit_min,17.225360870361328,64.67501068115234,380.87115478515625,-685.3455181121826,-1381.3472909927368,-1603.9214656352997
survivor_933_basin_948_nma_bh_candidate_1736_gencluster_1736_conf_126029_implicit_min_hop_001_mode01_p1.35A_implicit_min,17.871572494506836,63.31957244873047,373.8109130859375,-428.20778369903564,-1589.559326171875,-1562.764999806881
survivor_934_basin_949_nma_bh_candidate_2734_gencluster_813_conf_171932_implicit_min_hop_002_mode01_m0.75A_implicit_min,18.359275817871094,74.13191986083984,354.1145324707031,-478.11879301071167,-1558.0172119140625,-1589.5300310254097
survivor_935_basin_950_nma_bh_candidate_1822_gencluster_1822_conf_005041_implicit_min_hop_002_mode01_p1.35A_implicit_min,19.032121658325195,68.05390167236328,348.4054870605469,-313.39287757873535,-1711.547553062439,-1589.4497885406017
survivor_936_basin_951_nma_bh_candidate_2537_gencluster_535_conf_063339_implicit_min_hop_003_mode01_p1.35A_implicit_min,19.082155227661133,76.32426452636719,359.11737060546875,-368.92127990722656,-1708.8830242156982,-1623.2804152965546
survivor_937_basin_952_candidate_1010_gencluster_1010_conf_004227_implicit_min,16.906339645385742,68.05095672607422,365.03326416015625,-494.3597822189331,-1581.0566568374634,-1625.4256592094898
survivor_938_basin_953_candidate_1746_gencluster_1746_conf_072220_implicit_min,17.78112030029297,67.04132080078125,355.98297119140625,-427.27185344696045,-1610.6415605545044,-1597.108583778143
survivor_939_basin_954_explore_r02_hit_0024_conf_002859_implicit_min,18.052032470703125,73.34664154052734,374.6142883300781,-705.4227542877197,-1373.9946146011353,-1613.404352426529
survivor_940_basin_955_nma_bh_candidate_1920_gencluster_1920_conf_068917_implicit_min_hop_001_mode01_p1.35A_implicit_min,17.35830307006836,69.23487854003906,350.2911682128906,-605.0457544326782,-1450.8831033706665,-1619.0448001623154
survivor_941_basin_956_candidate_1768_gencluster_1768_conf_015154_implicit_min,16.29395866394043,59.694618225097656,366.73565673828125,-423.206826210022,-1596.7123384475708,-1577.194552898407
survivor_942_basin_957_candidate_2329_gencluster_261_conf_092095_implicit_min,18.554752349853516,73.65884399414062,383.3336181640625,-566.2461128234863,-1479.9217910766602,-1570.6207338571548
survivor_943_basin_958_candidate_903_gencluster_903_conf_000096_implicit_min,17.97795295715332,63.9924201965332,362.3319091796875,-448.376672744751,-1568.9689636230469,-1573.0427818596363
survivor_944_basin_959_nma_bh_candidate_2028_gencluster_2028_conf_133119_implicit_min_hop_003_mode02_m0.75A_implicit_min,16.443662643432617,72.32073974609375,375.37738037109375,-345.6367325782776,-1695.6552376747131,-1577.1498168110847
survivor_945_basin_960_candidate_1862_gencluster_1862_conf_075456_implicit_min,17.575355529785156,75.56509399414062,358.26416015625,-502.8625764846802,-1547.3881492614746,-1598.8460813760757
survivor_946_basin_961_explore_r03_hit_0046_conf_029502_implicit_min,17.024768829345703,76.85091400146484,371.1645812988281,-781.714038848877,-1294.702154159546,-1611.3752012252808
survivor_947_basin_962_nma_bh_candidate_1614_gencluster_1614_conf_058900_implicit_min_hop_000_mode02_m0.75A_implicit_min,18.74298858642578,78.25065612792969,379.6026306152344,-802.7954664230347,-1290.765836238861,-1616.9651441574097
survivor_948_basin_963_nma_bh_candidate_2577_gencluster_598_conf_071976_implicit_min_hop_003_mode01_p0.75A_implicit_min,17.414566040039062,69.45101165771484,386.9873046875,-471.31792068481445,-1595.1822443008423,-1592.6467422246933
survivor_949_basin_964_candidate_633_gencluster_633_conf_145509_implicit_min,18.331268310546875,71.51591491699219,406.7652587890625,-624.6208786964417,-1432.6746311187744,-1560.6824360191822
survivor_950_basin_965_candidate_1966_gencluster_1966_conf_093843_implicit_min,18.607322692871094,80.11486053466797,355.7956848144531,-745.543664932251,-1313.421615600586,-1604.4471665024757
survivor_951_basin_966_candidate_2578_gencluster_600_conf_033175_implicit_min,18.562759399414062,84.51618957519531,394.1965026855469,-620.9947528839111,-1455.760251045227,-1579.479024529457
survivor_952_basin_968_nma_bh_candidate_2989_gencluster_1124_conf_159390_implicit_min_hop_001_mode01_m0.75A_implicit_min,21.33640480041504,82.07791137695312,362.59417724609375,-685.411012172699,-1370.8968901634216,-1590.29925853014
survivor_953_basin_969_explore_r02_hit_0021_conf_003846_implicit_min,19.358217239379883,73.31806945800781,351.8643798828125,-626.729133605957,-1428.3828101158142,-1610.5713815689087
survivor_954_basin_970_candidate_984_gencluster_984_conf_029731_implicit_min,18.363136291503906,74.54017639160156,364.53814697265625,-623.8831338882446,-1441.8699035644531,-1608.3120741844177
survivor_955_basin_971_nma_bh_candidate_2663_gencluster_717_conf_014249_implicit_min_hop_001_mode02_m1.35A_implicit_min,18.3519229888916,75.66583251953125,371.612060546875,-429.0274157524109,-1660.748119354248,-1624.1458005905151
survivor_956_basin_972_nma_bh_candidate_2918_gencluster_1033_conf_098844_implicit_min_hop_002_mode02_m0.75A_implicit_min,19.297372817993164,90.85804748535156,360.1641845703125,-538.94517993927,-1525.661898612976,-1594.2878746688366
survivor_957_basin_973_candidate_2928_gencluster_1047_conf_177374_implicit_min,19.666168212890625,69.84347534179688,362.67095947265625,-375.15098762512207,-1670.1557984352112,-1593.1260340809822
survivor_958_basin_974_candidate_1384_gencluster_1384_conf_002657_implicit_min,20.308095932006836,83.89507293701172,375.4037170410156,-479.32765769958496,-1595.438461780548,-1595.1590604782104
survivor_959_basin_975_candidate_777_gencluster_777_conf_025274_implicit_min,20.015066146850586,78.45530700683594,367.1581726074219,-653.6891250610352,-1451.352336883545,-1639.412817955017
survivor_960_basin_976_nma_bh_candidate_2863_gencluster_967_conf_115824_implicit_min_hop_001_mode01_m1.35A_implicit_min,16.225317001342773,63.33244323730469,364.76751708984375,-426.68971157073975,-1612.1396040916443,-1594.5040799677372
survivor_961_basin_977_explore_r05_hit_0037_conf_031746_implicit_min,19.152118682861328,77.39346313476562,376.6288146972656,-580.3139934539795,-1494.0700216293335,-1601.2092006206512
survivor_962_basin_978_candidate_2855_gencluster_958_conf_065483_implicit_min,17.53001594543457,69.22830200195312,363.7908935546875,-426.3219566345215,-1644.032464981079,-1619.8052166700363
survivor_963_basin_979_nma_bh_candidate_1266_gencluster_1266_conf_074504_implicit_min_hop_001_mode02_m0.75A_implicit_min,18.940519332885742,82.83833312988281,385.1274108886719,-706.0637483596802,-1355.698772907257,-1574.856415092945
survivor_964_basin_980_candidate_1662_gencluster_1662_conf_027872_implicit_min,16.330232620239258,68.19072723388672,378.1015319824219,-559.5613164901733,-1494.8816719055176,-1591.8208556175232
survivor_965_basin_981_candidate_1902_gencluster_1902_conf_075412_implicit_min,16.388795852661133,58.66162109375,369.3843688964844,-558.0811786651611,-1471.9776277542114,-1585.6242685317993
survivor_966_basin_982_nma_bh_candidate_1191_gencluster_1191_conf_097898_implicit_min_hop_001_mode02_m1.35A_implicit_min,17.868654251098633,82.81771087646484,369.2699279785156,-475.22239875793457,-1578.322974205017,-1583.588669627905
survivor_967_basin_983_candidate_2603_gencluster_632_conf_120809_implicit_min,18.276704788208008,56.02995681762695,365.957275390625,-369.68312215805054,-1676.2465829849243,-1605.6662106662989
survivor_968_basin_984_candidate_518_gencluster_518_conf_088922_implicit_min,17.947690963745117,72.70513916015625,389.27264404296875,-522.8253502845764,-1538.31880569458,-1581.218831628561
survivor_969_basin_985_explore_r02_hit_0023_conf_027047_implicit_min,19.138965606689453,76.73947143554688,372.08319091796875,-312.80649757385254,-1754.2014427185059,-1599.0462135076523
survivor_970_basin_986_nma_bh_candidate_1614_gencluster_1614_conf_058900_implicit_min_hop_003_mode02_m0.75A_implicit_min,18.873353958129883,78.95584106445312,378.08502197265625,-564.8453879356384,-1511.5434083938599,-1600.4747871160507
survivor_971_basin_987_candidate_2940_gencluster_1062_conf_147733_implicit_min,18.75271987915039,80.46197509765625,362.8815002441406,-590.8201093673706,-1499.0492315292358,-1627.7731974124908
survivor_972_basin_988_candidate_2332_gencluster_264_conf_062808_implicit_min,18.84516716003418,68.58082580566406,360.225830078125,-509.5831251144409,-1589.9957475662231,-1651.926850169897
survivor_973_basin_989_explore_r04_hit_0051_conf_025960_implicit_min,21.958295822143555,81.77803039550781,367.0137939453125,-575.4651460647583,-1500.3764753341675,-1605.0919333696365
survivor_974_basin_991_candidate_2072_gencluster_2072_conf_084497_implicit_min,18.101913452148438,66.62952423095703,355.3679504394531,-685.3332004547119,-1365.4260883331299,-1610.6591098308563
survivor_975_basin_992_nma_bh_candidate_1920_gencluster_1920_conf_068917_implicit_min_hop_001_mode02_p0.75A_implicit_min,18.38910484313965,73.8577880859375,344.9987487792969,-580.6648378372192,-1476.9965467453003,-1620.416176557541
survivor_976_basin_993_candidate_2910_gencluster_1022_conf_139627_implicit_min,23.276399612426758,83.152587890625,354.6019287109375,-489.9873104095459,-1550.4693574905396,-1579.4265859127045
survivor_977_basin_994_nma_bh_candidate_1744_gencluster_1744_conf_080354_implicit_min_hop_001_mode02_m1.35A_implicit_min,16.672359466552734,70.30725860595703,364.6589660644531,-627.5441846847534,-1415.1100187301636,-1591.0152928829193
survivor_978_basin_995_candidate_2687_gencluster_756_conf_139443_implicit_min,18.209875106811523,60.636962890625,398.5865478515625,-577.2672843933105,-1458.6053657531738,-1558.4392849206924
survivor_979_basin_996_nma_bh_candidate_1742_gencluster_1742_conf_052620_implicit_min_hop_003_mode02_p0.75A_implicit_min,19.518407821655273,82.41563415527344,359.5070495605469,-610.1347885131836,-1497.7132744789124,-1646.4070128798485
survivor_980_basin_997_candidate_1813_gencluster_1813_conf_025029_implicit_min,19.90938949584961,85.10968017578125,346.0349426269531,-225.02600860595703,-1797.5799813270569,-1571.5517962872982
survivor_981_basin_998_candidate_2309_gencluster_236_conf_137953_implicit_min,19.033191680908203,84.05668640136719,385.23614501953125,-688.6538791656494,-1400.940465927124,-1601.2683845162392
survivor_982_basin_999_candidate_1146_gencluster_1146_conf_196735_implicit_min,17.926822662353516,61.65180206298828,358.743408203125,-714.8347396850586,-1362.7168407440186,-1639.2291383743286
survivor_983_basin_1000_nma_bh_candidate_1006_gencluster_1006_conf_003848_implicit_min_hop_001_mode01_m0.75A_implicit_min,19.892648696899414,80.15570831298828,367.05810546875,-565.2908973693848,-1475.6432285308838,-1573.8278889656067
survivor_984_basin_1001_explore_r03_hit_0021_conf_032247_implicit_min,21.00080680847168,71.18612670898438,370.96234130859375,-884.838472366333,-1190.7154273986816,-1612.4046652317047
survivor_985_basin_1002_candidate_2054_gencluster_2054_conf_059285_implicit_min,19.136869430541992,73.36009216308594,372.38323974609375,-447.181170463562,-1595.140209197998,-1577.441333591938
survivor_986_basin_1003_nma_bh_candidate_2126_gencluster_018_conf_131165_implicit_min_hop_001_mode02_m1.35A_implicit_min,19.874338150024414,79.5104751586914,348.5437316894531,-646.5360918045044,-1419.2030854225159,-1617.8107122778893
survivor_987_basin_1004_explore_r02_hit_0059_conf_043512_implicit_min,17.127948760986328,81.73616027832031,396.6806640625,-780.4631261825562,-1368.2760076522827,-1653.1951904296875
survivor_988_basin_1005_candidate_2433_gencluster_395_conf_143201_implicit_min,19.121427536010742,70.84642028808594,352.6408386230469,-435.62543869018555,-1599.9890422821045,-1593.0060640573502
survivor_989_basin_1006_nma_bh_candidate_1614_gencluster_1614_conf_058900_implicit_min_hop_000_mode01_m0.75A_implicit_min,18.145408630371094,77.33927917480469,379.7471618652344,-787.3551921844482,-1316.4934697151184,-1628.6166499853134
survivor_990_basin_1007_candidate_1529_gencluster_1529_conf_016244_implicit_min,15.783258438110352,60.0467529296875,372.1272888183594,-454.75796842575073,-1563.519784450531,-1570.3206945508718
survivor_991_basin_1008_nma_bh_candidate_659_gencluster_659_conf_039862_implicit_min_hop_003_mode01_p1.35A_implicit_min,18.20850944519043,72.77476501464844,362.6575622558594,-337.33306407928467,-1717.8380699157715,-1601.5309963226318
survivor_992_basin_1009_candidate_2061_gencluster_2061_conf_003202_implicit_min,16.8287353515625,59.883304595947266,378.4138488769531,-351.4984521865845,-1675.809327363968,-1572.181485682726
survivor_993_basin_1010_candidate_2960_gencluster_1092_conf_187596_implicit_min,19.782508850097656,84.15216064453125,354.89990234375,-381.5968961715698,-1661.424418926239,-1584.1864753961563
survivor_994_basin_1011_candidate_1743_gencluster_1743_conf_004298_implicit_min,17.790754318237305,65.13217163085938,360.1117858886719,-534.420802116394,-1506.213466644287,-1597.5999146699905
survivor_995_basin_1012_candidate_237_gencluster_237_conf_018820_implicit_min,18.44609832763672,74.92937469482422,369.61065673828125,-530.2946853637695,-1509.142707824707,-1576.450825214386
survivor_996_basin_1013_candidate_550_gencluster_550_conf_023437_implicit_min,20.22807502746582,78.33700561523438,360.2984313964844,-426.642804145813,-1639.147229194641,-1606.9267535209656
survivor_997_basin_1014_candidate_2117_gencluster_008_conf_105609_implicit_min,16.901784896850586,62.93613815307617,362.36114501953125,-403.0419044494629,-1643.557774066925,-1604.400963023305
survivor_998_basin_1015_candidate_845_gencluster_845_conf_072240_implicit_min,17.662403106689453,64.33233642578125,364.5277404785156,-455.0880227088928,-1605.5005898475647,-1614.0655671656132
survivor_999_basin_1016_candidate_1766_gencluster_1766_conf_015663_implicit_min,19.878135681152344,89.81674194335938,357.96942138671875,-685.4628438949585,-1379.0346460342407,-1596.8327279090881
