seed,torsion_psi1,torsion_psi2,torsion_psi3,torsion_psi4,torsion_psi5,torsion_psi6,ca_drmsd_psi1,ca_drmsd_psi2,ca_drmsd_psi3,ca_drmsd_psi4,ca_drmsd_psi5,ca_drmsd_psi6
survivor_000_basin_000_candidate_2765_gencluster_851_conf_166340_implicit_min,0.03177584907693112,-0.015451076777126782,0.006850789895309279,-0.02886926660729271,0.014544824503484939,-0.025645163142974898,0.018687159458907105,-0.012743439128017888,0.012964767527355137,-0.0030251050499495134,0.003664524729659526,-0.05363392534986684
survivor_001_basin_001_candidate_1629_gencluster_1629_conf_005682_implicit_min,-0.033210811081398714,0.0233133914264796,0.00653667997468471,0.023106946406251713,0.026039416363488235,0.014842103084105811,-0.04377073898517626,0.005323850058490017,-0.0046860446065011664,-0.002251536419957299,0.027687509030985852,-0.009136258726773686
survivor_002_basin_002_nma_bh_candidate_2492_gencluster_473_conf_171315_implicit_min_hop_002_mode02_m1.35A_implicit_min,0.05189279388185203,-0.004247914539505102,-0.023420669045927142,0.010345642162178762,-0.01072453434703473,-0.008718207795823458,0.009391974095392462,-0.021216334296046958,-0.03391688985915746,-0.026526142435671918,-0.009400260275830826,0.002996738194234363
survivor_003_basin_003_nma_bh_candidate_323_gencluster_323_conf_140845_implicit_min_hop_002_mode02_m0.75A_implicit_min,-0.006094406021588491,-0.015142082740803552,-0.023258116247476646,0.008819388767232868,-0.03280875123735577,-0.02196804605530415,0.024488490799058186,0.025373927152560972,-0.008337331064257261,0.03555546102744694,0.019059609660631416,-0.00026959313995241017
survivor_004_basin_004_nma_bh_candidate_2863_gencluster_967_conf_115824_implicit_min_hop_000_mode02_p0.75A_implicit_min,-0.010629121862353147,-0.030703717619921536,0.00797998860949389,0.022544511743469435,-0.009758971808438157,-0.02938594485999135,-0.017727745188671342,0.003937788690611539,-0.021422264978442945,0.044243819310869084,-0.01436412265859432,0.0023168945324552517
survivor_005_basin_005_explore_r02_hit_0010_conf_049019_implicit_min,0.03670494757002207,-0.0034894802235411796,0.009513915417200964,0.047365065229315696,-0.002176688131563702,-0.006692023751333903,0.02497253621184244,-0.011640810133250936,-0.03397844850532766,0.018937570338283114,-0.009466523314630684,0.02488710282026263
survivor_006_basin_006_nma_bh_candidate_2683_gencluster_750_conf_033714_implicit_min_hop_002_mode02_m1.35A_implicit_min,-0.008596739562038797,0.014346986559884723,-0.01958539142488194,-0.004952538536756875,0.025585597266368325,-0.025715463282197384,-0.011003323288624788,-0.01383419946003118,0.01784562491615044,-0.019495962155002173,0.014090681448364058,-0.03860187196730632
survivor_007_basin_007_nma_bh_candidate_484_gencluster_484_conf_150688_implicit_min_hop_002_mode01_p1.35A_implicit_min,-0.0024709471834794394,0.04457694326360947,0.005816162474414991,-0.0022765187049167473,0.039218063789153705,-0.011411357293971698,0.015798063654905464,-0.03343241061384889,-0.01355833406224689,0.02525809748953525,0.021111527072071246,0.025240543920766936
survivor_008_basin_008_nma_bh_candidate_1187_gencluster_1187_conf_135333_implicit_min_hop_002_mode01_m0.75A_implicit_min,-0.04353925713339048,-0.0026835135971243437,0.0028613856933289872,0.004689083064448402,0.029011849008242892,-0.025276265513049175,-0.062349036765163526,-0.002975902017832044,-0.007341518397513413,0.0268491976308778,-0.03536756588092195,-0.012139329126256019
survivor_009_basin_009_candidate_2692_gencluster_762_conf_086462_implicit_min,-0.01014789758314893,-0.009813854441840925,-0.010444293106015148,-0.009195724835903397,0.02630471171941027,-0.017078234274849793,-0.039745284301937446,-0.020283252171975803,-0.0040216026655134195,0.006950258925352943,-0.04435495367975729,-0.00785373143998313
survivor_010_basin_010_candidate_1138_gencluster_1138_conf_004095_implicit_min,-0.005201916294005341,-0.030033925606855808,-0.006594658015016455,-0.01523617017749744,-0.012387188013459392,0.009257670639453363,-0.00477925555970408,0.003866005757217858,-0.010658590584649444,-0.02963948854658793,0.00025853637467712566,0.0366865733268412
survivor_011_basin_011_nma_bh_candidate_896_gencluster_896_conf_007510_implicit_min_hop_002_mode02_m0.75A_implicit_min,0.012568894051330404,0.012894894462920418,-0.029936929554766335,0.0026268771350720084,0.0015167654842732688,-0.013439228540021716,0.011123437530665218,0.029122296238166454,0.045217423563339354,-0.008536048767435684,-0.015148189868945722,-0.016633665031813932
survivor_012_basin_012_candidate_1190_gencluster_1190_conf_082473_implicit_min,0.009716609425733571,-0.03948725767786188,-0.004740541452157664,-0.005525902580611704,-0.014466264271744394,-0.046824565379439756,0.009479297197658736,0.006569989536481575,-0.008238068421086422,0.04386169402447198,0.005400462739525255,-0.006444221106226511
survivor_013_basin_013_candidate_1379_gencluster_1379_conf_043815_implicit_min,0.03338222629331507,0.0025679387089312263,-0.025033022991421492,-0.02294282015314901,0.02185782241146448,0.01916229628113697,0.019533015238247606,0.0059569929898320596,-0.0024488516587058565,-0.033163460381406405,0.01040593010803966,-0.0390209251916895
survivor_014_basin_014_explore_r05_hit_0049_conf_001590_implicit_min,0.036879325397395454,-0.0430878179759596,0.004198931185161859,-0.010391985977754325,-0.022386919764702088,0.015481966836309395,0.03196909655034223,-0.006440374588018057,-0.02857726514103581,-0.0010512210200205108,0.0004974763686547128,-0.014385687445870066
survivor_015_basin_015_nma_bh_candidate_2397_gencluster_351_conf_182360_implicit_min_hop_003_mode02_m1.35A_implicit_min,0.017680362137718442,-0.013531153019606237,0.00253672176860976,-0.04787988962505698,0.0443350997546871,-0.00358601098943091,0.026082180244770457,-0.0109314813100227,0.038245018916817294,-0.006623820262343722,0.006013835783131226,-0.02759818633876727
survivor_016_basin_016_candidate_1079_gencluster_1079_conf_006890_implicit_min,0.018937300679238888,-0.04828902537915658,0.0032555305357792053,0.00022540773782238953,-0.016965102748733675,0.037960095192804015,0.01527766030701664,0.006564487483947661,-0.0022752795126855917,-0.029424060086814367,-0.00571654697434032,-0.02288925275530826
survivor_017_basin_017_nma_bh_candidate_2492_gencluster_473_conf_171315_implicit_min_hop_000_mode01_p1.35A_implicit_min,0.0440481357358251,-0.01834187588975562,-0.016593520920871813,-0.014235080223908065,0.001971409699547814,-0.005637664479736807,0.008704323303293349,-0.03031708045373048,-0.038027738681163256,-0.03685017006808848,-0.005088599991354332,-0.007347900912436344
survivor_018_basin_018_candidate_1176_gencluster_1176_conf_003581_implicit_min,-0.028297723182882654,-0.008496168698079318,-0.009715969656493273,-0.03522629305487778,0.020288032184275218,0.03338198861918926,-0.04748635559933157,-0.008048446013955107,-0.0020849663532879316,-0.005486590181208518,0.011651276029495797,-0.032659013514519185
survivor_019_basin_019_nma_bh_candidate_2863_gencluster_967_conf_115824_implicit_min_hop_001_mode02_p1.35A_implicit_min,-0.015566648246861348,-0.027746006285023928,1.2027736022351179e-05,0.030700392847353056,-0.015604782953538914,-0.02773997284314719,-0.022616512254432272,0.0047465373321228365,-0.013045406547621716,0.022947115789154086,-0.012315205319609555,-0.0017382008824284683
survivor_020_basin_020_candidate_2176_gencluster_077_conf_037512_implicit_min,-0.013228219584588453,-0.025025055482845,-0.023177578856909974,-0.023134361337067404,0.006310841570905286,-0.03237939739995233,-0.041221902834121166,-0.01672859766689115,0.008073837418119633,-0.0104134571690128,-0.01193711581244997,-0.027023429287900625
survivor_021_basin_021_nma_bh_candidate_1822_gencluster_1822_conf_005041_implicit_min_hop_000_mode02_m0.75A_implicit_min,-0.00659602400584132,-0.033778324274512654,0.029839660273830993,-0.003988491868590527,0.03019553129761761,-0.045222048367091774,-0.037883451986374064,-0.02200926232276745,-0.02553934297132155,0.05385222021899566,-0.01634648910732908,-0.023162431783434627
survivor_022_basin_022_candidate_2132_gencluster_024_conf_197987_implicit_min,0.0009770965684289894,-0.006002704038454927,-0.012982205603415271,-0.014015357032816563,0.014411322593181577,-0.009669940505168702,-0.022040976519172747,-0.0344339936072584,-0.015393986248675958,-0.00950880823818617,0.01145171114632458,-0.0412702191017775
survivor_023_basin_023_nma_bh_candidate_2537_gencluster_535_conf_063339_implicit_min_hop_000_mode01_m1.35A_implicit_min,0.021035946342941328,-0.04869718941966317,0.003813741607931286,-0.02158868284049439,-0.009034277215717715,-0.004742213511769588,0.0034397717017620403,-0.004016523182544591,-0.033662351689692165,-0.010194720232319977,0.004862260454967014,-0.011478853185527944
survivor_024_basin_024_nma_bh_candidate_2149_gencluster_045_conf_000812_implicit_min_hop_000_mode01_p0.75A_implicit_min,-0.0020870211420794616,0.009206042985606034,-0.011464905710396753,0.05217817379010514,0.007794258858118915,-0.04399660745628119,0.011380989066984981,0.018895024727714788,-0.013999978022294265,0.02632967949842052,0.03393974840652128,0.026281858382459687
survivor_025_basin_026_nma_bh_candidate_109_gencluster_109_conf_041191_implicit_min_hop_001_mode02_m0.75A_implicit_min,0.010676622728743843,-0.016512231099461115,-0.04603591503913836,-0.012653092288391291,0.04057628000971204,0.013746384191748949,0.00011807683185673015,-0.023626400231895602,-0.014412203967908823,-0.019144194482089046,0.03763547180970165,0.006727353278115718
survivor_026_basin_027_nma_bh_candidate_703_gencluster_703_conf_042424_implicit_min_hop_003_mode02_m0.75A_implicit_min,-0.014964214649511915,0.005257609689413524,0.040135939090283596,-0.011859295690166862,0.006033925750444995,0.009896798662711214,0.011565276779702245,-0.0021234283223964825,0.018853383806446036,0.016491226837338707,-0.011800081395365262,0.05327887692305021
survivor_027_basin_028_candidate_1674_gencluster_1674_conf_194930_implicit_min,-0.049709750993941294,0.0051203705716938025,-0.004472993369836352,-0.040209158830681074,-0.03010334078076767,-0.008935666864617416,-0.009080200579684861,-0.0028827741427575474,0.06208710931928686,-0.00031989421796407456,0.01779007240291727,0.02973981960049348
survivor_028_basin_029_explore_r01_hit_0042_conf_007863_implicit_min,-0.008206224342155517,0.0022662898623284594,-0.012748549548983055,-0.026551554605205852,-0.013291555514379912,-0.02593058367719381,-0.02052386393148764,-0.04480451462798711,-0.0073808758925163285,0.01235062154923527,-0.03191888625530234,-0.023328452178283287
survivor_029_basin_030_nma_bh_candidate_369_gencluster_369_conf_030202_implicit_min_hop_001_mode02_p1.35A_implicit_min,-0.008702496474531748,0.003679574804517175,0.03416194115856914,-0.017971622261518043,0.04135387818028087,0.03002195898353221,0.010227472217555742,-0.024367022168831885,0.03151074667330745,-0.0005945317073969294,0.03611113669900924,-0.013916733766379523
survivor_030_basin_031_nma_bh_candidate_2548_gencluster_554_conf_187437_implicit_min_hop_001_mode02_m0.75A_implicit_min,-0.03432073847837545,-0.021677345653205303,0.002554931248357349,-0.005308167095456491,-0.015885196481086827,0.023066850336326924,-0.03434952463310301,0.050371141230249154,0.0059770664225818,0.02802556265924811,0.016646890277518995,-0.01384334616416391
survivor_031_basin_032_nma_bh_candidate_2190_gencluster_093_conf_183542_implicit_min_hop_002_mode01_m0.75A_implicit_min,0.036397742831699,0.007431839748977588,-0.006664030483474927,-0.020132078103911457,-0.002230179374629193,-0.02610576901052677,0.03542280790790068,0.002239280431904,0.02041129851301684,0.018764827964685923,-0.0362602873665805,-0.024030159726241573
survivor_032_basin_033_candidate_1323_gencluster_1323_conf_176407_implicit_min,-0.0036791313182123666,-0.006390811225020857,0.03241898274563945,0.025172674501330643,-0.05577347682368663,-0.006454169218946554,0.011618410357155457,0.03684509508654622,0.010489959298182527,-0.0035026694555047523,-0.031009123326716202,0.018246652895380643
survivor_033_basin_034_nma_bh_candidate_2478_gencluster_456_conf_103120_implicit_min_hop_003_mode01_p1.35A_implicit_min,-0.03246619569080363,-0.0003952563801374293,0.007134106713668512,-0.017603465867952393,0.03394683607068113,0.005362847364860692,-0.004345335662406501,-0.026745263615462218,0.03312925277300958,0.019435053194660344,0.027203277673257767,0.018865331560848433
survivor_034_basin_035_nma_bh_candidate_2684_gencluster_753_conf_185631_implicit_min_hop_002_mode01_m0.75A_implicit_min,-0.00046824521481054956,-0.017654412229506644,-0.013532450846888403,0.03567081094174226,0.03241257680341242,0.035167827726020874,0.006763634321591487,-0.01573006195783464,-0.019577530497943092,0.015814385279836037,0.0011680580110701331,0.03100168784849824
survivor_035_basin_036_nma_bh_candidate_2457_gencluster_433_conf_149315_implicit_min_hop_000_mode02_m1.35A_implicit_min,0.0062649877766933855,0.02482848017790281,0.01849635922879462,0.04695731540309661,-0.03063607174607385,0.03180010424370041,0.01916357569607444,0.004130442041109639,-0.023589972253148295,0.003734082164755907,-0.0020295392632572714,0.043163445020434274
survivor_036_basin_037_nma_bh_candidate_2328_gencluster_260_conf_086582_implicit_min_hop_000_mode02_p1.35A_implicit_min,0.029013248156739856,0.022689227113652382,-0.005084100759245462,0.00684994374812983,-0.031487363246516534,-0.0029829582812480253,0.013632537976156264,0.015016838070597787,-0.01858074310835244,-0.039653384915399326,0.006201448417894755,0.02383435378557568
survivor_037_basin_038_candidate_1716_gencluster_1716_conf_008066_implicit_min,0.0381291358317109,-0.0417464657057222,-0.002486543536137724,-0.016272139748717874,-0.02195691269408871,0.013767912268434698,0.029382292702524654,0.004014195576504836,-0.018542384718657257,-0.015759732736156336,-0.01118036203593914,-0.026744693415912447
survivor_038_basin_039_candidate_2378_gencluster_324_conf_089792_implicit_min,0.011986041597216165,0.010198658401971799,0.009878436739503895,0.03263105041160877,0.0019589002464737606,0.025254071153446467,0.012687850699893435,0.008350822281867917,-0.023827364634676308,-0.010647402988879971,0.018226135973827485,0.030173764284295527
survivor_039_basin_040_candidate_677_gencluster_677_conf_049043_implicit_min,-0.02144925406533824,-0.004595513458679244,0.05235109541135548,0.013662076410648802,-0.0421436745613075,-0.002110813589975365,-0.003599164317204291,0.024959915954797844,0.0052071305134956825,0.009180936357322212,-0.04076624873568544,0.02757455795435473
survivor_040_basin_041_nma_bh_candidate_109_gencluster_109_conf_041191_implicit_min_hop_002_mode01_p1.35A_implicit_min,0.024086610664083866,-0.015818524367560594,-0.03968940752724621,0.014525895656580199,-0.0024041639973089975,0.030316959746049733,-0.0016305480753524139,-0.0024836235733640393,-0.036247671224176846,-0.03582613542167602,0.0216511761016367,0.008650957327797046
survivor_041_basin_042_candidate_2111_gencluster_001_conf_166685_implicit_min,-0.03712663803451493,-0.022242205716715556,0.006372952420870914,0.04448613201489751,-0.0012197209085923267,0.0055851713612656805,-0.029750796732877,0.010443626225198505,0.004511463362698732,0.011868404394527084,0.014103750369235812,0.04979118323900277
survivor_042_basin_043_candidate_360_gencluster_360_conf_035303_implicit_min,-0.002724243164476474,-0.052177341328055814,0.009891605672039738,0.002975922968807822,-0.018295859885838303,0.006937800119957754,0.016383237178515298,0.028482779605516317,0.01821562047188424,0.00463764111118322,-0.02662724985182506,-0.010912996872053247
survivor_043_basin_044_candidate_1824_gencluster_1824_conf_013500_implicit_min,-0.0258020323062404,0.013774248035378425,-0.03715438466899265,-0.03769225883229903,-0.0026502520275688006,0.017178551171261887,0.004844620580706879,-0.03476105612568461,0.04637600465051307,-0.0034048811739788914,0.04773604157903482,0.0022715272719023966
survivor_044_basin_045_nma_bh_candidate_1684_gencluster_1684_conf_111666_implicit_min_hop_002_mode01_m0.75A_implicit_min,-0.007591502327306609,-0.011436285688631502,-0.015212233180772038,-0.018415119218349024,-0.006675266937334902,-0.019837782285274944,-0.027023692291032665,-0.02773548120033327,-0.012215803379517068,-0.026123598217782807,-0.019453861576860285,0.0215350861355202
survivor_045_basin_046_candidate_813_gencluster_813_conf_008039_implicit_min,-0.007123877379754861,0.04784519558977825,0.00567513133942526,-0.0013042918514863133,-0.007304610596813453,-0.004216996288582866,-0.044211770864543226,-0.004915419028136263,-0.014925002478046527,-0.0049751561988949766,0.004037359541525469,-0.009111700228403895
survivor_046_basin_047_candidate_2736_gencluster_815_conf_151086_implicit_min,-0.002418775033458389,0.005723675576563531,-0.02270784929329413,-0.006694425587288482,4.7234129903015105e-05,0.03292717853345226,0.01377252234091653,-0.004639994481774647,0.023777460058828807,-0.011296812643552997,0.05678478529187934,0.018680921628154316
survivor_047_basin_048_candidate_018_gencluster_018_conf_009938_implicit_min,0.018186653117176817,0.020016048237270913,0.024668762415904294,0.015341875789818795,-0.018228419921545797,-0.002500288416801222,0.0012635228442200012,0.018562297191992136,-0.013313665921749804,-0.008587146595758438,-0.02202099101519421,0.008662751533099726
survivor_048_basin_049_nma_bh_candidate_631_gencluster_631_conf_003162_implicit_min_hop_000_mode02_m1.35A_implicit_min,0.03516398826815908,-0.006496713287931422,0.015417033139962203,0.03817929374834463,0.0077085004619469755,0.010453464685672365,-0.00020665361312047716,0.0010675419392854333,-0.041787327526943974,-0.006724063794277526,-0.011367829805007924,-0.0019456907842597179
survivor_049_basin_050_nma_bh_candidate_2432_gencluster_394_conf_196710_implicit_min_hop_001_mode01_m0.75A_implicit_min,-0.013099294410025396,0.008002914555300408,-0.01435382028934416,-0.006130993573363407,0.012568496952793658,0.017947669834817413,-0.0282243793629034,-0.004370965286028154,0.014841505195956348,-0.01489143762314085,0.0408532284934035,-0.026469149899635776
survivor_050_basin_051_explore_r04_hit_0024_conf_000679_implicit_min,-0.008278574268253373,-0.020518996767762202,0.03236638277021445,-0.02802408703819357,-0.024356745770882877,-0.015518336560724594,0.02002608725835639,-0.011539602360348665,0.020896901867094118,0.040403954782828634,0.006971743430532382,0.0033901305699655998
survivor_051_basin_052_nma_bh_candidate_2622_gencluster_663_conf_094041_implicit_min_hop_000_mode01_p0.75A_implicit_min,-0.012197917173235298,0.019521544668480967,0.021070389642801734,-0.003508657276734306,-0.027139278722569986,0.042121331117301625,-0.031413013223162485,0.0428611356894987,0.0067455429985863674,-0.01687106540020195,-0.019745992249600483,-0.01588329367939414
survivor_052_basin_053_candidate_1991_gencluster_1991_conf_023509_implicit_min,0.0460308573298941,0.011217922532000468,-0.002967233325647871,-0.022088061823529355,0.024137008731184594,-0.012128148649388264,0.019872392452966178,-0.005379416031133531,-0.028830818191150024,0.0006987903211596777,0.005772168293559661,-0.04860419072372827
survivor_053_basin_054_nma_bh_candidate_1736_gencluster_1736_conf_126029_implicit_min_hop_000_mode01_p1.35A_implicit_min,-0.03637149072645058,-0.004642588984801731,0.015141119517433141,-0.01540380952378711,0.016108388278422224,0.01312778787520924,-0.03081685140686011,0.008654190967193696,0.00147915178578708,0.022693457106280436,0.05447177474091268,-0.007845908135904953
survivor_054_basin_055_nma_bh_candidate_323_gencluster_323_conf_140845_implicit_min_hop_003_mode02_m0.75A_implicit_min,0.009035711757313904,-0.012701472640925514,-0.022632174033749404,0.011472566414882347,-0.008195907370230912,-0.038375639371297336,0.013856834585173505,0.032033754593402235,-0.01522504595667432,0.038012433558470074,0.029393977907292698,-0.00255062810071502
survivor_055_basin_056_candidate_1026_gencluster_1026_conf_089406_implicit_min,-0.013550241238854127,0.03864321883801764,0.01320708676979262,0.035035654563073615,0.004318601617083877,0.0026011958786202783,0.009947787907683693,0.007618436930794998,-0.0006200398715980056,0.006032132780666609,0.054877424564214565,0.02671127309929534
survivor_056_basin_057_candidate_385_gencluster_385_conf_006902_implicit_min,-0.016230965735680114,-0.0006133892747441531,0.012652234737560058,-0.0266580576940511,0.02068016273132818,0.008705645943823523,-0.015995044235901944,-0.007015358082813305,0.03446520692320531,-0.033722530398017175,-0.000429963037749768,-0.022734121488869777
survivor_057_basin_058_nma_bh_candidate_082_gencluster_082_conf_089503_implicit_min_hop_000_mode02_m0.75A_implicit_min,-0.0035887273329826184,0.0037001661210182956,-0.04358499519806796,0.03112402992308415,-0.017946203408790752,0.013480997201622146,-0.008574314012415235,0.058651886902872076,-0.013657444508036737,0.0038863812060024633,0.0036346000678051465,0.012570619433195651
survivor_058_basin_059_nma_bh_candidate_657_gencluster_657_conf_033799_implicit_min_hop_000_mode02_m1.35A_implicit_min,0.0037552766398721896,-0.02089356859001635,0.06994567404497798,0.012288620228539654,0.0030030038439734473,0.007649261929356833,0.0120143721040699,0.0008551460549744813,-0.009236717844639575,0.03605435953083885,0.020845554233990683,-0.008620779504925308
survivor_059_basin_060_nma_bh_candidate_2234_gencluster_149_conf_175099_implicit_min_hop_000_mode02_m0.75A_implicit_min,0.031247783359046093,-0.019151290983485107,0.007493134908066673,-0.01449727127503785,-0.01781131654594232,0.010386345155458396,0.02441256169752046,-0.029124359287519986,-0.012228777946093214,-0.021639803480731523,-0.021501660778028488,-0.003028821057599788
survivor_060_basin_062_nma_bh_candidate_1920_gencluster_1920_conf_068917_implicit_min_hop_000_mode01_p1.35A_implicit_min,0.01873982104968293,-0.03563644470465839,0.005723328184632902,-0.012866231851461333,-0.03528300702406895,-0.038444370492505105,0.03509400482650239,0.00855273253071786,0.008490424737055436,0.010213193405978335,-0.04585296302454697,-0.004245077060986037
survivor_061_basin_063_nma_bh_candidate_2028_gencluster_2028_conf_133119_implicit_min_hop_002_mode01_p1.35A_implicit_min,0.009796261529686427,0.0127253904052913,-0.0249928984352954,-0.008083815591488321,0.01665909691609762,-0.029069012993760687,-0.008705164862975212,-0.03605532549682448,-0.02285647465089712,-0.008188644591314877,0.027557019887216833,-0.0035101591940266386
survivor_062_basin_064_nma_bh_candidate_807_gencluster_807_conf_049347_implicit_min_hop_003_mode01_p1.35A_implicit_min,-0.018220287778017173,0.027944747200198145,-0.0009728096688138499,0.02482240955813822,-0.020883812170878507,0.009955292429461082,-0.02684467649851817,0.04145868371809203,-0.023250482101146174,-2.900945792102308e-06,0.015308440387695372,0.011494826725120137
survivor_063_basin_065_nma_bh_candidate_1736_gencluster_1736_conf_126029_implicit_min_hop_002_mode01_m0.75A_implicit_min,-0.03292656647185182,-0.009260575739311602,0.006984450857465507,-0.003108932216601833,0.01914368105838421,0.02328594950486259,-0.04267208329835781,0.005462083640869778,0.0011469093801347568,0.015981800875144416,0.02963499525999594,-0.018134422182454396
survivor_064_basin_066_candidate_1322_gencluster_1322_conf_009465_implicit_min,-0.001755824797921581,-0.016716283136270025,0.004468116731448916,-0.022435939267847017,0.0007702925642626244,0.026378907950870552,-0.0016057121550835539,0.0059097747126358605,-0.020643294913809042,-0.022356891481083503,0.040008405538509415,-0.029717748292458147
survivor_065_basin_067_candidate_2905_gencluster_1017_conf_018841_implicit_min,-0.04345231029589093,-0.007496722750320719,8.580181680286696e-06,-0.011358261678298875,0.005079732449827882,0.02190269335561116,-0.05929935581909009,0.008945021327038342,0.004354869904586966,-0.004747603031982311,-0.011764952657084249,-0.0319939694506373
survivor_066_basin_068_nma_bh_candidate_459_gencluster_459_conf_009899_implicit_min_hop_001_mode01_m1.35A_implicit_min,-0.006038482150487317,0.04053894553274109,-0.00874509992904268,-0.023539539758649478,0.013954448096966596,0.03626171094689959,0.013748280485876143,0.032773059495230815,0.03028335211485783,0.0031198757010475983,0.02247356145574268,0.019665906447464916
survivor_067_basin_069_nma_bh_candidate_2101_gencluster_2101_conf_074791_implicit_min_hop_000_mode02_p0.75A_implicit_min,0.009186950660925657,0.05290929564550084,0.014637323381146965,-0.01095698845785207,0.0013643531846878516,-0.010927807735244531,0.005247385188279801,0.01225929669370106,0.012240431894793603,-0.005093400611114595,0.0050933027618097855,-0.010328745059985312
survivor_068_basin_070_nma_bh_candidate_631_gencluster_631_conf_003162_implicit_min_hop_003_mode01_m0.75A_implicit_min,0.02191062768427297,0.009064391139602267,0.03109857875931096,0.022226606313794868,0.006806464755461276,0.022763049647996303,-0.0010352302062718026,-0.019748558640142074,-0.03326506518419728,0.00923650781698166,0.005530616424801038,-0.006291678157034476
survivor_069_basin_071_nma_bh_candidate_1391_gencluster_1391_conf_031128_implicit_min_hop_003_mode01_p1.35A_implicit_min,0.029532436242793465,-0.011528693820932209,-0.03386769855819274,-0.005849878435801867,-0.003409802464732144,0.04029764522986376,0.009281576568578927,-0.004172349299111872,-0.021906318024411446,-0.029289063235752973,0.01819161841553891,0.0094416724087641
survivor_070_basin_072_explore_r01_hit_0098_conf_012977_implicit_min,0.02307157338340554,-0.01866453354404499,-0.005593370025468137,0.002421410192561438,-0.015121527567247117,-0.02689282227881338,0.01720921076508286,0.0012086920647714629,-0.0287338568387332,-0.0042738904859191875,-0.012211519681958558,-0.012936592287255248
survivor_071_basin_073_nma_bh_candidate_1045_gencluster_1045_conf_012052_implicit_min_hop_000_mode01_m1.35A_implicit_min,-0.015979214894100455,0.04258703692067173,0.008109399816873373,-0.0011206294937837807,0.00584278586409262,-0.033980321618697115,-0.0016384773720103658,0.021408606840296596,-0.0049177212753902045,0.04571389452880644,0.016973152059007866,-0.0006832321010252698
survivor_072_basin_074_candidate_1009_gencluster_1009_conf_104140_implicit_min,-0.015291148385882653,-0.013201324143400636,-0.04506115001367032,0.04540783547243962,0.006893998999034329,-0.010343461842439465,-0.004345307674105954,0.030400655164660614,-0.016145834640271677,0.013240321006365132,0.04476209792893536,0.027104898472941168
survivor_073_basin_075_nma_bh_candidate_366_gencluster_366_conf_085244_implicit_min_hop_002_mode02_m1.35A_implicit_min,-0.03174363843571083,0.028989586261231975,-0.0113321200516954,0.02797286435738571,-0.009981554478963895,0.010170887988095586,-0.0038661912220527383,0.04743428012201636,0.007196452266828795,0.01797335098762406,0.040814851099789606,0.03585625068415722
survivor_074_basin_076_nma_bh_candidate_2739_gencluster_819_conf_086560_implicit_min_hop_001_mode02_p0.75A_implicit_min,0.014034206490939071,0.005141570322313614,0.016690167618613028,-0.022608356008133046,-0.008776379322169712,0.030164834972160697,-0.0077356882367732895,-0.012477439180230704,-0.007383810238649574,-0.04944078162049347,0.0011170941609992232,-0.012046067492136497
survivor_075_basin_077_candidate_2661_gencluster_715_conf_172338_implicit_min,-0.019394622075755107,-0.049667134705794445,-0.01616887811850295,0.019340024429678616,0.0033912947679416465,-0.001935701419981246,-0.015975354819403154,0.05405091128322747,0.005790279592373019,0.029573168318444053,0.0037747100487828026,-0.01055156349379827
survivor_076_basin_078_candidate_2927_gencluster_1046_conf_047650_implicit_min,0.019529132920930566,0.01144710264252205,-0.02003550729390548,-0.023643883653008995,0.028060603231302623,-0.0009367955007696715,0.01997547134365586,-0.005583619944393876,-0.023821870480581066,-0.023307619728854406,-0.002380254726519169,0.021535287617326225
survivor_077_basin_079_candidate_383_gencluster_383_conf_039722_implicit_min,0.003168791247232532,-0.016810368537899207,0.021105563642790783,0.014488404157342635,0.013767116697660335,0.0024844134661868764,0.017503382617438477,-0.028083201527642133,-0.02634059671434797,0.019313892302567373,-0.002551201780779397,0.018416085937585657
survivor_078_basin_080_candidate_1548_gencluster_1548_conf_055765_implicit_min,0.008345446664034972,-0.017421979479011113,0.012756692059265783,0.018564453226099058,0.02223801297851344,-0.004422022648935598,0.012790863350543037,-0.008330411452828475,-0.025384103449581166,0.00801698391411932,0.0046399200801776385,-0.0034737630451168577
survivor_079_basin_081_candidate_598_gencluster_598_conf_069914_implicit_min,0.013541513627644112,-0.039202991895901346,0.05223723371976515,0.018295922700709604,0.005370892270223493,0.01075246826877498,0.022708353589664384,-0.024752670195930197,-0.0025319340132662215,0.04507379210932069,0.0033564546341906237,0.003343295545750798
survivor_080_basin_082_nma_bh_candidate_926_gencluster_926_conf_015915_implicit_min_hop_003_mode01_p0.75A_implicit_min,-0.008105686882090997,-0.0006755486123769425,-0.005150725513492885,0.00790158756340004,0.035930564273500526,0.02044356144537412,0.004507932719877791,-0.021137078050199643,-0.0015799091210363086,-0.005204745301976999,-0.0015036654055068147,0.03186095374363462
survivor_081_basin_083_nma_bh_candidate_2792_gencluster_884_conf_057741_implicit_min_hop_002_mode02_p1.35A_implicit_min,0.02336288474345318,-0.01750487066346464,0.027184398394238654,-0.011238445398456734,-0.016959871229557794,0.00805439447561957,0.016079251748479635,0.0050454190578503415,-0.008417015960328601,0.016498743502249703,-0.002779630258201032,-0.02262601876235223
survivor_082_basin_084_candidate_2199_gencluster_103_conf_163518_implicit_min,-0.006872569722053037,0.040503334800825325,0.0046091533993574164,-0.015111425703611837,-0.007855234873154168,-0.007387347209358852,0.007312639637536662,0.003645887164145361,-0.013780809915834467,0.013993193988637968,0.0016933631466651748,0.009960133252844549
survivor_083_basin_085_nma_bh_candidate_858_gencluster_858_conf_004120_implicit_min_hop_001_mode02_p0.75A_implicit_min,-0.01348592670010814,0.028983317778667896,0.03015878399536281,0.0001710250061173275,0.03669162610701626,0.03324273576179267,-0.003800133417518147,0.027967413892755515,-0.022892921806484383,0.014889858927557398,0.0340808456211658,-0.02082668488482085
survivor_084_basin_086_candidate_2616_gencluster_650_conf_151474_implicit_min,-0.0009278720868929716,0.029967518096410312,-0.0038200697992341118,0.014894022010343061,-0.03113972301793325,-0.018821309514225334,0.010325101717806852,0.033973310851055594,-0.007173215663464319,-0.0005318612185408882,0.04367198257326301,0.01925555963725212
survivor_085_basin_087_candidate_1646_gencluster_1646_conf_108793_implicit_min,0.0022314422428767553,-0.027306642349868314,0.05780638743964372,-0.004229249835898799,-0.0005152057961961118,0.011257564395781905,0.017501196075220177,-0.003725088877147257,-0.00728838681145356,0.028511812783866764,0.0006085476523624624,0.022364226255488034
survivor_086_basin_088_candidate_175_gencluster_175_conf_048166_implicit_min,0.0405195203634424,0.008064751604323656,0.023162762488189045,0.001073099122404655,-0.016910387900264133,0.025834203449395375,0.018525070954769355,0.01398249421948655,-0.038012453437720486,-0.02866814047258309,0.007736734732425575,0.004558861605192456
survivor_087_basin_089_candidate_1011_gencluster_1011_conf_141880_implicit_min,-0.01372440514302582,-0.027308656825504728,-0.0030338095530195977,-0.008093671485294794,0.05507663601972585,-0.0037847935790724535,-0.04611030431065753,-0.002256978079251594,-0.021362951606200782,0.0060646651988948775,0.017755537590152283,-0.03402999457101338
survivor_088_basin_090_candidate_1325_gencluster_1325_conf_012350_implicit_min,-0.026142323308679428,0.008016782662626487,0.031696694116320055,0.02066448068968126,-0.025084597550866308,0.030816641958420356,0.01849051930556841,0.024263736264730513,0.041264259286608394,-0.0029969100341846367,-0.004839907035595849,0.03798476478399511
survivor_089_basin_091_explore_r01_hit_0026_conf_015831_implicit_min,0.02157496551145275,0.006131577287326887,-0.024982313154855853,-0.010418591614014329,0.01799072031558201,0.023240907039975008,0.025245547659861665,0.009514239272311055,0.013804848650358125,-0.01958389411083414,0.018797807041326626,-0.04809030482554866
survivor_090_basin_092_candidate_1904_gencluster_1904_conf_113649_implicit_min,-0.028845287299383553,-0.01095854400376219,0.009689273747140244,-0.007127627041601979,0.028270696412823246,0.009899516340733824,-0.046010864909392234,0.003819054022309007,-0.00793508990670725,0.013132598268176653,0.02388030929931308,-0.021337378920800495
survivor_091_basin_093_nma_bh_candidate_1191_gencluster_1191_conf_097898_implicit_min_hop_000_mode01_m0.75A_implicit_min,0.028983449852344943,0.015672894976809265,0.018097197190578007,-0.004546570331306101,-0.03180655820717563,0.0042974403776731875,0.02656090949487042,0.011686964182666433,-0.0028115501201477233,-0.004809942108955897,-0.0285743878136858,0.01012954212821724
survivor_092_basin_094_candidate_1080_gencluster_1080_conf_116880_implicit_min,-0.014819929214265956,-0.014702371565929706,0.0002057914229060847,-0.02046992748928646,-0.011953385893930926,0.006530167800050845,0.00714485896110534,0.010780070379587172,0.020057491196955775,-0.027559930564824697,0.01822020952651521,0.0398783307041089
survivor_093_basin_095_nma_bh_candidate_2799_gencluster_891_conf_103935_implicit_min_hop_000_mode01_p0.75A_implicit_min,0.022098359536033906,0.0222730450216363,-0.010740808885062458,-0.005757451333110936,-0.005699027337083496,-0.05181608850072267,0.006526678320021039,-0.03689046208178736,0.002961622283460579,0.025146352318285537,-0.02130176686708025,-0.01607856953997482
survivor_094_basin_096_nma_bh_candidate_2083_gencluster_2083_conf_036478_implicit_min_hop_001_mode02_m1.35A_implicit_min,-0.0225362753845291,-0.01427132625351618,-0.002274647522260253,0.016386188982968213,0.007257851029452364,-0.06314811664369106,-0.06173498255826414,-0.009550752426478478,-0.006379956886776447,0.007151871939904126,-0.03609310903748634,-0.009459809027159939
survivor_095_basin_098_nma_bh_candidate_1533_gencluster_1533_conf_017890_implicit_min_hop_001_mode01_m1.35A_implicit_min,-0.02556178487473316,-0.015102127528765781,0.030236754350172375,-0.00806968882192346,-0.043310182047037786,0.0013049358926837914,-0.027200844268934855,0.00822196049375038,-0.01697398098871605,0.00584419676951254,-0.01728878593764151,-0.009588988030577405
survivor_096_basin_099_nma_bh_candidate_2635_gencluster_682_conf_091883_implicit_min_hop_002_mode01_m0.75A_implicit_min,0.022993465404890376,-0.006634079214388905,0.007601824252490444,-0.02909341029210402,0.04706338488446982,0.0029732062303488554,0.02306961053799879,-0.015936414898257187,0.004434226905246269,0.0020363577405659683,0.014197810680609392,-0.028673636411735114
survivor_097_basin_100_nma_bh_candidate_731_gencluster_731_conf_049995_implicit_min_hop_003_mode02_m0.75A_implicit_min,0.003763760149578399,0.04392972660326519,0.019422374276091267,-0.03392193214692064,-0.025706595653760562,-0.0025704671251210484,0.014934353891182535,-0.006808638235998227,0.05078118161593509,0.006245468460495012,-0.0072536680919960015,-0.01553611282133913
survivor_098_basin_101_candidate_572_gencluster_572_conf_006944_implicit_min,0.034504171501582276,0.01516522956761059,-0.006642809283957617,0.005111025246483828,0.020995078911334154,-0.019502846251547704,0.015948915033140956,-0.0015010436153660908,-0.0016716697957332577,-0.008883993961586269,-0.0010355408603354053,-0.02165183529533508
survivor_099_basin_102_nma_bh_candidate_181_gencluster_181_conf_004749_implicit_min_hop_000_mode01_p1.35A_implicit_min,-0.025764397684190296,-0.002349064823127124,0.02292197544201122,0.014201628399459737,-0.03647677729513732,0.021656706765776662,-0.030604166913966266,0.04303743643729303,0.011558436228713618,-0.01681210965754266,-0.024910792431902862,0.023916008850446854
survivor_1000_basin_1017_candidate_758_gencluster_758_conf_012892_implicit_min,0.008504815425749846,-0.0004900196046620594,-0.006192147012922184,0.046658255486905935,0.00012851106176481824,-0.02888925262376606,0.0008863156355027003,0.009333827072378167,-0.028177787206464786,0.0015201519880482513,-0.014090949322054788,0.03819466579071616
survivor_1001_basin_1018_candidate_669_gencluster_669_conf_001848_implicit_min,-0.034440762664878444,0.01889747405380328,0.03883783581808915,-0.014878342005934513,0.010171502251946001,-0.029265246146128177,-0.027643327795801094,-0.024463070782114432,0.02013594956121708,-0.0175253422037232,0.0050721252190573,0.01585230398777085
survivor_1002_basin_1019_explore_r03_hit_0063_conf_022936_implicit_min,0.03614720062807708,-0.015643609785841905,0.008352611505909463,0.004665170076425741,-0.02947795312530082,-0.0027450591786947285,0.02973026193624226,-0.01655401086774924,-0.007134034474555111,0.005899345307659963,-0.04267973053864244,-0.007151412391793269
survivor_1003_basin_1020_candidate_2127_gencluster_019_conf_092646_implicit_min,0.012911911816288937,0.018853371209784045,-0.017975612862224433,-0.02586534835489773,0.013892809746304411,0.03330331536977632,0.011642835122774909,0.022482765122924273,0.0010677638055162548,-0.03731681814074217,0.031135654569884624,-0.034765464833715815
survivor_1004_basin_1021_nma_bh_candidate_1888_gencluster_1888_conf_021802_implicit_min_hop_000_mode01_p0.75A_implicit_min,-0.03291177270074427,0.029216349172715164,-0.039089184657802575,-0.015729005858310864,-0.0061148246798640405,-0.0048657510068785235,-0.032575743646274406,0.020980824275474656,0.02278518548682284,-0.013393069625812604,0.026188680137554158,0.0009246533396122325
survivor_1005_basin_1022_nma_bh_candidate_1558_gencluster_1558_conf_198584_implicit_min_hop_001_mode01_m0.75A_implicit_min,-0.021742875457106944,0.0025306443329283484,0.009786337936738889,-0.03734029370947282,-0.007263300308340198,0.0314018277258364,-0.013284886355348913,0.018458831825617764,0.04617095642328171,-0.018421330693799243,-0.01808668455698584,-0.025193533058162847
survivor_1006_basin_1023_candidate_589_gencluster_589_conf_178197_implicit_min,0.006579421789701137,-0.035784650575532206,-0.007105187632769006,-0.00689800185509867,-0.01413081839195662,0.001353088656717127,0.024429685109820826,0.0026824724655157613,0.01781150231523962,-0.011691583362051939,-0.031529007368506154,0.022283076139247276
survivor_1007_basin_1024_candidate_1117_gencluster_1117_conf_044870_implicit_min,0.010770253882308043,-0.0209385226340061,0.032707956494783925,0.03478980328978067,-0.004033737297930673,-0.01732433621237734,0.021652986759166264,-0.02383162673993602,-0.003154730796439186,0.029938000218275557,-0.028352938023525252,0.04526678821459826
survivor_1008_basin_1025_nma_bh_candidate_1005_gencluster_1005_conf_032431_implicit_min_hop_002_mode01_p1.35A_implicit_min,-0.014034920998215667,0.0006190084656806337,-0.03433436204830905,-0.0479675634323103,0.01571818336077144,0.01556303504439727,0.002028842173957922,-0.031501502410783234,0.018520170420615514,-0.046668131007297754,-0.0037150065767872858,0.007876820674588034
survivor_1009_basin_1026_candidate_2016_gencluster_2016_conf_008278_implicit_min,-0.008794639123151432,0.01315979255609333,0.01510001904841233,-0.03160790648369886,-0.009769142595228377,-0.013981020239608545,-0.012689472555765656,-0.04000931978726341,0.007095298493039679,-0.03040521552951484,0.0012438160973186234,0.01805564756983132
survivor_100_basin_103_nma_bh_candidate_459_gencluster_459_conf_009899_implicit_min_hop_002_mode02_m0.75A_implicit_min,-0.010850367466742615,0.02729141934576995,-0.025398058357036537,-0.017119015826660436,0.015757209455209767,0.026302029954906207,0.013092412942535114,0.02792537642158665,0.01839278150487234,-0.002125968553808994,0.03369482678038588,0.03307757968456378
survivor_1010_basin_1027_nma_bh_candidate_694_gencluster_694_conf_053743_implicit_min_hop_002_mode02_m0.75A_implicit_min,-0.04153689565745291,-0.007031795407555595,-0.017271177632318706,0.009953078624603998,-0.03692725248070854,0.0028366071325798916,0.005818016749098848,0.040349294931902535,0.04610752565072889,0.005786093561863575,-0.01652606180087349,0.025173393838144868
survivor_1011_basin_1028_candidate_453_gencluster_453_conf_112634_implicit_min,0.01187305913761662,-0.04483487137494883,0.007203246083601895,0.01778507119023648,0.010678197580726773,0.0063321181425018335,0.020364304560716733,0.015935951857548102,0.010246467060573975,0.0026448913349800818,0.0036546234014425178,0.004495577433669284
survivor_1012_basin_1029_explore_r04_hit_0026_conf_018501_implicit_min,0.02703589035281598,-0.013084853498679229,-0.02424491746397037,0.0206151195204615,-0.010861998973369251,-0.03906610384250757,0.025258334578607683,-0.0202789963549938,-0.006361569882819302,0.02890519697001155,-0.008141580889505066,0.014395602905855771
survivor_1013_basin_1030_nma_bh_candidate_2269_gencluster_189_conf_027155_implicit_min_hop_001_mode01_m1.35A_implicit_min,-0.021829920597360022,0.014908087009188014,-0.013593246831089933,-0.007013452090961376,0.0014799469858067888,0.020462265030831803,-0.05322838055041413,0.02413707330796746,-0.0005922369998080774,-0.0055020615464840186,0.006510512129323934,-0.026445280641088663
survivor_1014_basin_1031_candidate_673_gencluster_673_conf_066370_implicit_min,0.024309964640128693,0.038617015953982856,0.010923110387039579,-0.008010245127333313,-0.013963610981258921,0.013403363239236821,0.024225830161636933,0.016947551850004496,0.018728027162359863,-0.00395771077218229,0.001404049071753756,-0.011958757406343062
survivor_1015_basin_1032_candidate_1680_gencluster_1680_conf_006314_implicit_min,-0.015005792690106259,0.01782236877359737,0.008171912330457356,0.05234686439631224,0.0005764380269932597,0.010835267048066982,0.001520851043867562,0.045109133808790246,-0.014448164233893586,-0.020312752434835435,0.01296739678345795,0.0313994697410891
survivor_1016_basin_1033_candidate_1162_gencluster_1162_conf_193781_implicit_min,-0.008640725159979056,-0.030992020489286225,-0.001341051323733292,0.013558338354967017,-0.004737213684559799,-0.005528016628518564,0.0080609658284369,0.048231639937871086,0.024639537448930514,0.022788492986867356,-0.008487014738108277,0.007336088347185802
survivor_1017_basin_1034_nma_bh_candidate_659_gencluster_659_conf_039862_implicit_min_hop_000_mode02_p0.75A_implicit_min,0.015064339454240032,0.03274709122700463,-0.019286733619962956,-0.009141273450222608,-0.025489531746530306,-0.028589163924783015,0.026043265882796512,0.00329100197318308,0.007025897383597321,0.03181603058039194,-0.02515432704284843,-0.0051903740030784734
survivor_1018_basin_1035_candidate_636_gencluster_636_conf_198251_implicit_min,0.0006698965932452394,0.0003520002889994702,0.0269097417893648,0.0013466490405417268,0.02008276198430319,0.047811269472598075,0.01703551754816028,0.002294619337034942,0.003651748878114218,0.010588936771613643,0.03745682593632461,-0.035568832783945306
survivor_1019_basin_1036_candidate_2112_gencluster_002_conf_085357_implicit_min,0.014915531369027646,-0.010856867951501913,-0.007408714961169823,0.020794769145675296,0.03512395317316167,0.033248227675478005,0.006973829640710789,-0.007975702013961136,-0.042160547576011516,0.013106572099159742,-0.010673862043335059,0.01559414138189769
survivor_101_basin_104_nma_bh_candidate_2734_gencluster_813_conf_171932_implicit_min_hop_003_mode02_m0.75A_implicit_min,-0.017238261267778797,0.04283656433208146,-0.02004163204786707,-0.008678480326262157,-0.004501691544475562,-0.02983489161772522,-0.025776741676236285,-0.009299718153629549,0.006577639217897779,-0.0014722180309713455,0.024956661045838584,-0.0037055958528054494
survivor_1020_basin_1037_explore_r05_hit_0031_conf_043127_implicit_min,-0.003711839591244231,-0.012722027750865877,0.024839045877543528,0.01806709619917187,0.000390694405107734,0.0015208072824390287,0.010163738368217465,-0.02034716073249204,0.02031278219898808,0.017235266564990137,0.0020573929854144054,0.05420250979000914
survivor_1021_basin_1038_nma_bh_candidate_2101_gencluster_2101_conf_074791_implicit_min_hop_001_mode01_p1.35A_implicit_min,0.00015627956626172973,0.0600021867861509,0.015386566519968817,-0.027745132627268746,-0.02087653051081814,-0.0008318708046576924,0.0070817669976452145,-0.0030172619870933682,0.036259398322229804,0.003257509042863113,-0.03974096292755233,-0.008780874730383288
survivor_1022_basin_1039_candidate_1537_gencluster_1537_conf_025720_implicit_min,0.02825724554378111,-0.05048422160284784,0.026232869488488804,-0.0019156363341389475,-0.0204902539882302,0.014890242606670585,0.026670948435594904,-0.0016421553172693483,-0.02616429378003906,0.008354555783721814,-0.014329724827426133,-0.008564146260174531
survivor_1023_basin_1040_nma_bh_candidate_1632_gencluster_1632_conf_108386_implicit_min_hop_002_mode01_p0.75A_implicit_min,0.020350878641210168,0.03733717139622594,0.023621710578917276,-0.02445174281158191,-0.009910167646469199,-0.005510570964232531,0.012685497686915433,0.009389489951030146,0.02021005113263659,-0.015455432451756602,-0.002540376426795305,-0.03442101851831017
survivor_1024_basin_1041_candidate_1580_gencluster_1580_conf_005801_implicit_min,0.0216195607708815,-0.017140964803062722,-0.0013800106155090924,0.032643112417075286,0.0011730072737241208,0.019277764380619716,0.004128513794723378,0.03758923853597868,-0.020478129665507036,-0.003604771788924457,-0.006890584361247266,0.010290578898708111
survivor_1025_basin_1042_candidate_2258_gencluster_178_conf_180743_implicit_min,0.030235934550138992,0.010366559723209469,-0.009346689185443152,-0.016314911392509474,-0.017395956321019503,0.02397309156370249,0.00861300801808027,-0.010348562111943876,-0.019470699921768555,-0.05460992529781038,0.003083855731626465,-0.0007030369721166104
survivor_1026_basin_1043_nma_bh_candidate_1391_gencluster_1391_conf_031128_implicit_min_hop_002_mode02_p0.75A_implicit_min,0.021435401455773995,0.0004852704203545037,-0.008690830891805362,0.00337065064973801,-0.016444178576767565,0.05445120672151886,0.010639523001614007,0.013724760299490851,-0.009853219106203744,-0.030564352479927864,0.008899723615478344,0.008353395648229183
survivor_1027_basin_1044_nma_bh_candidate_082_gencluster_082_conf_089503_implicit_min_hop_003_mode02_m0.75A_implicit_min,0.0016909232849989426,0.00010600996330218961,-0.03981039597012413,0.03280961909441717,-0.014339239681869495,0.012121767054114812,-0.003305455307728853,0.04780115636764404,-0.01868437349542536,-0.005264917880506226,-0.008864948325371933,0.008281798635552843
survivor_1028_basin_1045_nma_bh_candidate_2779_gencluster_868_conf_171044_implicit_min_hop_002_mode02_p0.75A_implicit_min,0.006773576439351961,-0.012403288992855024,0.010436784165176525,-0.0531616268332376,0.04353325713679766,0.014538407121534112,0.019070862923733826,-0.03452261916799357,0.02486700435068015,-0.012547223416812123,0.01860132892017439,-0.023698843509219573
survivor_1029_basin_1046_nma_bh_candidate_2779_gencluster_868_conf_171044_implicit_min_hop_002_mode01_m1.35A_implicit_min,0.005258413533317693,-0.007508257415886131,0.005021386269996768,-0.053360517552156594,0.04438797595730228,0.016672399729898736,0.019122565375085995,-0.03722864018114906,0.026721746383623943,-0.016548150597591026,0.011600425053562567,-0.022302733572817188
survivor_102_basin_105_nma_bh_candidate_1228_gencluster_1228_conf_073136_implicit_min_hop_000_mode01_p0.75A_implicit_min,-0.008261427157193897,0.030582932895367863,0.016004397867093154,-0.055229514398881636,-0.0295847409254431,-0.020227417316775444,0.014942667846462797,-0.0123405485013191,0.05623986337532265,-0.021511844507888688,-0.021843274948186164,0.014720744207469197
survivor_1030_basin_1047_nma_bh_candidate_926_gencluster_926_conf_015915_implicit_min_hop_003_mode02_m0.75A_implicit_min,-0.010879470471464734,0.00022644085835264055,-0.008476086449453555,0.0074225909200153015,0.035557522368108614,0.020254679406240785,0.004464719627543862,-0.019288346966621437,-0.005759217910808522,-0.00781280369229803,-0.0013386314917328654,0.03381757342182426
survivor_1031_basin_1048_candidate_2913_gencluster_1028_conf_089579_implicit_min,0.0015854113586910715,-0.03661461608759028,-0.010331618913650168,-0.01689235080139971,0.016422862853474583,-0.008624311675944235,0.015787325654052997,-0.03322776587349823,0.007466679730343413,0.008384020002133131,0.037270753975928786,0.009525871362271952
survivor_1032_basin_1049_candidate_1614_gencluster_1614_conf_058900_implicit_min,0.03479223864996514,0.00426285760640458,0.025218899639046718,0.02697036006441794,-0.025857181282783623,0.03543813136647772,0.026598170913960904,0.004599566099308699,-0.04243213016858274,-0.0035471243450176685,0.0016591715689974402,0.010308441248171043
survivor_1033_basin_1050_nma_bh_candidate_2397_gencluster_351_conf_182360_implicit_min_hop_003_mode01_m0.75A_implicit_min,0.024987998497004196,-0.006180653418057346,-0.0038091027991725744,-0.044579607165882225,0.04795988343642,-0.004257152591417105,0.028632462887271528,-0.007900032202271551,0.03617607687414723,-0.008858375354091407,0.006342625466991257,-0.029172929245749057
survivor_1034_basin_1051_nma_bh_candidate_1647_gencluster_1647_conf_134687_implicit_min_hop_000_mode01_p0.75A_implicit_min,-0.007307615838908979,0.040746739468632456,-0.001037172885478156,-0.02208394499726452,0.013246502318469924,0.006367061590399759,0.012953492902864693,0.01174417082928595,0.04068127179496482,-0.034037982175124444,0.00891383109141476,-0.008723076980225628
survivor_1035_basin_1052_nma_bh_candidate_2659_gencluster_710_conf_112081_implicit_min_hop_002_mode01_m1.35A_implicit_min,-0.01457145976748907,-0.024898354659912844,-0.008420449816168244,0.00110542328397321,0.032532625980953266,-0.020273492052900105,-0.010559425272866838,-0.011625368065992975,0.006245300367335244,0.0026771299866528847,-0.03246466367744538,-0.037678970774220034
survivor_1036_basin_1053_candidate_1144_gencluster_1144_conf_126626_implicit_min,-0.011343502470814887,-0.04063855608837116,0.009331218044402746,-0.00976139629868336,-0.028361116137310682,0.019783579102960816,0.015558860101674179,0.038423745940508236,0.03557397376599276,-0.0058409239443308935,-0.022358366697271037,-0.016697678047549548
survivor_1037_basin_1054_candidate_2287_gencluster_209_conf_137697_implicit_min,0.015815525799964453,-0.01408528296426787,0.01921104133960825,0.018110504977050936,0.010182846632318592,0.027630934610771714,0.01521812192258029,-0.015496902744285161,-0.01035915960900445,0.0250083381401109,-0.02010863600634088,0.024622195367130204
survivor_1038_basin_1055_nma_bh_candidate_631_gencluster_631_conf_003162_implicit_min_hop_001_mode02_m0.75A_implicit_min,0.024384497164064056,-0.004638946383543221,0.025449680127376605,0.045242590335010976,-0.004057561210716339,-0.00895770195984177,-0.00016408241962097595,0.010064526044299067,-0.038924753013827626,-0.0027852743891214203,-0.01801403987028688,-0.0045589313218851076
survivor_1039_basin_1056_candidate_663_gencluster_663_conf_005049_implicit_min,-0.015972808654722552,-0.0033462197341436015,0.01779866731081178,0.011007846664206603,-0.014247951911192235,0.01575059137083324,-0.026973527980216228,0.04210833600246019,0.002561792292250591,-0.012723336068640009,-0.024842018667683836,-0.0028948191064742486
survivor_103_basin_106_candidate_2451_gencluster_420_conf_068432_implicit_min,0.023708477982395216,-0.0010556112358063253,-0.016999917943155324,-0.0009611313804997203,-0.00833610166638792,0.048050691357231855,-0.003226343904534889,0.006745056160808575,-0.022009684405432123,-0.05464260620765277,0.015633510775109324,-0.0004675137473604856
survivor_1040_basin_1057_nma_bh_candidate_1558_gencluster_1558_conf_198584_implicit_min_hop_002_mode02_m1.35A_implicit_min,-0.008192543832299304,-0.009193258565752871,0.0008015039772477315,-0.0001371250217071157,0.014042724619951765,0.0043875768018830615,0.000901267889186412,-0.01925447083948739,0.047175398705320025,-0.016240404270836045,0.0019711046182371962,-0.02963391100362024
survivor_1041_basin_1058_nma_bh_candidate_2779_gencluster_868_conf_171044_implicit_min_hop_003_mode02_p0.75A_implicit_min,0.015427669456285945,-0.024900315365676787,-0.0010502855630813877,-0.04165503195098465,0.047615660374650357,0.009356286650638106,0.017281251387183713,-0.033660461885303326,0.010030684211358068,-0.013950805468698518,-0.010527335360971854,-0.030267300151785095
survivor_1042_basin_1059_candidate_2246_gencluster_163_conf_174102_implicit_min,-0.016931445954992345,-0.021777089708608397,-0.01586241339902168,-0.009534308702850495,-0.006689370086688923,-0.05105805642981243,0.007538816928032045,-0.007262061774175939,0.004038824265906489,0.0024381153448989417,-0.029526565519644228,0.00788180068103511
survivor_1043_basin_1060_explore_r02_hit_0045_conf_048484_implicit_min,-0.0002956106453326705,0.03538434169886429,-0.013838001889408492,0.006740221088994416,-0.03134038101029524,-0.019640378351611296,0.016895244402125073,0.024537489173088397,0.0018512874185936555,-0.005661774921468295,0.03485429056568861,0.020022243856949277
survivor_1044_basin_1061_nma_bh_candidate_858_gencluster_858_conf_004120_implicit_min_hop_003_mode02_m1.35A_implicit_min,-0.006348912278000186,0.03280327768549948,0.036782246001839304,-0.003423426272266452,0.03886838321954492,0.01604709857902792,-0.0025663153040894125,0.03122747100347797,-0.029647430018861335,0.004444496993089033,0.027531123114444448,-0.025480325533435443
survivor_1045_basin_1062_nma_bh_candidate_1114_gencluster_1114_conf_035202_implicit_min_hop_000_mode01_p0.75A_implicit_min,0.026592967921320074,0.023002769434232954,0.0005315314017980792,0.00395142723174252,-0.03792593729695224,-0.014807194196759757,0.023759352616877897,0.00562291559482198,-0.019901221367197356,-0.0014328540055783883,-0.027398123019850788,0.026908189427887794
survivor_1046_basin_1063_candidate_1730_gencluster_1730_conf_006405_implicit_min,-0.024270252076954213,-0.010392193096281576,-0.0035308098468174788,-0.040966656667412754,-0.014279887454677814,0.014766455009544417,-0.0167385656113176,0.012769031278800068,0.05215022431999331,-0.03235682370890213,-0.02148522077268842,0.002631593360904664
survivor_1047_basin_1064_nma_bh_candidate_694_gencluster_694_conf_053743_implicit_min_hop_000_mode01_m0.75A_implicit_min,-0.01761824700847221,-0.04287898384067159,-0.039770811523699365,0.00068746329413683,-0.017218295565587332,-0.015740962140562503,0.01060484400813519,0.02005656303005144,0.0585214354477629,-0.0004321177530002308,-0.0038065467634833807,0.034514371124922866
survivor_1048_basin_1065_candidate_1236_gencluster_1236_conf_004515_implicit_min,0.013850562025692223,-0.010789217995845948,-0.03211446865582997,0.026840690200042237,-0.027125521183400007,0.019747390291830858,0.005577518662716927,0.026491038748980327,-0.011987580092274725,-0.0415057923964629,-0.01907053991554125,0.017657250963121793
survivor_1049_basin_1066_candidate_2082_gencluster_2082_conf_065630_implicit_min,0.03697760051965599,-0.04609501938458446,0.016315054505118862,-0.024111744348479295,-0.017449976453097538,-0.00203443882417526,0.031211027340681638,-0.00678262442778323,-0.0217710614267794,0.001831423464057262,-0.01779962898938492,-0.011885989444173722
survivor_104_basin_107_nma_bh_candidate_2537_gencluster_535_conf_063339_implicit_min_hop_001_mode02_m1.35A_implicit_min,0.03874003264701859,-0.040036165114438235,-0.0018532998992460286,0.0005612781757751688,-0.0010485690446608528,-0.01505387265804624,-0.003174146387725091,-0.011481618073106777,-0.03543892497106395,-0.0176574450351822,-0.01531165844221841,-0.008479766117609183
survivor_1050_basin_1067_nma_bh_candidate_249_gencluster_249_conf_007818_implicit_min_hop_000_mode02_p1.35A_implicit_min,-0.0033079013111552676,0.004484043287620866,-0.013897975722178976,-0.03248026559790245,-0.0021543948312819027,-0.04433977380358927,-0.020266552346332577,-0.013258291931823915,-0.015496124296014541,-0.0005341510324292147,-0.03579688500880777,0.011786166869661904
survivor_1051_basin_1068_nma_bh_candidate_2683_gencluster_750_conf_033714_implicit_min_hop_000_mode02_p0.75A_implicit_min,-0.01666335939731556,0.014648946306552994,-0.048211419548567565,-0.011792690415066275,-0.010711988979622507,-0.001457794035645622,-0.025420975341569108,-0.006121457024614517,0.020343604854276786,-0.01983325896474966,-0.0009435944766410289,-0.02025718706247427
survivor_1052_basin_1069_nma_bh_candidate_1306_gencluster_1306_conf_001572_implicit_min_hop_002_mode02_p1.35A_implicit_min,-0.004023014194697068,-0.027189816540232153,-0.019622466431303172,0.015932107529440676,-0.03798064739361994,0.012552887018995143,0.011620942601286492,0.02415344889463923,0.014057146339050555,-0.02599688916509472,-0.0330243821020698,0.01686471773238818
survivor_1053_basin_1070_candidate_574_gencluster_574_conf_054760_implicit_min,0.051071750677691485,0.0025118896788618654,-0.005756169796782065,-0.02262136487890982,0.026445891462129403,-0.013517870350179196,0.031205209434218038,-0.0015790844696660618,0.0015186222755445933,-0.006973810215687229,0.007846083279835953,-0.045807678518724707
survivor_1054_basin_1071_explore_r04_hit_0049_conf_038758_implicit_min,0.018349091024558038,0.0275688496708003,0.02954785330410941,-0.025638358717717562,0.00039840571801567025,-0.009866212349659263,0.02085605637395505,-0.0036426774611491674,0.00802745230200626,0.026264119739325777,0.004274280533095873,-0.039094304263314554
survivor_1055_basin_1073_candidate_1531_gencluster_1531_conf_002079_implicit_min,0.02460293429930919,-0.012367769144257329,-0.029470479398112388,0.017908597707014792,-0.012336304878357683,0.03701754331538034,-0.00046745638516652323,0.01699999872848594,-0.02453217580399359,-0.05407076261909114,-0.015868701524160693,-0.0009177844343307399
survivor_1056_basin_1074_candidate_1815_gencluster_1815_conf_005311_implicit_min,-0.04210483736631867,-0.0075485691704949304,-0.007954973889703546,-0.0019520365045864946,-0.045930189008339235,-0.006758907725973475,-0.038094130218065916,2.1215103158050257e-05,0.010409593515798565,-0.019301537557800147,-0.015355400040256347,0.025018164887939207
survivor_1057_basin_1075_candidate_2977_gencluster_1112_conf_060532_implicit_min,-8.704019472287067e-05,-0.01868841012367282,-0.00160124129578473,-0.018897329133816726,-0.001097158984857609,0.004614137302513562,-0.005889682488729573,-0.00936915905104665,-0.018190863066137222,-0.02888013395299851,0.01364161212684749,0.010129057795741412
survivor_1058_basin_1076_nma_bh_candidate_807_gencluster_807_conf_049347_implicit_min_hop_003_mode01_m0.75A_implicit_min,-0.01714719649214247,0.02595483938044227,-0.0056560497018664484,0.02612920985112496,-0.019168219784100014,0.006060052375665339,-0.025032985650882567,0.04454930648958928,-0.02230113114393688,0.0015855253746508327,0.017315189865910116,0.009663632419500079
survivor_1059_basin_1077_candidate_1294_gencluster_1294_conf_009186_implicit_min,0.024572276724540314,-0.02027135011262786,0.020016973673549543,0.0563235688959521,0.013901052404189264,-0.013661920677204481,0.012783386773959092,-0.007796346557259023,-0.0418433505877046,0.032391619835607816,-0.005030051174448929,0.011956334624109556
survivor_105_basin_108_explore_r01_hit_0046_conf_021070_implicit_min,-0.004846823569571451,-0.020750683584638715,0.03312572554986734,-0.006305743390837454,0.03965332372307977,-0.030773781044256918,-0.021686313676937994,-0.048572229645830335,-0.02521543477149071,0.039068694765621116,0.005877358023509082,-0.00828273434924246
survivor_1060_basin_1078_nma_bh_candidate_1549_gencluster_1549_conf_001708_implicit_min_hop_001_mode01_m0.75A_implicit_min,0.026733713960365193,-0.014643760882453118,-0.025807069712283557,0.030073433979906902,-0.02689001068705734,0.043495341419879686,0.01177917017574821,0.0008440725297080693,-0.022471614681529892,-0.04426106780364067,-0.012267961932057276,0.0011409577661780509
survivor_1061_basin_1079_candidate_1348_gencluster_1348_conf_024995_implicit_min,0.009409296123954896,-0.018648191604798622,-0.017300428310837262,0.0246127036244871,0.03912444376132843,0.018365725417770422,-0.018389942233087878,0.007461384310914292,-0.018317397155953218,0.01567638937300383,0.026662670133597428,-0.0008173943945594538
survivor_1062_basin_1080_nma_bh_candidate_416_gencluster_416_conf_072635_implicit_min_hop_002_mode01_m0.75A_implicit_min,0.03204905799104981,0.006354070930506956,-0.002796794706770475,-0.02030651342174124,0.03732507419645958,0.006549567231787395,0.020602304719861957,-0.01471969545922767,0.024008615208876347,0.0070501992296705404,0.017818781037716405,-0.03351232352905283
survivor_1063_basin_1081_candidate_401_gencluster_401_conf_179453_implicit_min,-0.012369108444489964,-0.005265020933780587,-0.02100993608405176,-0.020081016652350778,0.025825607748693382,-0.022489321637990035,-0.014050204724809301,-0.047671800934647714,0.015096258500303399,-0.0048182949397041356,0.022749305560399793,0.007223389080256222
survivor_1064_basin_1082_candidate_2996_gencluster_1132_conf_023971_implicit_min,-0.011037553151999434,-0.0008536898399025547,-0.040772335292541415,0.0235693138502626,-0.02047947609968417,0.02084957006698836,0.005606506735838871,0.002277131874680341,0.0028703558336836345,0.0007142703437332517,0.050694403049724675,0.02958676402509475
survivor_1065_basin_1083_candidate_1255_gencluster_1255_conf_061684_implicit_min,0.0017430181783416583,0.02414638498629299,0.0006437764262233756,-0.02024177937616244,-0.0021052923042481366,0.032204195178888916,0.0013821328190849478,0.020621797713039715,0.027019233750285164,-0.04884480374025168,0.0068608880676832495,-0.02536052012295799
survivor_1066_basin_1084_candidate_344_gencluster_344_conf_028729_implicit_min,-0.0024621806572379446,0.02840313419084549,0.022578780360441458,-0.04107506043242896,0.01414683270323224,0.01857205382354932,0.006271980875907108,-0.015640170055381087,0.008435478183227742,0.007518380083729964,-0.007678049166967792,0.038177567743352646
survivor_1067_basin_1085_nma_bh_candidate_926_gencluster_926_conf_015915_implicit_min_hop_001_mode01_p1.35A_implicit_min,0.007160336307554633,0.0007939094515150827,-0.007718196320117334,0.027803706109338643,0.02629419197301435,0.02178532734446573,0.014178821262327833,0.0016656585968688213,-0.01981482648985293,0.008215105985083722,-0.0013624753737167467,0.018113846402429967
survivor_1068_basin_1086_candidate_2684_gencluster_753_conf_185631_implicit_min,0.009468614198428548,-0.014416099457475675,-0.009798698608233245,0.015811105952203256,0.03146815176007227,0.021453384199881236,0.004974633904461434,-0.016798562054429325,-0.019235731994328226,0.027817357254862993,-0.03971393806692788,0.012702920777846639
survivor_1069_basin_1087_nma_bh_candidate_2799_gencluster_891_conf_103935_implicit_min_hop_001_mode01_m1.35A_implicit_min,0.0002558015488812323,0.04396533104012162,0.0006943389065197324,-0.02949156668604766,-0.005072825818966805,-0.030041821014781096,0.007930533019650614,-0.02261099314589515,0.01564025729637509,0.01639656509503802,-0.026095245330266387,-0.0010938747153442163
survivor_106_basin_109_nma_bh_candidate_2293_gencluster_217_conf_180539_implicit_min_hop_000_mode02_m0.75A_implicit_min,-0.03498508440713365,-0.021165370752630995,0.0013974906084111014,0.02395259442891761,0.011389506800314371,-0.04077352679474192,-0.06275024413513423,0.0009116150634769146,0.0043741879358900485,0.00970317080869543,-0.026203701150111544,0.0015720461679892869
survivor_1070_basin_1088_nma_bh_candidate_896_gencluster_896_conf_007510_implicit_min_hop_001_mode01_m1.35A_implicit_min,-0.00863035174385,0.013101858704729604,-0.020961386644109768,0.016127115654006555,-0.005265711979867087,0.0205688056348195,0.005431990404721998,0.04239574071720522,0.02447980116299813,0.016786219632940427,-0.005396951400370362,-0.013070243757939734
survivor_1071_basin_1089_candidate_2300_gencluster_225_conf_070728_implicit_min,0.014043284835715812,-0.011381260263405083,0.0007224021278635375,-0.03980111263045376,0.024712084731968103,-0.002582496483841781,-0.0017319168633184157,-0.033867001440387456,-0.027900003581264602,-0.014217182038729485,-0.0050239838146029095,-0.0041314875998929405
survivor_1072_basin_1090_candidate_962_gencluster_962_conf_018537_implicit_min,-0.011195534581787877,0.01921340039848303,0.007313236386836849,-0.025170707998707034,0.004312402100024968,-0.03553400724555354,-0.0011325351174950372,-0.0057975082254422775,0.0029596391937628396,0.03003331709001285,0.03363286949804719,-0.035908152114105675
survivor_1073_basin_1091_nma_bh_candidate_2364_gencluster_303_conf_151536_implicit_min_hop_000_mode01_m1.35A_implicit_min,-0.013650601437558849,0.014060771129124267,-0.010184871698642618,0.03850891788375097,0.018049577901399196,-0.012446321501337313,-0.02460001709000147,0.029842503380988147,-0.02350409702346513,0.008769076819958307,0.03221443275300929,0.021868204600427366
survivor_1074_basin_1092_candidate_130_gencluster_130_conf_046701_implicit_min,0.020247156522318864,0.03926465784659178,0.03323193985380872,-0.022568446838697437,0.006205118775101218,0.020091276779359093,0.00948784856762557,0.01119443559137951,-0.004429396536472606,0.004809308673827388,0.020013875891543912,-0.03720462457117709
survivor_1075_basin_1093_candidate_918_gencluster_918_conf_044017_implicit_min,0.0024019267820213778,0.006966887980579711,-0.05260345417404788,-0.0006518694096519084,0.014649665303259398,-0.010868572456808112,0.0020268051638756366,0.0016377900521809324,-0.01334782408860985,-0.018505198441435163,0.04161400018176975,0.020023286931277706
survivor_1076_basin_1094_candidate_2748_gencluster_830_conf_030463_implicit_min,-0.033393620477113514,-0.01423970493269282,0.039960822824183374,0.010585665589165322,-0.03431754321957539,0.0260392824432545,-0.010560580816078564,0.043127297365201905,0.03870546044641186,0.002491183989543936,-0.019940859102879103,0.03384061606144652
survivor_1077_basin_1095_explore_r01_hit_0050_conf_038281_implicit_min,-0.002523250931645659,-0.009872881885401412,0.002542616309164802,-0.05050674738866069,0.03288476047470529,-0.009464829463327969,0.025806495456659313,-0.021141008532319976,-0.006081104128839353,0.008989739095765056,-0.024834017485947907,0.0027891811761142217
survivor_1078_basin_1096_nma_bh_candidate_2739_gencluster_819_conf_086560_implicit_min_hop_002_mode01_p1.35A_implicit_min,0.008043634096448222,0.0022468655246449492,0.013857871076579271,-0.017641653235489545,-0.009018221031722382,0.029528665995191425,-0.007604369498679879,-0.0050355579250346335,-0.006803779424463968,-0.040846736963078056,-0.002381008050701623,-0.018476844663145687
survivor_1079_basin_1097_nma_bh_candidate_2663_gencluster_717_conf_014249_implicit_min_hop_000_mode01_m0.75A_implicit_min,0.003811950766576072,0.02946641586368539,-0.033503863539603135,-0.022495624905728463,-0.01580619066537298,0.038312464647217596,0.02255610270518202,-0.0042958271956755004,0.020189741995375165,-0.03275468861014251,-0.002634046064661752,-0.00688284057133433
survivor_107_basin_110_nma_bh_candidate_416_gencluster_416_conf_072635_implicit_min_hop_003_mode01_m1.35A_implicit_min,0.007620230297232943,0.013526682598178874,0.0018089257145808546,0.01641696176347282,0.04621982677488565,-0.004679570873893511,0.01900189441153781,-0.04059907363515754,0.007799886208976106,0.015719409205108743,0.030652203390244163,-0.0178140594822127
survivor_1080_basin_1098_candidate_010_gencluster_010_conf_099966_implicit_min,0.010506989522763908,0.007962952835944939,-0.016354354213945637,0.01207617326878591,-0.008664249132733535,0.016565675619622765,0.010207345009192775,0.010916508035994732,-0.0027586144785925293,-0.04279767466548352,-0.019552682173700802,0.007183200633938003
survivor_1081_basin_1099_candidate_2243_gencluster_159_conf_104013_implicit_min,0.03724562228662759,-0.032825116004695336,0.01624683151171838,-0.021471147270656292,-0.022102827656135707,0.01629352975259776,0.012973111147542316,-0.0077536041018223065,-0.03709292799658927,-0.020468580208800463,-0.0024186235675571683,-0.015771069476554503
survivor_1082_basin_1100_nma_bh_candidate_2397_gencluster_351_conf_182360_implicit_min_hop_002_mode01_p1.35A_implicit_min,0.002506629516232912,-0.012711691920540476,0.0009951915807428176,-0.03755899896017973,-0.0028124920861205154,-0.03057972613691087,0.017780255079163525,-0.02514598635509224,0.03884854954538077,0.012093822509975084,-0.007683735954997926,-0.039810970717517054
survivor_1083_basin_1101_nma_bh_candidate_2879_gencluster_988_conf_169931_implicit_min_hop_000_mode02_p0.75A_implicit_min,0.03979955878150221,0.0010833035187185623,-0.01790235235504817,-0.005463698062785152,0.022677600190417892,-0.010067475132321398,0.0198486768359124,-0.010756037083799944,-0.035891169575552544,0.000802497848585037,0.02395326473985653,-0.0386229699385551
survivor_1084_basin_1102_candidate_2244_gencluster_161_conf_170376_implicit_min,0.007113202576158311,-0.014198018708295058,-0.04757434771394509,0.011048758119189357,0.001020548799985802,0.035726376969940986,0.02118250220802639,-0.01627973022026056,-0.0010981470063249296,0.011172013597061294,0.03796724688807349,0.01666278774931372
survivor_1085_basin_1103_nma_bh_candidate_583_gencluster_583_conf_027260_implicit_min_hop_000_mode02_p1.35A_implicit_min,0.005816556023126822,-0.03619793774591886,0.0025703692735134865,0.0025768299693171115,-0.02782138081956625,0.0014328720348916642,0.021033473370462154,0.024582065359994416,0.019416075062861977,0.01069756633680024,-0.025952447715022524,-0.018957552410062428
survivor_1086_basin_1104_nma_bh_candidate_375_gencluster_375_conf_010225_implicit_min_hop_002_mode02_m0.75A_implicit_min,0.042966687227760945,-0.04280824203679589,0.013581493651754014,-0.01852394013764774,-0.009927701285851012,-0.005765406390055012,0.02045385589849471,-0.01245399958580286,-0.028683759432412966,-0.003908759852008497,-0.00606453611442289,-0.007392494052458431
survivor_1087_basin_1105_candidate_1840_gencluster_1840_conf_127388_implicit_min,-0.02552628064364352,0.03167802907910905,-0.0011804004229958016,0.011276034404640343,0.008634722564301681,0.0001460428862262188,-0.03647790996885525,0.016669386690016327,0.01085820025564643,-0.0003155450388190853,0.04384055594049221,-0.005095896187007331
survivor_1088_basin_1106_nma_bh_candidate_082_gencluster_082_conf_089503_implicit_min_hop_002_mode01_p0.75A_implicit_min,-0.005374930656530156,-0.0020960568890251562,-0.03880988181954145,0.023393888163447393,-0.01658727115670059,0.016568272249625277,-0.010223755474298836,0.042969217100645635,0.004090855350019027,-0.009300452301330316,-0.025432060930997803,0.002089970036171177
survivor_1089_basin_1107_nma_bh_candidate_375_gencluster_375_conf_010225_implicit_min_hop_002_mode02_m1.35A_implicit_min,0.0429840148476603,-0.044206951647016,0.013079007507738787,-0.016882269467575806,-0.011073084193233492,-0.004514399264942715,0.020707775979787197,-0.012868017103068728,-0.02934770719505599,-0.005492051751400837,-0.003910405448625761,-0.011377927704171358
survivor_108_basin_111_candidate_1280_gencluster_1280_conf_011206_implicit_min,0.023674487076770737,-0.03901263962945473,0.03761936931287007,0.03493015888131996,0.017464160883155357,-0.012846458373676664,0.01813486926425735,-0.015812390929962065,-0.01701239214536954,0.04069055241482959,-0.009280017491114139,0.008156692403595888
survivor_1090_basin_1108_candidate_1338_gencluster_1338_conf_039124_implicit_min,-0.0029674262101306516,-0.03288157397177164,-0.014697456858652955,-0.030173983908031443,0.032221380849979116,-0.011734206413602368,-0.01072747690101543,-0.04177708644119233,0.0036982842046503622,0.003240859257755504,0.028060775416676894,-0.0295848731588798
survivor_1091_basin_1109_nma_bh_candidate_1045_gencluster_1045_conf_012052_implicit_min_hop_002_mode02_p1.35A_implicit_min,-0.017516332508814087,0.03386697553318845,0.01071431911612172,0.018559746052737032,0.00906629776069774,-0.01673214401874759,-0.008951360379936461,-0.016215490945162347,0.004798440755177872,0.03790703817882798,0.0014505292709040155,0.0191517133570649
survivor_1092_basin_1110_explore_r04_hit_0058_conf_001379_implicit_min,0.009314642511791586,-0.022477259347900107,0.010558460940844916,-0.021916492121361632,-0.03600379810623675,-0.04077914265218606,0.0261348454916812,-0.014068149727216268,0.026708013648436103,0.007031808450949721,-0.0557670829465787,0.020434600198382086
survivor_1093_basin_1111_candidate_1948_gencluster_1948_conf_026873_implicit_min,-0.022243678113422875,0.025913214070932652,0.0049585285872705085,-0.05141781330557323,-0.01876529890212199,0.006498529858152099,-0.0011257184720118666,0.006377523397432633,0.06178249020350431,-0.026832664373893426,-0.01148858393277256,0.0012751757981337903
survivor_1094_basin_1112_candidate_2145_gencluster_040_conf_146690_implicit_min,0.016957135774374788,-0.011342396498442648,0.013357578955473522,0.008442656746071307,-0.006098294674174125,0.00657718290420254,0.019817936119949937,-0.030708681490362034,-0.02378958590526556,0.01243577967390286,-0.011686330808242369,0.004225378442380856
survivor_1095_basin_1113_nma_bh_candidate_1168_gencluster_1168_conf_154905_implicit_min_hop_000_mode01_m0.75A_implicit_min,0.0057856818033022875,0.05645100029946622,0.004421968975645868,-0.03058757399027296,-0.028958319946192385,-0.019609077191157738,0.022614998241447033,0.003115596940597641,0.04409092233651751,0.009904499014309067,-0.018133813990831363,0.0011021625092631888
survivor_1096_basin_1114_candidate_1656_gencluster_1656_conf_149105_implicit_min,-0.01645407355740773,0.008245779143980562,0.030957316333575402,-0.027304360004482324,-0.026316765383226227,-0.014266592335606537,-0.041035752256076634,-0.01982398677365885,-0.005000144188180241,0.008916937500689236,-0.011501519207249195,-0.024887404126413007
survivor_1097_basin_1115_nma_bh_candidate_2083_gencluster_2083_conf_036478_implicit_min_hop_002_mode01_p1.35A_implicit_min,-0.03552469878757606,-0.0064194139702463005,0.015070815035429645,-0.02947611821602354,0.013269623380067715,-0.042323554771831993,-0.06448406679931082,-0.006067882320148555,-0.002935704651394689,0.015261625085047175,-0.04059831314665597,-0.0064013765247469415
survivor_1098_basin_1116_nma_bh_candidate_2293_gencluster_217_conf_180539_implicit_min_hop_000_mode01_p0.75A_implicit_min,-0.03463319770672946,-0.020474414016491662,-0.0007640393619792678,0.02522860943656615,0.013641705558101127,-0.04159536264062189,-0.06460337696112872,0.0006116089396299233,0.0010219081925532342,0.008343021510385863,-0.02899345535269867,-0.0005617026384436404
survivor_1099_basin_1117_candidate_2822_gencluster_916_conf_087055_implicit_min,-0.007217458296903986,0.012074938513312743,0.03096428819130565,-0.06793941920753536,-0.01721797881713855,-0.013620196087073228,0.010849748247198547,-0.005652242567083174,0.04300556812818623,-0.011934933733080265,-0.027565173778474134,-0.02604531656975442
survivor_109_basin_112_candidate_455_gencluster_455_conf_097879_implicit_min,0.01616824914676257,0.04325193541934316,0.0054518655967728735,-0.0017253131042137598,-0.051956439137222976,0.008776750712809662,0.002638717216716833,0.01221439687112869,-0.02342847382224636,-0.0531893685161057,-0.013311967850136155,0.011409322348621865
survivor_1100_basin_1118_candidate_683_gencluster_683_conf_029283_implicit_min,-0.017026323223504898,0.02754045040250888,0.018550735770423613,0.04919160294425511,-0.0087117927751135,0.015229150616384857,0.006919859601613952,0.03760429958990911,0.0006324305145977014,-0.027500734404966535,0.01358298877279153,0.03936243593118511
survivor_1101_basin_1119_candidate_1022_gencluster_1022_conf_021405_implicit_min,-0.0009475899724040343,0.009145072262630243,-0.00982905177949305,-0.0019795253843708184,-0.017716451764194726,0.026264252003892954,-0.02673858034254391,0.035236837598306106,-0.013999873638305078,-0.022493954611684023,0.004672681215193683,-0.009695124704706223
survivor_1102_basin_1120_nma_bh_candidate_1125_gencluster_1125_conf_106560_implicit_min_hop_001_mode02_m1.35A_implicit_min,0.020930731103462902,0.010427923821274658,0.012354532415663848,0.037481128467526235,0.001968655663661441,-0.012698432536432805,0.028705781006347113,-0.0047757832063934965,-0.028668846563580513,0.02750592220755563,-0.02443950396916132,0.01972741829168659
survivor_1103_basin_1121_candidate_2753_gencluster_836_conf_091642_implicit_min,0.013611904973561819,-0.004931636683201893,-0.024840874690886534,0.047288435711097115,0.0068545522825717966,-0.0322055879728752,0.013069935881498466,-0.00959253904242666,-0.04098666561760231,0.011224321453471586,0.001172281423147224,0.029504598923756942
survivor_1104_basin_1122_candidate_2896_gencluster_1007_conf_092741_implicit_min,-0.03744227977216217,0.0009214182651795732,0.0027952903935239966,-0.04831810182066938,-0.01604583331562014,0.019586640447918347,-0.04215955595528006,0.008782676430897647,0.021250929481247165,-0.009407564209635464,0.015155055855553694,-0.044215344918022384
survivor_1105_basin_1123_nma_bh_candidate_1888_gencluster_1888_conf_021802_implicit_min_hop_002_mode02_m0.75A_implicit_min,-0.030988416016761656,0.025989234755502105,-0.03150369302058289,-0.003240274985920148,-0.019246606211827146,-0.010578919430945436,-0.019553282417989294,0.009871970128186002,0.0391591118277726,-0.016185074590166965,0.028819998207966463,-0.003831407080530888
survivor_1106_basin_1124_candidate_463_gencluster_463_conf_029050_implicit_min,0.040544585532122326,0.013197430992085984,-0.003792128622212716,-0.016661693150103615,0.011156884255084602,-0.034360956080321095,0.02193225221265539,-0.018237475318599677,-0.020886403352579786,0.01673743239734219,-0.01665618971269198,-0.020125830907561888
survivor_1107_basin_1125_nma_bh_candidate_2659_gencluster_710_conf_112081_implicit_min_hop_003_mode01_p0.75A_implicit_min,-0.02137766141667833,-0.02995620457878504,0.004022775145450149,-0.027277752398968232,0.0321576074931566,-0.0010912960373519116,-0.019139915037385324,-0.007323733788272871,0.01953161492814104,-0.003334592428187029,-0.03430442318635746,-0.03604488999491408
survivor_1108_basin_1126_explore_r05_hit_0023_conf_045490_implicit_min,0.01684884136506614,0.021718652600930668,-0.010190022999931037,-0.025708050955823413,-0.005824384176781498,-0.014091168604937268,0.020094108998768265,-0.024711699617515386,0.019889497058010845,0.018570320617136607,-0.02231765863012177,-0.02792140627658313
survivor_1109_basin_1127_candidate_485_gencluster_485_conf_025519_implicit_min,-0.036430973821352554,0.0013095023318006245,-0.02030937545046602,-0.01816374214690666,0.005080038189803911,0.0020330232517307444,-0.06061110143531891,-0.007485202308655153,0.003538884071120645,-0.015353814721118287,-0.004360292444902006,-0.0024773347551598473
survivor_110_basin_113_nma_bh_candidate_720_gencluster_720_conf_069593_implicit_min_hop_002_mode01_m0.75A_implicit_min,-0.03085143180876652,-0.011732545329942433,0.011736809349342715,-0.02542244432640127,0.022266927277196133,0.009332510508911391,-0.04704483131564801,-0.00821661649677463,0.0049050577855399655,-0.015213015338184244,-0.018649005366921493,0.008401874832265144
survivor_1110_basin_1128_explore_r01_hit_0023_conf_015827_implicit_min,0.03673031051548677,-0.0012957407797344735,0.01238647846103092,0.035501577655687906,0.003909811521393975,0.0008706613158627328,0.029163654706251044,-0.008565309629996664,-0.03163530108138981,0.022838076267695632,-0.014309374138397526,0.02674901278542454
survivor_1111_basin_1129_candidate_2124_gencluster_016_conf_033280_implicit_min,-0.01322644632639742,0.0031403385342392283,0.03291255445812431,0.01927772935937655,-0.001052362360374697,0.04994254289018561,-0.021104799786677342,0.011688872812074468,0.006752251716115943,-0.019371159053530543,0.03003152191426296,-0.011032264795676018
survivor_1112_basin_1130_candidate_650_gencluster_650_conf_015148_implicit_min,-0.008071215879645523,0.016585802612003216,-0.01966054181870789,0.03356713714035061,-0.01596794807697893,-0.014191240305419428,0.007502263570780674,0.025663298565114658,-0.006242275085686883,-0.00513909055864227,0.04532319516887763,0.030756521683438065
survivor_1113_basin_1131_nma_bh_candidate_2548_gencluster_554_conf_187437_implicit_min_hop_000_mode02_p0.75A_implicit_min,-0.0184795187668358,-0.039161081132728655,-0.006603148593622948,0.004341119623822945,-0.002192202462681785,-0.023387600234164672,-0.015898210157602535,0.055518760151279635,0.0008854270130921788,0.03786732056597492,0.007457911452722672,-0.008666692318466916
survivor_1114_basin_1132_explore_r02_hit_0063_conf_030729_implicit_min,-0.01359721993608562,-0.04426103048487956,-0.03302522940696635,-0.01223422261317168,0.013713822780395412,0.013205778182300584,0.02063548871370779,-0.038036309112176044,0.00926833019433359,0.015787760143346912,0.020363029886783054,0.0012285600720303952
survivor_1115_basin_1133_candidate_194_gencluster_194_conf_008364_implicit_min,0.03301906549573372,-0.010058003759509099,-0.016108099723659043,-0.004903455992601656,-0.0033352154815053836,0.018771701045941936,0.027521334007437268,-0.006398848902171501,-0.01836822387827961,-0.009090162564463324,0.0010999463072606393,-0.004435310748930363
survivor_1116_basin_1134_candidate_1069_gencluster_1069_conf_182751_implicit_min,0.031069428498692993,-0.006804739069307079,-0.0038467112010540727,0.030806508930714474,0.011420389700166515,-0.010233068257209177,0.028933182273841902,0.0005032541039565418,-0.038254176783868166,-0.00695936227087775,-0.02689738019628116,0.005052351142643837
survivor_1117_basin_1135_nma_bh_candidate_1714_gencluster_1714_conf_011260_implicit_min_hop_001_mode02_p0.75A_implicit_min,0.05220049995992099,0.001912595826649178,-0.0044159770191599034,-0.0077389233667498935,0.02468265307615374,-0.01380178854756326,0.025541117036436387,-0.0005097463833651619,-0.013326589172109335,-0.013259017909364856,0.004106349057334777,-0.03968296686411933
survivor_1118_basin_1136_nma_bh_candidate_375_gencluster_375_conf_010225_implicit_min_hop_001_mode02_p0.75A_implicit_min,0.040063012305332074,-0.050249976019092826,0.020329861480541417,-0.02105839562458374,-0.011653797363905054,-0.008919997730583936,0.02422108747043011,-0.007502310903217798,-0.03167688440165321,-0.0011754939730236513,-0.008221618234865622,-0.03179239418726903
survivor_1119_basin_1137_candidate_1066_gencluster_1066_conf_054501_implicit_min,-0.010438456282801965,-0.032499983968414414,-0.0043583635900105635,0.017009560952381087,0.0020005503791071587,-0.034266273046846686,-0.0007255705960114196,-0.003936462452608876,-0.02806195958455438,0.026565207106811588,0.015638579642713892,0.01563751743679649
survivor_111_basin_114_nma_bh_candidate_731_gencluster_731_conf_049995_implicit_min_hop_000_mode02_m0.75A_implicit_min,0.005953425459817795,0.04017099415162104,0.028191058657995437,-0.025388135771586235,-0.030467023643078527,-0.000987053082460473,0.012062188276053222,-0.021135332273497336,0.04107832584975896,0.014662835237342601,-0.004545343691018207,-0.025948556189489245
survivor_1120_basin_1138_candidate_1316_gencluster_1316_conf_026261_implicit_min,-0.019859495614752733,-0.00950798530829528,0.025511705984836083,0.02418114659594434,-0.010553806598899323,0.041779430070952916,-0.0023022488685408102,-0.0008329085458796374,0.0444246646256116,0.005357555784683669,4.0860352249725494e-05,0.04057842198007236
survivor_1121_basin_1139_nma_bh_candidate_369_gencluster_369_conf_030202_implicit_min_hop_000_mode02_p0.75A_implicit_min,-0.004612996921731636,0.003139622240243178,0.03967942053454873,0.00011160916535815011,0.034320744825040245,0.022215809805889206,0.011883717062441092,-0.03294983822316314,0.020991878675144262,0.019183794960821746,0.03029327042489646,-0.006082785287828576
survivor_1122_basin_1140_nma_bh_candidate_2437_gencluster_400_conf_053256_implicit_min_hop_001_mode02_p1.35A_implicit_min,-0.020343010730177906,-0.023380686840673324,-0.044255475954918876,0.0027896680721630645,-0.020518876175318827,0.01724663615146901,-0.0004894704134043886,-0.008025763476800469,0.02825986106409814,-0.018825782439292036,0.02944066735544869,0.043577021030408766
survivor_1123_basin_1141_nma_bh_candidate_1168_gencluster_1168_conf_154905_implicit_min_hop_003_mode01_p0.75A_implicit_min,0.009856345480124507,0.048113326614385304,0.01295529778183664,-0.024393917038690843,-0.0248254255873557,-0.017316209905871727,0.022705161450966276,-0.002438427180472944,0.03255633116561298,0.018806882997290494,-0.021756995014467602,0.0005869937090271985
survivor_1124_basin_1142_nma_bh_candidate_2659_gencluster_710_conf_112081_implicit_min_hop_003_mode01_m0.75A_implicit_min,-0.01608844832079723,-0.03797581475373259,-0.0036223883346865517,-0.026176068596048742,0.039181191705072296,-0.01813537921804591,-0.012241394725092012,-0.0070561935706960335,0.020521463449067336,0.002294901171366787,-0.03745704508535716,-0.03033676492912117
survivor_1125_basin_1144_candidate_1889_gencluster_1889_conf_027356_implicit_min,0.0341434299183177,0.000982009464845602,0.008841086300710335,0.009614086420285552,0.010542475489723722,-0.0005701918228221613,0.029789426564419363,0.009212520662828185,-0.01340093327067537,-0.01577829580844765,-0.009043062846676267,-0.003623278361823792
survivor_1126_basin_1145_nma_bh_candidate_1138_gencluster_1138_conf_004095_implicit_min_hop_003_mode02_p0.75A_implicit_min,-0.006933699864344642,-0.01304477022940524,-0.04476954575247191,-0.018030151361997173,-0.012381108260196807,0.010810918720811209,-0.002062396269066465,0.004032649550402306,-0.0031202649316669972,-0.03663406980628093,0.0038590874460465202,0.033033536454458445
survivor_1127_basin_1146_candidate_2133_gencluster_025_conf_179388_implicit_min,-0.049147319372573835,-0.005244201117144862,-0.0023090847396170463,0.0028063185305598425,0.019378548533823186,0.00801298371038003,-0.03863446633316091,-0.034455636865235194,0.022023248899633356,0.009442674303314975,0.010601873947020635,0.018468820157461794
survivor_1128_basin_1147_candidate_685_gencluster_685_conf_043527_implicit_min,-0.02655014822019626,-0.00710853873219119,0.02258453796698065,-0.005465858092687357,-0.05410812999782365,0.02277524866523476,-0.01674037243490648,0.023138136100688378,0.025192167651674847,-0.03226578760526952,-0.039966075938916754,0.025782287834689832
survivor_1129_basin_1148_nma_bh_candidate_2420_gencluster_382_conf_082252_implicit_min_hop_001_mode01_m0.75A_implicit_min,0.039424713581630716,0.0006628209306999279,-0.011152506821047157,0.010949830504574171,0.024723913803708152,-0.018300604782360654,0.003983704320891724,-0.024482078956844584,-0.02465895141152472,0.0026158620522196106,-0.007776858105265963,-0.029226860022979032
survivor_112_basin_115_candidate_2598_gencluster_627_conf_150494_implicit_min,-0.007922167187792366,-0.001900367257155492,-0.016854373837099645,-0.0220680713547049,0.0009871523864144844,0.007770770017370286,-0.013812205792327193,-0.013922021383788022,0.03052505317743137,-0.03042958922206431,-0.016142895680617844,0.0040308068228878495
survivor_1130_basin_1149_explore_r03_hit_0070_conf_048771_implicit_min,0.00077010879393473,-0.00010480748020370976,0.05221226482071857,-0.01863015257135635,0.019391577626574466,-0.0057418107696395595,0.007541363353474001,-0.03471250051298833,0.007712117154919785,0.006624202370127601,0.023114690883138767,-0.004013847251566399
survivor_1131_basin_1150_nma_bh_candidate_694_gencluster_694_conf_053743_implicit_min_hop_001_mode01_m1.35A_implicit_min,-0.04508201870718424,-0.021756244474665766,-0.032831531645317935,0.0031973799351655004,-0.01772391565313193,-0.0005819038360774169,-0.0018357203550308865,0.03673899986389377,0.044942101936737464,0.01891135343810922,-0.006975729101491069,0.045903509446485885
survivor_1132_basin_1151_candidate_1985_gencluster_1985_conf_033084_implicit_min,-0.038247229365053544,-0.013267392556890243,-0.02465723725995583,-0.009765241859852069,-0.01996658263620168,0.01995777336845776,0.0013571613134698236,-0.020254727943378275,0.043266971860788275,-0.005041437306543132,0.03455394513122028,0.059522923144847396
survivor_1133_basin_1152_nma_bh_candidate_2364_gencluster_303_conf_151536_implicit_min_hop_002_mode01_p0.75A_implicit_min,-0.0159650345075832,0.0105524292025055,-0.010284716426494164,0.021804778022597626,0.01907815073975933,-0.00023577993054432395,-0.007807891201942316,0.03986433219900995,-0.012381212686342085,0.003937942697676744,0.028377010232356295,0.021721735664659108
survivor_1134_basin_1153_candidate_2380_gencluster_327_conf_174339_implicit_min,0.03497301127436942,0.016487879475340295,-0.03104260573015026,0.011288415742990682,-0.03067113329586488,-0.014539970561568352,-0.0007960940444639098,-0.017421970366954424,-0.030630181980213958,-0.03241784648860612,-0.017765961336473932,0.009537231176532358
survivor_1135_basin_1154_nma_bh_candidate_2517_gencluster_509_conf_118702_implicit_min_hop_000_mode02_p1.35A_implicit_min,-7.901707510088708e-05,0.009660155218695007,-0.021591392450510706,-0.018270574099602293,0.0362244860756227,-0.006565384732665565,-0.028519331822817278,-0.005801032417662546,-0.039620881467650894,0.000703916836717705,0.0015660611302394187,-0.009402703764182821
survivor_1136_basin_1155_nma_bh_candidate_781_gencluster_781_conf_154971_implicit_min_hop_001_mode02_m0.75A_implicit_min,-0.01694214236087053,-0.007804748887061843,-0.018123305604718892,-0.004332518053392171,-0.018087207332125904,-0.04908299404946885,0.0056739884551315,-0.0213619731779122,0.02172646337612124,0.00017562419619666477,0.0028958003705110273,0.05481219794253555
survivor_1137_basin_1156_nma_bh_candidate_2739_gencluster_819_conf_086560_implicit_min_hop_000_mode01_p1.35A_implicit_min,0.025118039487379666,-0.002424989175209122,0.007433249492346325,-0.024838673549286715,-0.009868897533016877,0.024142960084002015,-0.00814634977669869,-0.012600174197013234,-0.013548015725009499,-0.056161482985112685,0.013127287039050388,-0.017690691916595242
survivor_1138_basin_1157_nma_bh_candidate_781_gencluster_781_conf_154971_implicit_min_hop_000_mode02_p0.75A_implicit_min,-0.024418800582047012,-0.02106288955178314,-0.0475481265753796,0.0028907884464246907,-0.021461190001024345,-0.007221852990472329,-0.004618916218693191,-0.02115172528929109,0.028083594342211343,-0.014207211879900953,0.022096764046592166,0.04952536877015724
survivor_1139_basin_1158_nma_bh_candidate_659_gencluster_659_conf_039862_implicit_min_hop_003_mode02_m1.35A_implicit_min,0.020088190725456586,0.034462227188262584,-0.012671865737034747,-0.01808634469422692,-0.01198255803614932,-0.04387091043766563,0.021199711938231544,-0.009171707052254995,0.009282750682961569,0.016953885229869223,-0.02622948853017851,-0.010373502730905159
survivor_113_basin_116_nma_bh_candidate_1822_gencluster_1822_conf_005041_implicit_min_hop_001_mode02_m1.35A_implicit_min,-0.011732390391298149,-0.02903920682756292,0.02506906969330814,0.015387386351173524,0.014259257564008546,-0.03218421819080571,-0.0443939431184518,-0.016049061147755467,-0.023972443366102818,0.04927155211648188,-0.015714338964746468,-0.022323019034192114
survivor_1140_basin_1159_candidate_2842_gencluster_942_conf_079878_implicit_min,-0.033245620768280595,-0.0017980581583801507,-0.030449858752236016,-0.015402541064813837,-0.04319116748423201,-0.01822112415219875,-0.01564569130445362,0.01500373546359511,0.03644981893763586,-0.030312527383094066,0.0034919167830316815,0.032769140250110865
survivor_1141_basin_1160_candidate_2057_gencluster_2057_conf_037222_implicit_min,0.048598563009563764,-0.004639235812711198,-0.01965856804767748,0.015867133742907387,-0.017941042040014243,0.0002937285204167359,0.0067513120869173255,-0.009793261410347417,-0.04743799371334733,-0.03886300078572953,-0.010633365401399048,0.0026842379158500177
survivor_1142_basin_1161_nma_bh_candidate_1742_gencluster_1742_conf_052620_implicit_min_hop_000_mode02_p0.75A_implicit_min,0.044152637161490725,0.0061242465063345445,0.00808920252633461,-0.0015664346967849347,-0.0117034088562164,0.014517584612443315,0.012758485853278245,0.013294050288645515,-0.03879176272851315,-0.04988494022000631,0.013850414744338449,-0.0005021507265776692
survivor_1143_basin_1162_candidate_2256_gencluster_175_conf_117085_implicit_min,0.02521232895468378,-0.020408233947431603,0.03047674934658996,-0.018756898853057025,-0.01678549346884867,0.01917852844622339,0.02112282955409845,0.01016517697029153,-0.017297884610386758,-0.029796562046477054,-0.004599447863986201,-0.004050291962117775
survivor_1144_basin_1163_candidate_398_gencluster_398_conf_041320_implicit_min,-0.01550593711169027,0.01508755604789707,0.01736982114206864,0.06200475994990168,0.0053330076956438896,-0.03395684013743258,-0.017259043457491106,0.019249806442533397,-0.028354989331819656,0.00624846871495708,0.02213853574462201,0.02677076519896027
survivor_1145_basin_1164_candidate_1860_gencluster_1860_conf_004993_implicit_min,-0.035851597420232764,0.02159899956448868,-0.008657618411254779,-0.009483662053642398,0.014397535684151187,0.0159087460980507,-0.04751239216607241,0.040996144578598626,-0.0038934328339535183,0.020236684592811405,0.005404812499454665,-0.03388494347629258
survivor_1146_basin_1165_candidate_1683_gencluster_1683_conf_070387_implicit_min,0.009013839052532857,0.0014049846888924368,-0.011090564003641,0.038129387695185986,-0.010810026949594948,-0.05351035472360693,0.01236812396807301,0.019019133695317717,-0.008728954278387071,0.036538387655624185,-0.0012155720452736176,0.016763041938888616
survivor_1147_basin_1166_candidate_277_gencluster_277_conf_039444_implicit_min,-0.021081170302899205,0.02038923783955964,-0.019313022646148634,0.007414947458019356,-0.040797234446685295,0.009157587719408805,-0.001784230497106672,0.037623298692691536,0.02908100057915393,0.006775118560014105,0.034689552227602234,0.022500530269874426
survivor_1148_basin_1167_nma_bh_candidate_2967_gencluster_1102_conf_125121_implicit_min_hop_002_mode02_m0.75A_implicit_min,0.013998607569883035,0.01588669778063746,0.014637997756376161,0.01492460876467498,0.03762847405660008,-0.00042589700277055164,0.004990292216436469,0.00435890506419071,0.007956809493020127,0.01796616266262103,-0.0009323999580133913,-0.04910100343333438
survivor_1149_basin_1168_nma_bh_candidate_416_gencluster_416_conf_072635_implicit_min_hop_002_mode02_p0.75A_implicit_min,0.033368650191509745,0.008673021086517754,-0.0036720181530324855,-0.012887865787386373,0.039137983811162874,0.003640851433987904,0.019140858479806587,-0.018517450503370444,0.020335365470094523,0.006367304984275557,0.017111930686273823,-0.031224876689038304
survivor_114_basin_117_nma_bh_candidate_2918_gencluster_1033_conf_098844_implicit_min_hop_003_mode02_p1.35A_implicit_min,0.008068222318322384,-0.005236902773443364,-0.024844797014067745,0.029686497150348434,0.0024172797557556976,-0.014900922451241218,0.006941675738737949,0.048208573691413584,-0.007632252889616057,0.0041991114707925,-0.023213580158569145,0.007568568178472396
survivor_1150_basin_1169_nma_bh_candidate_631_gencluster_631_conf_003162_implicit_min_hop_003_mode02_p1.35A_implicit_min,0.022717053070384283,0.009358843420576614,0.0325255926098299,0.028959969364412322,0.0006592109110979827,0.023922105358533122,-0.004369078389043383,-0.024989721390838982,-0.03399078795775195,0.009761434071557891,0.0012501951083223298,-0.0017639156045788436
survivor_1151_basin_1170_candidate_1756_gencluster_1756_conf_050369_implicit_min,-0.04232197592748526,0.030745732529228433,-0.0096291080875749,0.017838111922661392,-0.005228175728871465,0.01760365950713433,-0.05093322848351867,0.03445996307247984,0.0011365227743908733,-0.003252330778440664,0.0017236680111456092,-0.01255541840387883
survivor_1152_basin_1171_candidate_1244_gencluster_1244_conf_102833_implicit_min,-0.03543151137856631,0.01775842223757203,0.03810352658980779,-0.008365801235551074,-0.01531331032094267,-0.02004283706690402,-0.05501510236918711,-0.012314473302305926,-0.004175007625162998,0.01903317882903929,-0.03198834460643861,0.006123072045624823
survivor_1153_basin_1172_nma_bh_candidate_2622_gencluster_663_conf_094041_implicit_min_hop_001_mode02_m0.75A_implicit_min,-0.016662827130914996,0.010458063234880789,0.021588916107169134,0.008239951856667649,-0.012436739116194577,0.0075241628955632295,-0.030467329578317128,0.03473974326381674,0.0026972996274810825,-0.003968443071136113,-0.03742583406477929,-0.0077988690394111175
survivor_1154_basin_1173_candidate_1235_gencluster_1235_conf_190605_implicit_min,-0.024522209868164606,-0.03196376242260754,0.023456157781717592,-0.010839539677626995,-0.014232485861355039,0.04680428571063266,-0.005297588463628625,0.03171352550164015,0.016309520925711654,0.014805531613004956,0.00849222965665085,-0.0025459103182205113
survivor_1155_basin_1174_candidate_154_gencluster_154_conf_067872_implicit_min,-0.04494863728040595,-0.003770037962840902,-0.014015722301886127,-0.015414136499569625,-0.051967072162164084,0.006195765168804676,-0.026043703638011943,0.01067035170432189,0.027670399467451083,-0.027926410464392162,-0.003167786317022068,0.030157573476739453
survivor_1156_basin_1175_candidate_027_gencluster_027_conf_004566_implicit_min,-0.0008249981131878453,-0.005794648855219567,-0.00798318278069087,0.04947778543079316,0.033594719212943824,-0.023538660444121604,0.006855968837039828,-0.01698551411784804,-0.03984358334451787,0.01681303227872091,0.03745239318687741,-0.0018715277390566336
survivor_1157_basin_1176_candidate_1262_gencluster_1262_conf_033008_implicit_min,0.016363672767774094,0.03355675112484658,0.02340978772851409,-0.011950213361991433,-0.017780537993473008,0.0011261544407692888,0.022856161684111365,-0.0027517762211663366,0.030148341185743246,0.027482603241964772,-0.0029933037785746784,-0.034500448677986226
survivor_1158_basin_1178_nma_bh_candidate_1187_gencluster_1187_conf_135333_implicit_min_hop_001_mode02_p0.75A_implicit_min,-0.018312356384269226,0.0024461221618993015,0.0014132296238739256,-0.018351813139684918,0.022322649053583842,-0.021553136026488093,-0.04089217750676559,-0.0006145551290840348,-0.022327941565805958,-0.004963196082072748,-0.042420440884990494,0.003256162291626943
survivor_1159_basin_1179_candidate_2572_gencluster_592_conf_078814_implicit_min,0.010852278845755138,-0.03628481920330336,0.037530359515088665,0.003643757983160207,0.02618020559591691,-0.016092832732143045,-0.001077810380317145,0.0019060989118461708,-0.02677095064573417,0.011175574825662995,-0.007948894390325159,-0.015476112182897196
survivor_115_basin_118_nma_bh_candidate_2792_gencluster_884_conf_057741_implicit_min_hop_000_mode02_m1.35A_implicit_min,0.019524492619327913,-0.033125383271254305,0.030981253293323963,-0.021422844703687983,-0.02333190478373451,0.005124589649418947,0.021732224247202996,0.01790223721663208,-0.0173283043821555,0.01909935630660073,-0.01135568270831298,-0.037658537339150776
survivor_1160_basin_1180_candidate_170_gencluster_170_conf_032022_implicit_min,0.006596793087748049,-5.7930377356340304e-05,-0.0167180104830625,0.060689891500972044,-0.00894469443590309,0.03024445914849297,0.020459624963190308,0.007791921089005437,-0.013324149958420487,0.016666501127656625,-0.0025099331020896876,0.040614504443490865
survivor_1161_basin_1181_nma_bh_candidate_231_gencluster_231_conf_058839_implicit_min_hop_002_mode02_p0.75A_implicit_min,0.012247783241880535,-0.016073824743049317,-0.019651041939788498,-0.002418107083778901,-0.022905881841040632,0.0020830433074573926,0.013150122408931172,0.018434171367197848,0.009673189144724655,-0.04185937968477496,-0.01295031062602224,-0.016260862228509924
survivor_1162_basin_1182_explore_r02_hit_0087_conf_033164_implicit_min,0.023734094865148297,0.01150333334128064,-0.026332083862874698,0.019068981302629132,-0.011348707669724558,-0.008612595178950553,0.030552741523423473,0.004535630904931085,-0.024417492368103113,-0.002716405613111725,0.009444022537308189,0.0038162738143122567
survivor_1163_basin_1183_candidate_2090_gencluster_2090_conf_012762_implicit_min,-0.05844602082547238,-0.006597253999737602,0.0014049196112483652,0.014970178606539826,0.005185527147946356,-0.014332790016746352,-0.06950131373465905,0.0018848755888470276,0.00467705101131366,0.01431733332363288,-0.02294283559999086,-0.009530736893447894
survivor_1164_basin_1184_candidate_372_gencluster_372_conf_106611_implicit_min,-0.027567818369276836,-0.0266724015264728,-0.01527259294500622,0.0135667498342433,0.015798694386449104,0.022021384898833495,0.013166344950178214,0.005334283267599042,-0.02930283237904177,0.004019947841282337,0.026594823962515494,0.005562050075717847
survivor_1165_basin_1185_nma_bh_candidate_1549_gencluster_1549_conf_001708_implicit_min_hop_003_mode02_m0.75A_implicit_min,0.033477047960617165,-0.011202355797595894,-0.026561543318851095,0.004141953715634504,-0.019975213939723176,0.0416522933523885,0.002935769542506302,0.008919688426977077,-0.02361855056913955,-0.05703039518430546,0.003468678622181266,-0.009806758096840546
survivor_1166_basin_1186_candidate_823_gencluster_823_conf_024379_implicit_min,-0.009007757648459876,0.03231761797154829,-0.0008349191670113734,-0.01725038663914288,-0.010971130623834324,0.03703434244349411,0.0035140525348356065,0.02868915657246404,0.034965641034334055,-0.013115729949996211,0.023309951427999263,-0.039452476185956355
survivor_1167_basin_1187_candidate_1591_gencluster_1591_conf_018064_implicit_min,-0.01931774986502002,-0.0054004578237849795,0.011922719648070344,0.022908284764138653,-0.0019232534823090362,0.014010100422817178,-0.023625668656986072,0.00351884523441061,0.0108414247073144,-0.03262993986815285,0.005881842907046216,0.020457809741099724
survivor_1168_basin_1188_nma_bh_candidate_720_gencluster_720_conf_069593_implicit_min_hop_002_mode02_m0.75A_implicit_min,-0.035364521573390435,-0.006501761920330674,0.018402049023852413,-0.027080060729506365,0.017055148757748332,0.017973015271943126,-0.053500553975415414,-0.004988904844868679,0.00937327636483827,-0.0196023051060064,-0.018918864824572012,0.006485016886568376
survivor_1169_basin_1189_candidate_437_gencluster_437_conf_005407_implicit_min,-0.03366800296087686,-0.006382549042776339,0.015666650110779806,-0.006678310651743246,0.04235066299065591,0.006410240842756662,-0.03853599072667066,-0.009200957981616782,0.006262796251922408,-0.00046861381359033545,0.031839913309344485,-0.018913687979480093
survivor_116_basin_119_candidate_2659_gencluster_710_conf_112081_implicit_min,-0.015772064489424746,-0.03116758658896194,0.0037272338862167835,-0.027586946799343978,0.03459945811434005,-0.02232287599072864,-0.01907670402862195,-0.008521189359609485,0.007780807349555513,-0.0014630647232820584,-0.026754324107245077,-0.036297939804560246
survivor_1170_basin_1190_nma_bh_candidate_2149_gencluster_045_conf_000812_implicit_min_hop_001_mode01_m1.35A_implicit_min,-0.014149703734730056,0.03424859982686683,0.010490604018389785,0.0295192602334335,-0.010870435370829837,-0.003331519593070421,0.004993158841617961,0.034637903288089314,0.0012672824315366651,0.01558739918597715,0.04268731232594325,0.02391140863051814
survivor_1171_basin_1191_nma_bh_candidate_375_gencluster_375_conf_010225_implicit_min_hop_001_mode02_p1.35A_implicit_min,0.03901078431228509,-0.05001514717787515,0.02138854795865343,-0.02289673779078941,-0.011236621372485427,-0.007231200388471645,0.02372025734496198,-0.007907589907494949,-0.031311585170270814,-0.0016129277448842208,-0.00854953447460768,-0.03019047914953256
survivor_1172_basin_1192_explore_r04_hit_0037_conf_021321_implicit_min,0.01120868056561302,0.032430129978193604,0.015502246450320913,-0.03959900236700233,-0.014439925042502971,-0.0067170472683808395,0.02116769500972308,0.005792200090187649,0.016810910407244507,0.026181622321667267,0.01431267515531146,-0.04595492589683001
survivor_1173_basin_1193_candidate_607_gencluster_607_conf_031322_implicit_min,0.005477386341255888,-0.013178944800779776,-0.04171164145600327,0.03593477661278917,-0.009644601021085053,-0.021282508446805688,0.014630382956559596,0.0014914717831100643,-0.015534989640296426,0.008984304741932382,0.03961597189110255,0.020651297787524326
survivor_1174_basin_1194_nma_bh_candidate_2167_gencluster_066_conf_172158_implicit_min_hop_002_mode02_p1.35A_implicit_min,-0.03895766209068208,0.02782226521439795,-0.0199063355287786,0.008304197476395778,0.0026539651024913157,0.025152982597525582,-0.039732654878273745,0.036979897940542225,0.0063473216881644885,0.005722110782875604,0.0026140739726095287,-0.004142678935237922
survivor_1175_basin_1195_candidate_1927_gencluster_1927_conf_050928_implicit_min,-0.03977738777491112,-0.012150572485679077,0.013880361414827978,-0.007221140932350846,-0.013544140370899587,-0.008114143244909704,-0.026655684590251534,0.059371582949108055,0.00912315614714921,0.030616565664413425,0.010484453817498992,0.003801741226641481
survivor_1176_basin_1196_nma_bh_candidate_2739_gencluster_819_conf_086560_implicit_min_hop_003_mode01_p1.35A_implicit_min,0.01563326469996806,0.008560520758965939,0.018527108448499575,-0.017947505651934967,-0.006922996195165481,0.031045743698995945,-0.008733633948785664,-0.0023610694600111636,-0.002134625965681898,-0.04654601312143603,0.0026914379928669094,-0.017530657529940367
survivor_1177_basin_1197_candidate_1864_gencluster_1864_conf_090950_implicit_min,-0.02687304857817805,-0.005579145833366494,0.02330150309837976,-0.031499677952843544,-0.02262668577922883,-0.020350272363309514,-0.0062322500460436836,-0.01995356078987519,0.023939962275044312,0.035608324311298505,0.017968847297533907,-0.013465077369338595
survivor_1178_basin_1198_nma_bh_candidate_2364_gencluster_303_conf_151536_implicit_min_hop_002_mode02_p0.75A_implicit_min,-0.015034599163357247,0.012123311177646206,-0.008212107115838528,0.021611429643518833,0.018564624221293766,-0.005026512237009256,-0.0044100192414688235,0.03230614825754172,-0.01871124789832885,0.0032473715498078175,0.024385241998589113,0.02026314783653486
survivor_1179_basin_1199_candidate_2437_gencluster_400_conf_053256_implicit_min,-0.019994750836272175,-0.03999220269673632,-0.05049935550378519,0.007058397280579345,-0.012943065401569686,0.019509653613880795,0.007181118440351664,-0.028712329849784,0.03766019205265249,-0.007565571512471153,0.02739060057817745,0.049374905029592735
survivor_117_basin_120_candidate_2056_gencluster_2056_conf_011667_implicit_min,0.040660857771687625,-0.009746082497131995,-0.0044077558830178,0.009165964666737142,-0.014453207130177495,0.03428932011213744,0.020753829806565493,-0.01323683496280416,-0.05276702305655253,-0.017363384824947505,0.015759593054381488,-0.0014433069840834177
survivor_1180_basin_1200_candidate_1504_gencluster_1504_conf_011082_implicit_min,0.05119166506815336,-0.007612470525513959,-0.015314579913487752,-0.007602596356991033,-0.000471206552136736,0.0016341205634030956,0.024964994010588205,-0.01994308386878644,-0.028076608723589514,-0.020896156103691364,0.004249875220469761,-0.00967112546908791
survivor_1181_basin_1201_nma_bh_candidate_2923_gencluster_1040_conf_172799_implicit_min_hop_002_mode01_p1.35A_implicit_min,0.03134237165518356,0.003532103989586097,0.008073348167384187,-0.013211619904395705,-0.03084727936022375,-0.011924410805188817,0.02475635289083687,-0.005231862913921586,-0.0024416304829361257,-0.004613311091446333,-0.03683419836070278,-0.015061943182769422
survivor_1182_basin_1202_nma_bh_candidate_706_gencluster_706_conf_010197_implicit_min_hop_000_mode01_m0.75A_implicit_min,0.002012495229527489,0.011944202419308195,-0.03198850880259617,0.018236932534690716,0.01652405548821114,-0.014726599926171905,0.008130554536096906,-0.014460984672710413,-0.0404055041063819,0.0015015959304064224,0.02293087739037284,0.013125878315169563
survivor_1183_basin_1203_candidate_995_gencluster_995_conf_073232_implicit_min,-0.00818425981756672,-0.010557766852404567,0.01315428440819522,-0.020043023319349415,0.02228651379974423,0.028691012694280826,-0.023302629554133283,0.014005739149159731,-0.007896375626001154,-0.013822471042631786,0.03728781491293379,-0.0416262853658402
survivor_1184_basin_1204_nma_bh_candidate_1742_gencluster_1742_conf_052620_implicit_min_hop_003_mode02_p1.35A_implicit_min,0.04323902214626415,0.00518898013433565,0.0041151994130050554,-0.005556442341460348,-0.008514512921882031,0.022010823658518787,0.0007641447120377077,0.019253761481645,-0.03363730537407228,-0.05123916860848059,0.018473824721724142,0.004263483789900189
survivor_1185_basin_1205_candidate_2472_gencluster_450_conf_157167_implicit_min,-0.06675608731840844,0.004577828871036478,0.002353883806000692,0.00077670000651724,-0.015578917919726893,0.0022336031670780556,-0.06968769278004283,0.004695213583250297,0.00805314385713747,0.0005605354990113088,-0.0210184272823104,-0.0005326841124237031
survivor_1186_basin_1206_candidate_884_gencluster_884_conf_001561_implicit_min,0.023035500295035,-0.015178025064377106,0.027152185785369282,0.004375098547771249,-0.025318058891628206,0.004206413553748004,0.024740941668872096,0.002136991768193599,0.003208197232988503,0.00868915692633304,-0.023438800578993512,-0.013756294440206745
survivor_1187_basin_1207_candidate_964_gencluster_964_conf_118641_implicit_min,-0.01400610653226933,-0.015957405606734528,-0.029583719793885858,0.009637191094891457,-0.051100849507713576,-0.04058274722235938,0.009892006550839091,0.0006809675938436067,0.005026878779732776,0.0038690698501693444,-0.019174517017454807,0.05022269741575129
survivor_1188_basin_1208_candidate_336_gencluster_336_conf_024892_implicit_min,-0.030257104497208195,-0.023024574313727175,0.006278425237207054,0.0059770454243361516,-0.02446881105442421,-0.059444923363269904,-0.015682467889684054,0.01861525778014174,-0.011845904087395179,0.055645315759199294,-0.02389631791983059,0.030438134320380388
survivor_1189_basin_1209_nma_bh_candidate_1742_gencluster_1742_conf_052620_implicit_min_hop_000_mode02_m0.75A_implicit_min,0.04311876944158231,0.002564693602991635,0.0040499182209980675,0.005603693742703267,-0.011746932710208722,0.020570470872612528,0.007300027030392828,0.017339128759679055,-0.03468324703121233,-0.050113158599772153,0.01988805105117391,0.009597387063416604
survivor_118_basin_121_nma_bh_candidate_2923_gencluster_1040_conf_172799_implicit_min_hop_000_mode02_p0.75A_implicit_min,0.03270753018752785,0.012756103701023234,0.004983022072118367,-0.01947009504884413,-0.009430559174112061,-0.034028744739939415,0.024120387271935974,-0.017619570324047394,-0.0008390891778907666,0.0026577555320277963,-0.03469806941626693,-0.014385436471677964
survivor_1190_basin_1210_nma_bh_candidate_2734_gencluster_813_conf_171932_implicit_min_hop_002_mode01_p1.35A_implicit_min,-0.02141633955733062,0.04602449813049984,0.015100676793462274,0.01153642833931888,-0.00022429754066435035,-0.005820218409261219,-0.02389572283166239,-0.033332532384049464,0.0021654659635206813,-0.002855869462394667,0.0254817336208979,0.0017563096566157916
survivor_1191_basin_1211_nma_bh_candidate_1533_gencluster_1533_conf_017890_implicit_min_hop_001_mode02_m1.35A_implicit_min,-0.021631401233692487,-0.025333841594380783,0.03544533635384742,0.008983711326294169,-0.04380935664097151,-0.007634656478419292,-0.029986342948301135,0.013023627627263258,-0.023475993198760585,0.0198389697016828,-0.0043841255680068586,-0.0035025817197351095
survivor_1192_basin_1212_candidate_2930_gencluster_1049_conf_105172_implicit_min,0.033859116371193265,0.022822724206418312,-0.018318825395235282,-0.0004066614776915014,0.018371052815202394,-0.022442193168289815,0.014036269609623545,-0.017234230113631267,-0.028081997373154064,-0.01623868958035654,0.01162378084851474,-0.010090875840953207
survivor_1193_basin_1213_nma_bh_candidate_1891_gencluster_1891_conf_036811_implicit_min_hop_003_mode02_p1.35A_implicit_min,0.02870519201233317,0.01681326735857258,-0.00025139326321269837,-0.01112749103859253,-0.007497944074350946,0.034457900255259986,0.012173486972580364,-0.016281351452566536,-0.025939736310847044,-0.043911452645236534,0.024335295269490756,-0.004597232858958435
survivor_1194_basin_1214_nma_bh_candidate_2867_gencluster_973_conf_126544_implicit_min_hop_000_mode02_p0.75A_implicit_min,0.028424302993528158,0.0056070769657107266,-0.030842549049379078,0.02874876273385667,-0.029307886261277193,0.022988858086685063,0.014882770789645805,0.016176858762362023,-0.04296313148717523,-0.03797530340608455,0.009433704020865423,0.004651061327264922
survivor_1195_basin_1215_explore_r05_hit_0045_conf_048767_implicit_min,-0.013723727907968008,-0.04484304294888764,0.0001744414206456844,-0.013827812442647311,-0.01499836132269403,0.024432861050762873,0.019383437646519473,0.01950437082185476,0.02772873191564024,0.009459408926827667,0.04514223986708292,-0.004224502391798703
survivor_1196_basin_1216_candidate_2613_gencluster_645_conf_166857_implicit_min,0.021021769870812432,-0.004643453640316607,-0.03750803008593929,-0.0074939433592852035,-0.0010878214807468233,0.04778264054657844,0.018439099256568083,-0.014301909911218597,-0.0020303530962559606,-0.03703371570403152,0.01944823347281615,-0.011321089754728612
survivor_1197_basin_1217_candidate_1031_gencluster_1031_conf_168055_implicit_min,0.005850573793264929,-0.03244743105999593,0.052806288225424734,-0.00549101224278067,0.030640939515092443,-0.021471891058152448,-0.017745608465497647,-0.03644330797198206,-0.009199700509459565,0.03401854531929203,-0.015821027562203185,-0.014331838389269649
survivor_1198_basin_1218_nma_bh_candidate_2989_gencluster_1124_conf_159390_implicit_min_hop_001_mode02_m1.35A_implicit_min,-0.007302861426820682,-0.005870665815667701,-0.01725217819996191,-0.01108691049221535,0.007577438251462081,0.017181990421528282,0.007190401635775748,-0.028136357173115946,0.01415661939356736,-0.010997864676054044,0.02886478775207135,0.005163666448575558
survivor_1199_basin_1219_candidate_2276_gencluster_196_conf_008892_implicit_min,-0.039063219014029864,0.0015480977740317406,0.03068030689013396,0.02165647978779301,0.027969594886038777,-0.02796249325330091,-0.019350952214944997,-0.06030208492359231,0.01223063003381091,0.015584591274477621,0.02111224584702261,0.034764296862577634
survivor_119_basin_122_candidate_1571_gencluster_1571_conf_037897_implicit_min,-0.0013773781681164512,-0.02077913130605202,0.022337184169296323,0.018299114552014578,0.016015240826743955,-0.014274086781859764,-0.010558696170825506,-0.01948596961406894,-0.0239752986817157,0.03956862674482073,0.015597269272717018,-0.013990546713337193
survivor_1200_basin_1220_candidate_192_gencluster_192_conf_051167_implicit_min,0.0003264259735804268,0.03370864869802153,-0.004423118617610736,-0.00951123383256485,0.010421794977113345,0.002699657995038766,-0.0016573218455440415,0.0345991964024783,0.008689225743796512,-0.015115531604378831,0.010075120591582293,-0.024500213947934876
survivor_1201_basin_1221_nma_bh_candidate_1888_gencluster_1888_conf_021802_implicit_min_hop_002_mode01_m1.35A_implicit_min,-0.033449790610126456,0.03574590416293779,-0.0345577702901361,-0.017475867284390652,-0.02634510277095019,-0.009259905447067463,-0.027961782213103758,0.008146782990736534,0.0339280314338682,-0.022461344874357678,0.019613703514612234,-0.000984601510163432
survivor_1202_basin_1222_candidate_936_gencluster_936_conf_019621_implicit_min,0.018985675587925518,0.009521881546157669,0.008516815675645294,0.022176740892524832,0.04114574520864912,-0.0024841422302251405,0.011523936495515369,-0.03217203601545346,-0.02321104871913295,0.001892843842561995,-0.005984238884907034,0.007270403486745895
survivor_1203_basin_1223_candidate_1994_gencluster_1994_conf_098889_implicit_min,-0.013298260379895063,0.0017473022507586524,0.0004061443088770452,-0.03903960657185824,-0.01973337234998158,-0.05383882206366185,-0.012463767525559935,-0.054701861192241505,0.030573731297339132,-0.0008539040513185908,-0.0286723638323046,0.013822740882586228
survivor_1204_basin_1224_candidate_1954_gencluster_1954_conf_028622_implicit_min,-0.04527402878966284,-0.0036622124089426274,-0.025432245220667445,-0.007988473897689538,-0.056133283990647605,-0.010778965835988481,-0.04271299262769634,0.01525597947674072,0.01361533927000274,-0.030405969613665255,-0.01251251951955969,0.02189945924295079
survivor_1205_basin_1225_nma_bh_candidate_1888_gencluster_1888_conf_021802_implicit_min_hop_000_mode01_m1.35A_implicit_min,-0.03123328425325844,0.022576512987936056,-0.04067487329438544,-0.011845561598224663,0.0022574852548476665,-0.004983781433235958,-0.021812072563400127,0.02668083619851672,0.031389601188375416,-0.006358483212334745,0.03417586177793629,0.003151010040107071
survivor_1206_basin_1226_explore_r01_hit_0097_conf_005590_implicit_min,0.04144323896139478,0.01622952552295191,-0.0015945901438727261,-0.026775117371367105,0.014503622923511341,0.005894453776482611,0.030489874559192758,-0.004496297953195892,0.0018609680185958373,-0.008287943743662124,0.01321656303345265,-0.03687616129042156
survivor_1207_basin_1227_nma_bh_candidate_2635_gencluster_682_conf_091883_implicit_min_hop_002_mode02_p0.75A_implicit_min,0.0287308712306497,-0.009369009085912018,-0.002577723620979871,-0.03593554035509086,0.05125539398325475,0.002405367025821515,0.023503039405850783,-0.01838515554630894,0.005691188335522194,-0.00024130520938677507,0.012060400529430535,-0.03281543578755927
survivor_1208_basin_1228_candidate_1378_gencluster_1378_conf_012414_implicit_min,0.0070363080789493685,0.003100939677597147,-0.04255272559807819,0.015706872780485038,-0.042359926699605095,0.02776237300728145,-0.0022655003077969842,0.040862665698645016,-0.01107147866424838,-0.03356416354699054,-0.019247741768807742,0.013613073023625133
survivor_1209_basin_1229_candidate_2464_gencluster_441_conf_131227_implicit_min,0.006838003591187142,0.009234000286313953,-0.006085935576852611,-0.00044503450839535573,-0.024875695163710174,-0.015684562938858185,0.014425487843771208,0.0031671294948101667,-0.010359126685584247,0.022424107578367384,0.0008862072295617683,-0.002075210261953605
survivor_120_basin_123_explore_r02_hit_0094_conf_001790_implicit_min,0.026164236981850303,0.02000796871994684,-0.010007078375975125,-0.037411965463751876,0.012740480462025293,-0.023069016273643547,0.031024015666045963,-0.0029497302467221768,0.023901188239046217,-0.005639581889152085,-0.006205323265850963,-0.03803107923496644
survivor_1210_basin_1230_candidate_1355_gencluster_1355_conf_002652_implicit_min,-0.011763982610405385,-0.010415622402034924,0.026771734401201803,0.019003011705233854,-0.007213529321171717,-0.02609273749194968,-0.02815706898721179,-0.011932158004726344,0.009429308285155615,-0.006747622117480163,-0.03999912687947891,-0.006956685940055482
survivor_1211_basin_1231_nma_bh_candidate_2420_gencluster_382_conf_082252_implicit_min_hop_001_mode02_p0.75A_implicit_min,0.04181700838093543,-0.0027517236658019893,-0.007737907078633856,0.009490213485145468,0.024273450160510468,-0.014350121491799326,0.0019181244030855268,-0.02251043527421837,-0.024406260402006653,0.004485423683316969,-0.0074082452460093725,-0.031653707157610164
survivor_1212_basin_1232_candidate_805_gencluster_805_conf_014331_implicit_min,-0.006879064179129704,0.013824036225795,0.011762072380997423,0.0011705039629177419,0.0443834194496844,0.017702227759791397,0.008805163591216476,0.0008055011470368527,-0.004689783481517555,0.03448273700146038,0.01610609371888383,-0.0442916260943975
survivor_1213_basin_1233_candidate_2718_gencluster_793_conf_050979_implicit_min,0.020155937273056444,0.0275549074760513,-0.016501918016395688,-0.0045821925143059855,-0.04398950981048121,-0.03696132920310449,0.016272472455517353,-0.005427277426342309,-0.027430848586035228,-0.008267004529932743,-0.03605905946773211,0.013954030665076979
survivor_1214_basin_1234_candidate_1311_gencluster_1311_conf_021812_implicit_min,-0.02300170797033169,-0.0002952830499947775,0.009300540781579008,-0.017368258789070244,-0.06116834448175695,-0.022952552001345546,-0.005197299709607481,-0.009321045516371843,0.014504863821555199,0.00537866412111076,-0.012783304171676134,0.049540210141286845
survivor_1215_basin_1235_candidate_645_gencluster_645_conf_008973_implicit_min,0.02646894187370466,-0.016134569436357833,-0.038693247587394355,-0.00679633823578562,0.011082266710345904,0.0483223890433639,0.025194732337051887,-0.009174815739707881,-0.013728268932371713,-0.016521111903334815,0.031715137582986344,-0.004885106467873327
survivor_1216_basin_1236_nma_bh_candidate_706_gencluster_706_conf_010197_implicit_min_hop_000_mode02_m1.35A_implicit_min,0.004792510590669958,0.016820353976591318,-0.03660963543286346,0.008784871888698595,0.006122096593189481,-0.012917160248996841,0.008035907994625162,-0.008013380275560618,-0.044738054999905665,-0.002837829785887251,0.01372041527976906,0.019672046300195485
survivor_1217_basin_1237_explore_r01_hit_0034_conf_043458_implicit_min,-0.022309960780165925,-0.037210970210553015,-0.014634193424063137,0.01873502520139231,0.012173332999315889,0.0009951844208609644,0.01601863641635364,0.026717224563514594,0.01625444895007521,0.03515042560185366,0.03926101210832915,0.01287999683464805
survivor_1218_basin_1238_nma_bh_candidate_2918_gencluster_1033_conf_098844_implicit_min_hop_001_mode02_m1.35A_implicit_min,0.016059110441531334,-0.014417218955189966,-0.012418398122715713,0.032953437095623275,-0.004688377862719561,0.011691386235528541,-0.0023585531525814776,0.052445112383101664,-0.016717924153317097,0.001862086345489959,-0.007923002425224254,0.002064367252059655
survivor_1219_basin_1239_candidate_2183_gencluster_086_conf_121063_implicit_min,-0.021650062317573982,-0.01166692753275821,0.041680147789540725,-0.01279615995571367,0.02443876537595447,-0.013500716627701099,-0.023041057875493594,-0.004085821939629847,-0.01754231418855973,0.019227165913423327,0.015985203166588295,-0.0031746611696250467
survivor_121_basin_124_nma_bh_candidate_1908_gencluster_1908_conf_138911_implicit_min_hop_003_mode01_m1.35A_implicit_min,-0.03553982574192716,0.021273661874618106,-0.02633523436859782,0.010189935040937105,0.022564869592872062,0.010957993944950997,-0.02347155647268005,-0.023024130782206397,0.010954024675163652,0.014891619483664133,0.058366961757051056,0.023118134209728063
survivor_1220_basin_1240_candidate_1566_gencluster_1566_conf_004167_implicit_min,-0.04848339696472938,-0.009120633387399423,-0.0001711838254896071,0.012317970362957306,-0.01912614956271527,0.016996456656095768,-0.04911976499582996,0.03091263282482728,0.013432612029778192,-0.0007822422135223108,-0.01623865845445226,0.01846947242238588
survivor_1221_basin_1241_nma_bh_candidate_2420_gencluster_382_conf_082252_implicit_min_hop_001_mode02_p1.35A_implicit_min,0.042906222792189676,-0.002157888282370802,-0.007992873150004985,0.0033320366289794705,0.027511330353970718,-0.012925195921799415,0.001907553310838368,-0.021413198794812485,-0.024365039937351236,0.004482746897311479,-0.006586431490678066,-0.028363287718177026
survivor_1222_basin_1242_nma_bh_candidate_1891_gencluster_1891_conf_036811_implicit_min_hop_002_mode01_p0.75A_implicit_min,0.04564958409583512,0.0034240037322676325,0.0034488194938466915,-6.742939645890079e-05,-0.010465909710531166,0.030756924112964535,0.011475252758181407,-0.016150458068533234,-0.04930959788404226,-0.027658680345251725,0.009360772554539744,-0.009704538864557926
survivor_1223_basin_1244_nma_bh_candidate_1920_gencluster_1920_conf_068917_implicit_min_hop_000_mode02_m0.75A_implicit_min,0.025253583553713488,-0.03534734524062326,0.009163723077631036,-0.010038456279666005,-0.028704576911146387,-0.032864019334879,0.03466139898167552,0.0037555423481975873,0.00563407126208389,0.015648662861379618,-0.05122699752498526,-0.0023530319606058525
survivor_1224_basin_1245_candidate_1772_gencluster_1772_conf_087702_implicit_min,-0.004770083787380612,-0.0026903512606982084,0.00020956518505963956,0.05334044910516205,0.0048653616118643165,-0.025243487360842285,0.008607732555650064,-0.005278249362301777,-0.03650315719061784,0.037120892817660026,0.004503951195670872,0.036229924347186755
survivor_1225_basin_1246_candidate_2297_gencluster_222_conf_194295_implicit_min,-0.012840760309529863,-0.01242119541833193,-0.01283352507577771,-0.005144908492264995,-0.0005424708598971123,0.009661866766605885,-0.002985479027818728,0.003934475679106607,0.01945270111841099,-0.03835208656026062,-0.016333389683899465,0.03586721319702175
survivor_1226_basin_1247_nma_bh_candidate_2548_gencluster_554_conf_187437_implicit_min_hop_003_mode01_p0.75A_implicit_min,-0.03937455778412056,-0.017660812300051024,-0.013919787000754243,-0.005567453277591024,0.006079833147096404,0.0059885140672323225,-0.02330614185762089,0.049374863207869574,0.004904267352886953,0.03875492751412327,0.00434093938766324,-0.004735803559687643
survivor_1227_basin_1248_nma_bh_candidate_1992_gencluster_1992_conf_005930_implicit_min_hop_000_mode01_m1.35A_implicit_min,0.012605417196183863,0.022711210855992644,-0.014611841820405055,-0.00969420149586677,-0.0011165521532431946,0.033515117429754465,0.010096054578866281,-0.03030345720229478,-0.03312212788397052,-0.00696530255977699,0.013139649053995674,0.032032731022929826
survivor_1228_basin_1249_candidate_2229_gencluster_144_conf_184708_implicit_min,0.0006333177189952849,-0.038173250505631875,-0.020363268092762603,-0.003504571572654226,0.0065739382782265265,0.008863206262917854,-0.0012988162805258358,-0.009481887615406312,0.00021369677844057324,-0.023969470073292105,0.030026801460678012,-0.005167853349270949
survivor_1229_basin_1250_nma_bh_candidate_1558_gencluster_1558_conf_198584_implicit_min_hop_002_mode01_p0.75A_implicit_min,-0.017838880582518833,0.0036178258458537194,0.018799666112022512,0.0023548929040509933,0.01041414581494418,0.018040042311561352,-0.0017609911725360564,-0.004385045091706755,0.053571461710120394,-0.020733375236230842,0.004420762239511451,-0.02724765960210614
survivor_122_basin_125_candidate_399_gencluster_399_conf_040161_implicit_min,-0.009644343614695038,0.017336974444147512,0.000811680124191862,0.022059869073960323,0.021396192484091265,0.03736474517710287,0.00843682877172923,-0.012558100537528809,0.006994253469896839,-0.02059176206145128,0.001745046382663893,0.01777369181746958
survivor_1230_basin_1251_nma_bh_candidate_2663_gencluster_717_conf_014249_implicit_min_hop_002_mode02_p1.35A_implicit_min,0.005229928396965051,0.021785129646291448,-0.04424410639833682,-0.019119485630119414,-0.017598261521649644,0.0273613353889203,0.022924672545458255,0.0004068301077938643,0.014381295610028077,-0.042161335972030936,0.008696691812898769,-0.0007906217199013367
survivor_1231_basin_1252_candidate_1923_gencluster_1923_conf_074295_implicit_min,-0.018575455234602266,-0.00035960894405171254,0.00236890670809706,-0.0044073572161592595,-0.007111743579127009,-0.03663833888018427,-0.05008022238086682,-0.03172656031037545,-0.006358723798293857,0.0007045038754684243,-0.024897106085570716,-0.0037037392004545034
survivor_1232_basin_1253_nma_bh_candidate_2492_gencluster_473_conf_171315_implicit_min_hop_002_mode01_m0.75A_implicit_min,0.04425554110008417,0.009173971281431208,-0.002881776695800472,0.010180377359504833,-0.02282176796731431,0.030818112911463396,0.00709198229333626,-0.015293579631911374,-0.04133101630714061,-0.041445066070351665,-0.004255905461976429,0.0022791325640657994
survivor_1233_basin_1254_nma_bh_candidate_1992_gencluster_1992_conf_005930_implicit_min_hop_003_mode02_p0.75A_implicit_min,0.03341113045283785,-0.0005475533751751193,-0.00688397656998667,-0.005236353181803614,0.012768336988866655,0.01603572680231142,0.015622870590550087,-0.024432942257260157,-0.042989257180700326,-0.007803696167170464,0.012032272218252779,0.006548487122653813
survivor_1234_basin_1255_candidate_843_gencluster_843_conf_041105_implicit_min,-0.0179849330828888,-0.024701566846953387,-0.03616496522358779,-0.008387704204028715,-0.028239303656596146,-0.034116361542371826,-0.027287589230210373,0.009172280705163061,-0.004710824364791753,-0.027050526244326287,-0.025644208961796304,0.023799466020729066
survivor_1235_basin_1256_nma_bh_candidate_659_gencluster_659_conf_039862_implicit_min_hop_002_mode02_m1.35A_implicit_min,0.006175626642218876,0.02966123069323758,-0.014995516479249505,-0.008544371499790813,-0.018438476946950045,-0.025292698308464187,0.009617083151124634,-0.008598169733158273,-0.005892475972066193,0.02096232746131558,-0.021284668454533733,-0.0037235936414579136
survivor_1236_basin_1257_nma_bh_candidate_1714_gencluster_1714_conf_011260_implicit_min_hop_003_mode02_p0.75A_implicit_min,0.03362668045651015,0.025750424690363965,0.004042376369512932,-0.017978267132617107,0.011314321070368168,0.023241999793615298,0.01504560700509454,-0.005258143450125408,-0.020304422934413986,-0.022905112243622256,0.011006169176689786,-0.03929174759837686
survivor_1237_basin_1258_explore_r03_hit_0051_conf_003110_implicit_min,-0.01145360745238017,-0.011372533202288702,0.028823413425549133,0.02794976930708914,0.013400909641177928,-0.016973920973152954,0.00530161993030584,-0.05056670232347417,0.01025504352957817,0.02899595740863168,-0.028695458365290992,0.026816979134408513
survivor_1238_basin_1259_candidate_1471_gencluster_1471_conf_023499_implicit_min,0.0035339287471874235,0.028896102860178123,0.018691261530138493,-0.022783808681418962,1.8737087599518322e-06,0.004239375507746468,-0.00024137825812947747,-0.012606564274293908,0.004714198781256431,-0.01139003284706673,0.008076327931735964,-0.02236399744429155
survivor_1239_basin_1260_nma_bh_candidate_1168_gencluster_1168_conf_154905_implicit_min_hop_000_mode01_p0.75A_implicit_min,0.01190259117810308,0.050745335833422736,0.018778757997120303,-0.019148814082487874,-0.02222952954389974,-0.019850511375229047,0.02282792743089204,0.001857205064844964,0.040326179408628246,0.01513915913547841,-0.01891344766566857,0.0005715823781431395
survivor_123_basin_126_bh_candidate_1614_gencluster_1614_conf_058900_implicit_min_hop_001,0.04144687595582727,-0.009744474732215081,0.002794957759532664,0.02813063419098375,0.0010872966357003831,0.003076822131651751,0.022998241928884788,0.0011894374055386114,-0.038043631956083124,0.011164628686686122,-0.014795331492771058,0.030644412607697714
survivor_1240_basin_1261_candidate_1470_gencluster_1470_conf_016785_implicit_min,-0.006602367693936563,-0.006597099140477855,0.004983860750264305,0.01338159441447174,0.01635834018190046,-0.001724632669577141,-0.03244831191478509,-0.015030728188131101,-0.008013811154040313,-0.020936312509655747,-0.02880352400366754,0.0003184891172879388
survivor_1241_basin_1262_nma_bh_candidate_1742_gencluster_1742_conf_052620_implicit_min_hop_003_mode01_m1.35A_implicit_min,0.0321406352266398,0.011662319522629387,0.010386868340067459,-0.013194752180020513,-0.013482716620926202,0.030074582370172527,0.003168655853960472,0.01394195149267363,-0.03732019489222191,-0.05487667561960748,0.010663581563313412,-0.005151519779606524
survivor_1242_basin_1263_nma_bh_candidate_720_gencluster_720_conf_069593_implicit_min_hop_003_mode01_p0.75A_implicit_min,-0.03221320877635213,-0.01892414663469802,-0.015309578952939152,0.01893299047991688,0.028840449062899842,0.011007632321705365,-0.05194788374003633,-0.014246814954597085,0.0018508075410711118,0.007567611018900316,-0.0051565734869197,0.002109858637587546
survivor_1243_basin_1264_nma_bh_candidate_2792_gencluster_884_conf_057741_implicit_min_hop_000_mode01_p1.35A_implicit_min,0.01481326664311805,-0.007496227186514396,0.0058625485290955785,-0.011688610426667889,-0.02757632994067974,0.012134445214645437,0.02376177363894737,0.02288502010271527,-0.015291176081174923,0.014120443201231575,-0.010952546562457323,-0.03592628621208079
survivor_1244_basin_1265_explore_r01_hit_0006_conf_044806_implicit_min,0.009262330661016824,-0.018776937098943947,-0.016964024269644384,-0.009141538348603876,0.006736476695363244,0.005344554590384398,0.023011380238444977,0.016015038070294165,0.0010750299641793344,-0.00624997553302508,0.01489858298982088,-0.007991285908273858
survivor_1245_basin_1266_nma_bh_candidate_982_gencluster_982_conf_053435_implicit_min_hop_000_mode02_p1.35A_implicit_min,-0.0066104594416471615,0.02195874775838497,0.021311110821388583,-0.00209096091485133,0.03140406368769404,-0.01930894445253049,-0.0028488565699126968,0.026236072355380623,-0.01762293758644232,0.05883385801080551,-0.007465240660910884,0.017615206875568726
survivor_1246_basin_1267_nma_bh_candidate_1632_gencluster_1632_conf_108386_implicit_min_hop_003_mode02_p1.35A_implicit_min,-0.014237896849863294,0.007213531710806493,0.01116553754125293,-0.024216831394971258,0.008330907588529647,-0.018841646117392058,0.0030556758684123064,-0.0016540987649168988,0.027311467757296495,-0.034042987654223436,-0.004864237355774706,-0.03968667319788587
survivor_1247_basin_1268_nma_bh_candidate_2989_gencluster_1124_conf_159390_implicit_min_hop_001_mode02_p0.75A_implicit_min,-0.017583452938752873,-0.01077091235066958,-0.02103409437701257,-0.004291797371797255,-0.006700808356162528,0.011825311595165214,0.000865247757579174,-0.027051318935418775,0.02196971698945277,-0.01351206499433721,0.02902729326274217,0.02880524210291343
survivor_1248_basin_1269_nma_bh_candidate_541_gencluster_541_conf_145579_implicit_min_hop_002_mode01_m0.75A_implicit_min,-0.01782400100559841,0.029141251111023357,-0.015388327197129119,0.02002600268590703,0.03056438198399334,0.007245721704242903,0.0014412145742591159,-0.008269623722324341,0.017444300224855998,0.04000410849350929,0.025246519678372055,0.01969136949702985
survivor_1249_basin_1270_candidate_1105_gencluster_1105_conf_116483_implicit_min,-0.03599040769707011,-0.030260839898173016,0.014565080385496096,0.019298608022446144,0.005093539211110288,0.012020764439992771,-0.008496569870722826,0.003226928966560015,0.0014272812144652748,0.039886559254198935,0.01893227792982593,0.014260109814075125
survivor_124_basin_127_nma_bh_candidate_2190_gencluster_093_conf_183542_implicit_min_hop_003_mode02_m1.35A_implicit_min,0.03345311327427021,0.013215783856349465,0.009050177565010375,-0.019917023923996736,-0.005924744483130287,-0.03087726579212293,0.029640953740121097,-0.011663794828976644,0.017380105733866443,0.015798597996255093,-0.043274895478632294,-0.03243420620035375
survivor_1250_basin_1271_candidate_672_gencluster_672_conf_077951_implicit_min,-0.007798399766001514,-0.024397205133186137,-0.03416018393607991,-0.006650360424113947,-0.04106882554349266,-0.009684708204892485,0.0029785753344705084,0.0012491725478422258,0.04149958364997272,-0.0030334841030496113,-0.009050909146169224,0.026629495857279667
survivor_1251_basin_1272_candidate_2782_gencluster_871_conf_059842_implicit_min,-0.006623214070819688,-0.005657854192289948,-0.006375109534299755,0.044745838928082024,0.0032531881915551803,-0.046624056455784324,-0.011026391201258529,-0.0058080443373322325,-0.028463834074675676,0.0296255534255502,-0.0013993158126395617,0.03863093088747642
survivor_1252_basin_1273_candidate_2982_gencluster_1117_conf_100675_implicit_min,0.015804490059537584,-0.031370557349321884,0.020469110099072825,0.039304827293006925,-0.0059098925617779,-0.02613534659503642,0.01797131502368684,-0.014059753953315228,-0.0008973557877478022,0.026019710824319187,-0.0289180215068001,0.04697321756134106
survivor_1253_basin_1274_candidate_748_gencluster_748_conf_003244_implicit_min,-0.014681791603494143,-0.024523123032831672,0.010643036196243757,0.016007650834787453,0.014974210482056593,-0.0033460429419154844,-0.03819166729826782,0.01101906133693823,-0.02074779223086476,0.007911230561951022,0.01676109669819658,-0.015470974319841131
survivor_1254_basin_1275_explore_r01_hit_0093_conf_005560_implicit_min,0.023741911082223448,-0.037570647934267024,-0.002890017501291421,0.0002779055144496928,-0.013316092925929529,0.014959820503973322,0.034408077529795716,0.007364992826688479,-0.0010184429102365353,-0.011203209178389944,-0.01652055408894326,-0.005928059840481068
survivor_1255_basin_1276_nma_bh_candidate_858_gencluster_858_conf_004120_implicit_min_hop_000_mode02_p1.35A_implicit_min,-0.011016225781873721,0.0298818707538917,0.017942795324600996,-0.008544426492071364,0.05179740238808786,0.003138609465435968,-0.0007112107934726589,0.021573569465652892,-0.019190461114461037,0.00038104939106225447,0.05232067549415531,-0.03329319267258731
survivor_1256_basin_1277_candidate_391_gencluster_391_conf_003131_implicit_min,0.0023239320526521577,-0.02995547386139556,0.011571658849830796,-0.020900387676227185,-0.012780317071456023,-0.005174660276513309,-0.009152335384513094,0.014529519554311128,-0.026689626700240783,-0.016254224509668284,-0.005878122709691827,-0.016174608970783624
survivor_1257_basin_1278_candidate_1690_gencluster_1690_conf_035958_implicit_min,0.03571930463042376,-0.024283629804088096,-0.019447603973931096,0.011205036126093667,-0.008943944750486826,0.038154044429970245,0.016630636015230685,-0.000508894744731335,-0.025163360950546082,-0.038236679921607605,0.002903617631045069,-0.00913360365858936
survivor_1258_basin_1279_candidate_1172_gencluster_1172_conf_006078_implicit_min,0.004500084186413042,-0.020915355813873965,-0.007002647793394957,0.02909997949165588,-0.003870486080972786,-0.004648589229048461,-0.020935454792821367,0.021745920397160712,-0.010901946548309642,-0.02358606701494391,-0.02028154213938379,0.004810823995968652
survivor_1259_basin_1280_candidate_751_gencluster_751_conf_067135_implicit_min,0.0066843163243955625,-0.016726996172942297,0.020610450351258087,-0.05323795366247909,0.011263605710705121,-0.007268843190135809,0.012248690587363486,0.016485936072356235,0.016094872313209756,-0.008707515614258022,-0.027106845847998325,-0.01630762264593531
survivor_125_basin_128_nma_bh_candidate_1282_gencluster_1282_conf_013249_implicit_min_hop_003_mode01_m0.75A_implicit_min,0.019870011150359943,-0.018557151336544047,0.02461632693714556,0.036128361375493856,0.0005846418386308077,0.011450363060915016,0.008227290299281905,-0.01754796436117176,-0.008153766187996382,0.009273296343327615,-0.022709594093838794,0.01571199224025391
survivor_1260_basin_1281_nma_bh_candidate_1154_gencluster_1154_conf_003210_implicit_min_hop_003_mode02_p1.35A_implicit_min,-0.007315668318638543,-0.04073148494009018,0.03907394001246984,0.011132850556362343,-0.005649818361559315,0.02567834248607906,0.012061528484176081,0.04690053954838383,0.005412206646627939,0.011897593488098194,0.010760358415229165,-0.003652132598501001
survivor_1261_basin_1282_candidate_2453_gencluster_422_conf_008260_implicit_min,-0.05391319011855139,-0.0034707598106376476,0.011019120315102895,0.012216923624531811,0.02197049375480412,0.012640230744698354,-0.03984332900527809,-0.03444079533494831,0.023403234434512088,-0.0038775070778289144,0.018968089081654118,0.0202303453131105
survivor_1262_basin_1283_nma_bh_candidate_2437_gencluster_400_conf_053256_implicit_min_hop_002_mode01_m0.75A_implicit_min,-0.027636882427926876,-0.021219945888407726,-0.055476133131245484,0.00038381985691462485,-0.019263795813636783,0.022410761433786654,0.0066156878527953485,-0.018481607126792848,0.028195947251602814,-0.006533252904261457,0.025510153435096734,0.05555823368963033
survivor_1263_basin_1284_nma_bh_candidate_2663_gencluster_717_conf_014249_implicit_min_hop_001_mode01_m0.75A_implicit_min,0.005074010573017576,0.023880093601805152,-0.039256219095305196,-0.014240036571452275,-0.011304475230566298,0.02908405666830848,0.024343553343480376,-0.00642990356260175,0.02105028059589298,-0.03616583230423578,0.0021511116166528094,-0.009720428848604457
survivor_1264_basin_1285_candidate_1051_gencluster_1051_conf_017101_implicit_min,-0.009309836106140869,-0.02907637768304229,0.024700903266932764,-0.020051673020341165,-0.013464663275323788,-0.006673361357373709,0.013891389540248517,-0.01866989281552872,-0.003789904340257888,0.01551717731486685,0.03326051946152792,0.020209628394733337
survivor_1265_basin_1286_nma_bh_candidate_541_gencluster_541_conf_145579_implicit_min_hop_001_mode02_m0.75A_implicit_min,-0.02249600507635887,0.023157101476815642,-0.017073566454182648,0.024418419269958094,0.016942149442928486,0.007912460926550666,0.0009928873917199317,-0.023425758599659265,0.03865655612629074,0.02238057871458256,0.024828259053055374,0.022226649051431818
survivor_1266_basin_1287_candidate_2997_gencluster_1133_conf_109196_implicit_min,0.03130329711936403,-0.03576380027354695,0.021054777326850453,-0.008848081457014188,-0.028562862541029438,-0.02506096458090371,0.02843504077174361,0.0007929735514617537,-0.021176719215562457,0.015448716549276199,-0.048447471668375874,-0.019674005607553207
survivor_1267_basin_1288_candidate_571_gencluster_571_conf_180593_implicit_min,-0.003812989880185103,0.0011052090891683012,-0.004450986635250469,-0.028228899250734848,0.03674323313075439,0.01986414778354981,0.01419102655006555,-0.012269654759346492,-0.007495731400899482,0.0009810464679859163,-0.046979277047913125,-0.01946796965031492
survivor_1268_basin_1289_candidate_2803_gencluster_895_conf_179847_implicit_min,0.013208065308710987,-0.01801790431318939,-0.010196391837184368,-0.027742243509230033,-0.01111052403717412,-0.0084060130507627,0.0017435086425255722,0.013697232855543662,-0.031439738806835975,-0.02597686566402012,-0.017898425104865497,-0.008120544176595638
survivor_1269_basin_1290_candidate_1398_gencluster_1398_conf_003735_implicit_min,0.012267201555261797,0.023687176593492898,0.022888701151654308,0.014206307602342953,0.0034156829052602025,-0.0060994223887171645,-0.02072814626784168,0.01743079819578924,-0.025802067472210363,-0.02279331238256156,-0.002715293475404563,-0.009849253610392026
survivor_126_basin_129_candidate_2628_gencluster_670_conf_036334_implicit_min,0.00025269941753312174,-0.01852643220862969,0.055236506789078314,-0.016030267456595682,-0.04496748279033001,0.013376675585099813,0.021972596894130666,0.013315880358011798,0.010331610925161678,0.015697855446520248,-0.03071200578178998,-0.010618196832765908
survivor_1270_basin_1291_candidate_1762_gencluster_1762_conf_029752_implicit_min,0.011389785800762867,0.029024613674327186,-0.00946934539349938,0.0073688618743392885,-0.012706676725893588,0.0206399981149334,0.016696570851197294,0.016350048646614986,-0.03892919909139642,-0.00559219133476904,0.020347521393476203,0.02318555180798866
survivor_1271_basin_1292_candidate_619_gencluster_619_conf_182116_implicit_min,-0.028143439139621303,-0.0181642072144509,0.037824397883565154,0.0033639353803433863,0.022985811779832242,-0.0009066621619631208,-0.035425653714918764,-0.037167741076435765,-0.01633422962055454,0.03281114990185595,0.012277802958481278,-0.010402399046946764
survivor_1272_basin_1293_candidate_040_gencluster_040_conf_172761_implicit_min,0.022126342518804912,-0.017627916224858885,0.004761244234485573,0.008772481190869007,-0.019694860255780457,-0.003224944502372265,0.023733304868879108,-0.013483221985949926,-0.023778058941065543,0.006786067422528984,-0.022170655775364794,-0.006112398197785835
survivor_1273_basin_1294_candidate_2310_gencluster_237_conf_098096_implicit_min,0.017425790065448248,0.014240718711345801,0.008804515697517909,0.02675283356241508,0.04824886110596835,-0.02614035736949272,0.011079261933666826,-0.0015799831423652822,-0.019598873526717436,-0.0019310003254370634,0.027643224582636076,-0.033115633651582606
survivor_1274_basin_1295_nma_bh_candidate_1139_gencluster_1139_conf_053753_implicit_min_hop_003_mode01_p0.75A_implicit_min,2.882922406381426e-05,-0.01752602622271846,-0.013151638407226923,0.011580999477963046,0.012048778319315787,-0.020588937330934493,-0.016648617563199315,-0.03484129584432252,-0.006888675024795148,-0.009180695253799963,-0.028559773565624044,0.022619864137409303
survivor_1275_basin_1296_candidate_127_gencluster_127_conf_023003_implicit_min,0.012070534727701433,0.015290144259895949,-0.028478046937689357,-0.005607746811251559,-0.006900057939242604,-0.005860711430760516,0.012073018018292065,0.02364715049447633,0.031086890443636682,-0.009229465452627721,-0.016133551307194433,-0.015016951859470348
survivor_1276_basin_1297_candidate_2926_gencluster_1044_conf_024603_implicit_min,0.0022945401379214,-0.04053079484013572,-0.015204501626816792,0.012381522528581596,-0.01158948611060361,-0.03652023225425329,0.013786753957916942,0.022412224169571504,-0.01681874711342803,0.003013324571310627,0.024224474743224037,-0.0041454328008581065
survivor_1277_basin_1298_candidate_1256_gencluster_1256_conf_010934_implicit_min,-0.0110653959990767,-0.03225718073547282,-0.003134990996801886,-0.03773086101271859,0.014979604851608186,-0.025177636046554673,-0.0417694671029867,-0.003026541924357596,-0.008410396139192925,-0.005203160825180759,-0.0006569554717697444,-0.04372126255014334
survivor_1278_basin_1299_candidate_686_gencluster_686_conf_085478_implicit_min,-0.00506294947966761,-0.04420864223076576,-0.016226307134050426,-0.0039018910597830793,-0.00714480356619355,-0.020545523935073126,-0.011868712016361796,0.008474087702875667,0.022954314666835243,0.008188484702008924,0.01874257073399238,-0.003582337141984323
survivor_1279_basin_1300_candidate_2282_gencluster_202_conf_199487_implicit_min,0.029792411941817927,-0.004623460037857421,-0.033191902849059506,-0.00021420809174997496,0.004633599789512713,-0.01593737754129787,0.014380718126549499,0.020049873132124453,-0.042202147255665484,-0.01181221092173009,0.026189099218084076,9.331093144579766e-05
survivor_127_basin_130_candidate_2225_gencluster_138_conf_078321_implicit_min,-0.012740403393836598,-0.014234989372667631,-0.010883610752359501,-0.009554739279446325,0.0012831468568160428,-0.01455365310512361,-0.03593257600025657,0.012372938042009693,0.020878708949904227,-0.024195847518993494,-0.034705824417248204,0.0025592501821712316
survivor_1280_basin_1301_candidate_2521_gencluster_514_conf_091316_implicit_min,-0.010931032582215878,0.013418000922706239,-0.017114573553404896,0.020748827306266687,0.007842403714186496,-0.03200033296779382,-0.026314350487422183,0.023569387935750426,-0.026325092339018804,0.017190584039690097,-0.014364985980775827,0.013799974444910745
survivor_1281_basin_1302_nma_bh_candidate_694_gencluster_694_conf_053743_implicit_min_hop_001_mode02_m0.75A_implicit_min,-0.04844820440860427,-0.01770583720943465,-0.029775184363261587,0.0028442296955899986,-0.023862674909654526,-0.005875158307105769,-0.000960351239882275,0.040041758419693665,0.044090618736034946,0.017762427166020972,-0.013135671583672643,0.04168827836756013
survivor_1282_basin_1303_candidate_1215_gencluster_1215_conf_136730_implicit_min,0.012047780933446581,0.04586260522870895,-0.0056854739844147545,-0.016431639821063174,-0.001511828074467037,0.0004982235996602006,0.014638844251880948,-0.008376245002943627,-0.01726656649202937,-0.00973382097648396,0.0061684493928581986,0.0010318637556111395
survivor_1283_basin_1304_candidate_2362_gencluster_301_conf_191854_implicit_min,0.008164210158276043,0.007455407979891999,0.012313781889685271,-0.014363291334830539,-0.032626409879813766,-0.013448518304333483,0.013080678158135598,0.016541604935319434,0.021457196903035016,-0.017461968058193087,-0.016232656918344548,0.02459903538417017
survivor_1284_basin_1305_explore_r01_hit_0068_conf_025924_implicit_min,0.004020699806328531,-0.04796357644776782,-0.0037593507665725817,-0.025845322911830126,-0.01698146983070218,-0.017197912379387153,0.02198869978475336,0.026973131826557233,0.030810087800830426,0.0011315503208663938,-0.01224283669068344,-0.014367968225999894
survivor_1285_basin_1306_candidate_1394_gencluster_1394_conf_108495_implicit_min,-0.01687536856951094,-0.006712017927703364,0.011023144792024715,-0.027037198431758135,0.0024574306955243244,0.027215140023619674,-0.03130252118945609,-0.014511957378421548,0.018925369288675914,-0.04393434316141096,-0.01825232905970611,-0.003494911224497568
survivor_1286_basin_1307_nma_bh_candidate_2233_gencluster_148_conf_073474_implicit_min_hop_003_mode02_p0.75A_implicit_min,-0.03157077286177231,-0.014550156315225668,-0.022508055371851295,-0.006998107044803096,-0.029261661773567583,0.021568854522529192,-0.025350405214008952,0.017984327374842117,0.02981943114570634,-0.006689723102475762,0.017253556041660404,0.003930962734647279
survivor_1287_basin_1308_nma_bh_candidate_1519_gencluster_1519_conf_015687_implicit_min_hop_002_mode01_m0.75A_implicit_min,0.02300280931298666,0.00043820148216114113,0.013900629244962905,0.04090088507116942,-0.0018703438051182548,0.03684974205810634,0.013494512873382799,0.004107371140209571,-0.03213380402300083,0.018568680064708104,-0.01037184303165918,0.025740681705533938
survivor_1288_basin_1309_nma_bh_candidate_2328_gencluster_260_conf_086582_implicit_min_hop_000_mode01_m1.35A_implicit_min,0.023682489779954286,0.02574937196891345,-0.0014836469677663756,0.006086369627607227,-0.03214401706390688,0.006628017463484856,0.01982309993656047,0.013280296887870897,-0.021846431804355217,-0.025701423612835596,-0.0004343872277465793,0.024215286215330173
survivor_1289_basin_1310_candidate_1751_gencluster_1751_conf_014671_implicit_min,-0.027532645416325836,-0.024945255368649374,0.008477930190767152,-0.012809513949297831,0.03126316951416249,0.0034409545396843926,-0.04220731773285672,-0.01223532649496377,-0.007120175079246551,0.002023878910053992,0.023524736202597752,-0.025029116682712568
survivor_128_basin_131_nma_bh_candidate_720_gencluster_720_conf_069593_implicit_min_hop_001_mode01_p0.75A_implicit_min,-0.042767523355803305,-0.0035618974987292433,-0.0005674830710273973,0.0063804375733038385,0.0162416184690504,0.02704174047290608,-0.052800854079111864,-0.012377698677521852,0.012680464699752779,0.0027983164467733006,-0.004209272974738853,0.016470449867483094
survivor_1290_basin_1311_candidate_2471_gencluster_449_conf_037287_implicit_min,0.00706239408787143,0.020334137469279655,-0.03293355755207455,0.008926200207770267,0.024782374711207734,-0.03717058255652747,-0.006757386464869528,-0.004422813142902634,-0.011901948240820373,-0.005029887683278584,0.01906207433685049,-0.0036112053358509076
survivor_1291_basin_1312_candidate_769_gencluster_769_conf_173034_implicit_min,0.009804373394622352,-0.039880335520669934,-0.03458575929611344,-0.0015274361951715092,-0.01567261044683665,0.021206694137889087,0.009904658269733309,0.0027784571125530648,-0.010601212646628621,-0.04880165011394467,-0.011479474657250664,0.023411650219041572
survivor_1292_basin_1313_nma_bh_candidate_631_gencluster_631_conf_003162_implicit_min_hop_002_mode01_p1.35A_implicit_min,0.019367205593802717,0.00914897146658084,0.030549496386146607,0.02664278915764247,0.018942135420842988,-0.015578029477311961,-0.007870934688383837,0.00015460417622611486,-0.03006338342977516,-0.010661236902003856,-0.00919704516962518,-0.004777047786425048
survivor_1293_basin_1314_candidate_477_gencluster_477_conf_007970_implicit_min,-0.033087148569531995,-0.006494656724303101,0.039175182774408464,-0.003287902923428298,-0.000985302818482308,0.03327884539501435,-0.04029722754662665,0.02523207860836728,0.01563927558848941,-0.0029661008428277444,-0.008924457734335414,-0.021458911647924305
survivor_1294_basin_1315_candidate_054_gencluster_054_conf_029386_implicit_min,0.011830690129947617,0.021903217638148488,-0.0226837344993715,-0.011206168166869727,0.014825823108199777,-0.01638756633802114,0.025267227903661597,-0.011258172222221153,0.018597263745746783,0.00682156434101488,-0.024978608301772873,-0.009959465574479548
survivor_1295_basin_1316_nma_bh_candidate_2126_gencluster_018_conf_131165_implicit_min_hop_001_mode02_p1.35A_implicit_min,0.001293926907858741,0.007272165935344938,0.019851279666555265,0.03783214690254293,-0.012125927520570191,-0.005134936186790438,-0.005355691227069601,0.03494006024381542,-0.00424740416710069,0.0008576388329016119,-0.020270378489628947,0.011295509036606744
survivor_1296_basin_1317_candidate_1679_gencluster_1679_conf_019564_implicit_min,0.019049846199593313,0.017894311949457804,0.013303763203368561,-0.008147289174012372,-0.03121103326361169,0.002431500043814472,0.023493122552565946,0.0028403569062540645,-0.004801107652064169,-0.006296408767243901,-0.02676679808657616,0.012394448576714552
survivor_1297_basin_1318_candidate_2331_gencluster_263_conf_048149_implicit_min,-0.02284902549386981,0.0062828037775371805,-0.017045294162776108,0.01187692701636189,0.01670842394294437,0.036475070842023415,-0.03409594500615048,-0.003965156088872171,-0.0054613506039681075,-0.010042862030942245,0.043694334097242306,-0.033266913996556666
survivor_1298_basin_1319_nma_bh_candidate_2395_gencluster_349_conf_060719_implicit_min_hop_003_mode02_m1.35A_implicit_min,0.011178413048815698,0.017670814201713594,0.031485490082376714,0.0031617080272325947,0.031639262041118194,-0.0007715117408496398,0.02414478915562542,0.01561783048507894,0.003198355189052629,0.028953995096295454,0.0033427006769115547,-0.012395911371431386
survivor_1299_basin_1321_candidate_2102_gencluster_2102_conf_037746_implicit_min,-0.0394042140110519,0.016790506643761475,0.04563708151390264,0.02479552318168796,0.0012288100884459425,-0.021131995675263738,-0.05545743945880232,-0.016514356790656038,-0.004883118440120055,0.004154719386530913,-0.0006912045305441399,0.0016937745699709833
survivor_129_basin_132_nma_bh_candidate_781_gencluster_781_conf_154971_implicit_min_hop_001_mode01_p0.75A_implicit_min,-0.018797476590675356,-0.010643170047131662,-0.025971951111426722,-0.0029758941580635572,-0.017060013742609632,-0.04874592008155754,0.005686675184639696,-0.016849858673301944,0.021298102849631406,-0.001164660723266662,0.0037555377881281155,0.05647671545742644
survivor_1300_basin_1322_explore_r05_hit_0042_conf_017154_implicit_min,0.041796008142920824,-0.00028194384869060504,0.007157364584734402,0.01645441557990463,-0.01975454975035079,0.030002109584405193,0.025874018520350962,-0.00798902860620839,-0.03590324653008076,-0.006961807348909391,-0.0049553601856236595,-0.006605263869262122
survivor_1301_basin_1323_candidate_2475_gencluster_453_conf_097208_implicit_min,0.004043627618365817,-0.04085522508796807,-0.0018590601316694627,0.023884945299353786,-0.008167281826878725,0.03186759446303884,0.022558553971340937,-0.0038781486767185346,0.014430897144370146,0.010475399820835606,0.00645225582168462,0.011757863025272229
survivor_1302_basin_1324_candidate_279_gencluster_279_conf_167172_implicit_min,-0.005108267400048087,-0.026633809867827627,-0.007829823369354796,-0.022780343472281278,0.0048340243008111895,-0.014596464913446749,0.01809924709289472,0.0018221568178941419,0.013771228112271036,0.005321705477507712,0.03401902066668061,0.0052457008579067516
survivor_1303_basin_1325_nma_bh_candidate_2684_gencluster_753_conf_185631_implicit_min_hop_002_mode01_p0.75A_implicit_min,-0.0024641578339255703,-0.016193118036319957,-0.016701002801490915,0.03350080163980911,0.027009466404584962,0.03327134277220933,0.008246183540190776,-0.018244774771147308,-0.014609330541189448,0.012588151388553398,-0.007888532448223493,0.023861416823586414
survivor_1304_basin_1326_candidate_420_gencluster_420_conf_046742_implicit_min,0.014363337994604918,0.008248464752626404,-0.010277343858338825,-0.004804910746904537,-0.012310370549646154,0.055809337093032624,-0.008948795172247332,0.02041345604304689,-0.01704040108872876,-0.0599534627725475,0.015910364085085147,-0.0007937710825919877
survivor_1305_basin_1327_nma_bh_candidate_2867_gencluster_973_conf_126544_implicit_min_hop_002_mode01_m1.35A_implicit_min,0.023202685971819927,0.017485139105321425,-0.027415868083845194,0.010534671634418598,-0.043301878773635276,0.016406808737766496,0.00784328561109117,0.010276514551265537,-0.03399268180929691,-0.05278422562547378,0.004489528688030056,0.0006833893385610385
survivor_1306_basin_1328_nma_bh_candidate_1006_gencluster_1006_conf_003848_implicit_min_hop_003_mode02_m1.35A_implicit_min,-0.006648453361391937,-0.017437982134978755,-0.025338686662892858,-0.03388476102297827,-0.0047325060568120525,-0.00044891636400068625,0.005139519536786896,0.022568256925457848,0.03876635924347418,-0.023467664110615877,-0.03343759615684577,-0.010929421191681093
survivor_1307_basin_1329_nma_bh_candidate_982_gencluster_982_conf_053435_implicit_min_hop_001_mode01_m1.35A_implicit_min,-0.01145921507100336,0.015360507846548278,0.03069570411451518,-0.03882955005415583,0.01258544881825735,-0.006026860315753754,0.008637415810430251,0.014588263347868414,-0.005235304625028037,0.04938913557826643,-0.0226603606617646,0.006683492433114492
survivor_1308_basin_1330_nma_bh_candidate_1614_gencluster_1614_conf_058900_implicit_min_hop_001_mode01_m0.75A_implicit_min,0.04349715349723876,-0.007854289727729339,0.008345911022030687,0.02960670838595623,0.0011698102574606876,-0.0016064852917331061,0.024660111305704294,-1.5469839420950847e-05,-0.04144440635571287,0.006665713165535264,-0.014939170237216972,0.02720031217024301
survivor_1309_basin_1331_candidate_2322_gencluster_250_conf_027045_implicit_min,0.024921796335940688,-0.02524768016661352,0.0024880771784793927,-0.029489132934295986,0.025860670852981875,-0.024281086108623205,-0.01583193467267636,-0.03805469216880272,-0.028457276966007673,-0.01960702475259854,6.12734235256508e-05,-0.028964656074237025
survivor_130_basin_133_candidate_1245_gencluster_1245_conf_044552_implicit_min,0.006309609122386534,-0.020230264051089235,0.04549094654842129,-0.03164302094229054,-0.05474990558177301,0.008774227462982925,0.01879307672713352,0.005271485866231998,-0.00597890787108988,0.006363928398338064,-0.030332491581383535,-0.013134333682952765
survivor_1310_basin_1332_candidate_2929_gencluster_1048_conf_022881_implicit_min,-0.0015923076741705031,0.00874743724757573,0.020334228495922126,-0.046623854897099665,-0.0029058086954705507,-0.016788030219084434,-0.02382447387489235,-0.009840491204537748,0.007206747881670466,-0.028135229597600345,-0.020704000546822643,-0.025043407350248844
survivor_1311_basin_1333_candidate_2036_gencluster_2036_conf_018754_implicit_min,-0.005726206687449463,-0.00247117572499196,-0.00037396971014729696,0.07327269479979664,-0.004987304239606707,-0.02480049771480839,-0.00661903263809412,0.018098829854068993,-0.03962072791098411,0.02629588776091352,0.020301507755302296,0.023835835432337006
survivor_1312_basin_1334_candidate_2364_gencluster_303_conf_151536_implicit_min,-0.012820975345237164,0.01290839255764001,-0.011456101243147263,0.03768683296854571,0.019640041940735,-0.010588216266765671,-0.018794463929581423,0.029265165597205434,-0.019630234276556094,0.01048759600955022,0.03234292658453217,0.023897172777943045
survivor_1313_basin_1335_nma_bh_candidate_459_gencluster_459_conf_009899_implicit_min_hop_003_mode02_p0.75A_implicit_min,-0.0020094755609083893,0.01809930648006487,-0.010228393792638905,-0.012837928343055425,0.024770655908553322,0.029714491502404246,0.014261406310120314,0.012130332812644416,0.016178079247722105,0.0010030112163804212,0.011168676694017684,0.015283291694471731
survivor_1314_basin_1336_nma_bh_candidate_2437_gencluster_400_conf_053256_implicit_min_hop_002_mode01_m1.35A_implicit_min,-0.032175766004691436,-0.018659597371976876,-0.05542585039915648,-0.0009378614244632313,-0.011852758001679268,0.01646850253014296,0.005498721468002706,-0.01644422099235005,0.027027908678181615,-0.004978119848229334,0.03172826020416045,0.05262621715772777
survivor_1315_basin_1337_candidate_1305_gencluster_1305_conf_113488_implicit_min,-0.0003632584187945215,0.0053693877804971545,0.03910344295284522,-0.02378829548122391,-0.004875181003688108,-0.006645578736975084,0.0180842635662343,-0.029062480641700614,0.04192272237035303,0.005861827563035224,-0.033618316252841556,-0.001709481063127919
survivor_1316_basin_1338_nma_bh_candidate_731_gencluster_731_conf_049995_implicit_min_hop_003_mode01_m1.35A_implicit_min,0.01228262608916485,0.04217131054573012,0.01662710983321585,-0.030093319196755487,-0.029084259057326502,7.456751588179606e-05,0.014999550120688957,-0.005073803087186766,0.0423377186328856,0.006918920425149062,0.006682912204071905,-0.007572407315193363
survivor_1317_basin_1339_candidate_045_gencluster_045_conf_140731_implicit_min,-0.008407452973304034,0.01601592339654294,-0.007106769740354862,0.05056589334091488,-0.0069132695642866865,-0.030894447117153185,0.013919344414944369,0.019213429127997065,-0.009253821136705916,0.045167390950140336,0.027748102740354635,0.013500988527596486
survivor_1318_basin_1340_candidate_2497_gencluster_480_conf_040055_implicit_min,-0.0022001581104083064,-0.0057884454908413,0.012264074674323507,-0.034450420877912384,-0.037959569525297075,-0.006728983957827165,-0.005825648977567538,-0.019874519593617076,0.00021906156201719021,-0.0171106878099967,-0.024952560523483453,0.0011416371875118186
survivor_1319_basin_1341_explore_r01_hit_0043_conf_010064_implicit_min,0.016087491019151367,-0.009318359434670727,-0.04788479456522063,0.010359050611756616,0.01931103792486964,-0.012241106313232927,0.02692400187469121,-0.005280632897328129,0.01100391645864186,0.0001336569692521794,0.03593965222938959,0.015279804027555875
survivor_131_basin_134_nma_bh_candidate_1992_gencluster_1992_conf_005930_implicit_min_hop_000_mode01_p0.75A_implicit_min,0.015923471324784125,0.013022680372888886,-0.00837806263326845,-0.004551232600636308,0.00717613550095939,0.03090321828112107,0.009871759274474954,-0.03413566987609407,-0.03577309043960822,-0.006217491479994438,0.012972657590644095,0.014944513782754885
survivor_1320_basin_1342_nma_bh_candidate_1006_gencluster_1006_conf_003848_implicit_min_hop_000_mode02_p1.35A_implicit_min,0.009854173894400882,-0.012514831743234518,-0.008396348043291538,-0.042148624253948906,0.0034209461807319596,-0.024645127522072135,0.007698968556302563,-0.0022600508607528175,0.020235965475540903,-0.022416515883770426,-0.027153339443573482,-0.021546526792132457
survivor_1321_basin_1343_nma_bh_candidate_2395_gencluster_349_conf_060719_implicit_min_hop_001_mode02_p0.75A_implicit_min,0.021376499926094406,0.016222914630001015,0.035858499069803665,0.021551298862602385,0.01930124677002605,0.002927490163955242,0.020151345869182304,0.007430157182384008,-0.0013946734500283823,0.015073514911581239,-0.0035017573626811025,-0.03496087123360746
survivor_1322_basin_1345_candidate_215_gencluster_215_conf_091193_implicit_min,-0.0018555411389892956,0.004564849730785512,0.06675090440803401,-0.00624421557509599,0.02313118280198931,-0.007482602012797504,-0.003982276115207245,-0.013299646002356625,0.0004225820978607632,-0.004594268555989081,0.0035296853452979142,-0.023592446812856712
survivor_1323_basin_1346_nma_bh_candidate_2437_gencluster_400_conf_053256_implicit_min_hop_000_mode01_p1.35A_implicit_min,-0.02582979881955349,-0.02422513030897799,-0.06119254802046982,-0.0018928838577467618,-0.019533275383840636,0.01508943932371092,0.006769833481935268,-0.02816998515247165,0.034858953522863015,-0.007742289192023931,0.025820863985554436,0.055334188267712456
survivor_1324_basin_1347_candidate_1283_gencluster_1283_conf_051068_implicit_min,0.004063786837576625,-0.020911868158454867,-0.026678991631858728,-0.04060906993632575,0.0050913965549146435,0.03488390874748396,0.019335152667526438,-0.028892680445455392,0.031706770367309865,-0.01569747562886575,0.014898256920015092,-0.029060046401660287
survivor_1325_basin_1348_nma_bh_candidate_1005_gencluster_1005_conf_032431_implicit_min_hop_001_mode02_m1.35A_implicit_min,-0.015331130650639358,-0.004355009030163563,-0.041031439976763125,-0.040597044958707355,0.015050991025498688,0.012935727591605124,-0.006026388485522134,-0.0457763716945763,0.015981414221638294,-0.025993755312014616,-0.014751075118272691,0.010920574897356107
survivor_1326_basin_1349_candidate_169_gencluster_169_conf_000221_implicit_min,-0.0587784417560348,-0.0005222791988228065,-0.013272397572820775,0.0067469000745107545,-0.009930327095388958,0.002357189850278839,-0.06570797114710093,0.010005550915916877,0.009771702553383483,0.0075683189405494015,-0.012933445836810878,-0.0001397911427673466
survivor_1327_basin_1350_candidate_387_gencluster_387_conf_036102_implicit_min,-0.029982182289842174,-0.006850015614091268,0.0053421151956857555,0.013569447041467146,-0.019697395895521237,0.04382377280154311,0.0015636366672002865,0.01400182430335111,0.027898732700195095,-0.011923190111048663,0.009379916924566663,0.05534362883261423
survivor_1328_basin_1351_candidate_2468_gencluster_445_conf_027465_implicit_min,0.001628912445876641,0.02814317992427561,0.03460390066147544,-0.03321845918886832,-0.002554137863040559,-0.0071734707907348694,0.0017106858185212527,-0.015778505231974452,0.03142136923207079,-0.02225724629222811,-0.015645319083726513,-0.0010233059699107953
survivor_1329_basin_1352_candidate_167_gencluster_167_conf_005410_implicit_min,0.014992494818350098,-0.01463059560082854,0.0038761857964601204,-0.008569493456745313,-0.0593755714200556,-0.020643621266158596,0.017061282974223258,0.002583389583003155,0.003845050976876778,-0.016097063913958237,-0.0458421829507745,0.019143889700988185
survivor_132_basin_135_nma_bh_candidate_862_gencluster_862_conf_049308_implicit_min_hop_000_mode01_m0.75A_implicit_min,-0.012876841031684542,-0.03600392396335607,-0.0265408283809045,-0.03165967708667181,-0.003922235570449757,-0.00680262606463875,-0.00230830975764885,0.00661430622719677,0.031079691682479867,0.005002258331228129,0.02687968472744957,-0.005690995708324613
survivor_1330_basin_1353_candidate_2084_gencluster_2084_conf_062090_implicit_min,0.024327884574249264,-0.03359375693387214,0.03523018382546867,0.010351294619744083,0.012489406706106324,-0.00961110573864235,0.01944994708887449,0.0016262848402543396,-0.022871201851283388,0.019271890047248445,-0.002954322035343128,-0.005306235004896793
survivor_1331_basin_1354_nma_bh_candidate_1549_gencluster_1549_conf_001708_implicit_min_hop_001_mode02_p1.35A_implicit_min,0.024619561408132554,-0.0036364421849564396,-0.006704385258469164,0.013752584845613048,-0.023506400246991268,0.05267626558256905,0.014444826877869443,-0.0014569530630380754,-0.02542261395482546,-0.04819914153341171,-0.016310518122303056,-0.0023998993570489863
survivor_1332_basin_1355_candidate_1532_gencluster_1532_conf_005851_implicit_min,-0.011804697018738965,-0.013236397682154313,-0.0051827737731832335,0.0627638542907044,-0.004309704385158137,-0.011475303227803076,-0.029199525181606446,0.019592410199662205,-0.031754001475575874,0.008048488182704032,0.009749811701897322,0.0005637658701170708
survivor_1333_basin_1356_candidate_367_gencluster_367_conf_009826_implicit_min,0.0181479656108547,-0.04740150465105771,-0.005523669915791844,-0.011497814035826568,0.000787924476246948,-0.021959886447311033,0.010310145422814991,-0.004948719759020707,-0.02242218897081925,0.01076703752227913,0.02347814611593173,-0.004225474379909512
survivor_1334_basin_1357_candidate_2948_gencluster_1074_conf_165604_implicit_min,-0.002168258942743098,0.018838641984460183,-0.020229562503909917,0.029695811094153063,0.01670999730086876,0.02565296488043662,-0.003947799568069621,-0.009597330835552802,0.006406363972245476,-0.006132465247377422,0.011874652552725152,0.0035166932173298525
survivor_1335_basin_1358_nma_bh_candidate_2799_gencluster_891_conf_103935_implicit_min_hop_002_mode01_p0.75A_implicit_min,0.016641462575955116,0.03634245806509893,-0.019498327224173367,-0.020243490447658472,-0.007551683635478625,-0.046980914391993304,0.00667046641107329,-0.019287533971832714,0.0027864851407514066,0.025032784058941868,-0.016817601994181326,-0.0060223422630870235
survivor_1336_basin_1359_nma_bh_candidate_1088_gencluster_1088_conf_064565_implicit_min_hop_003_mode02_p1.35A_implicit_min,-0.037541179891397554,0.005770319602752445,-0.007626006338658102,-0.018622933946184056,0.021775673436417585,-0.007662466020487016,-0.011468472854190156,-0.04768984213130229,0.03326951719116732,0.017324350263994127,0.0076574002279657435,0.012386286702407014
survivor_1337_basin_1360_candidate_1443_gencluster_1443_conf_016808_implicit_min,-0.03896167119853754,0.03541160895701984,-0.001889673695899953,0.02095852272948133,0.019773071742039478,0.029823338778784802,-0.026310367600887147,-0.014406183338810052,0.013512625878122029,-0.010249955098460696,0.04263552872171815,0.013938018982689265
survivor_1338_basin_1361_candidate_034_gencluster_034_conf_001562_implicit_min,-0.04323639396267573,-0.005239584911133808,0.024645941411460346,-0.01773599068865944,-0.003128400778274986,0.020007363323652216,-0.06268720466991906,0.02543573842147887,0.002517254750579858,0.009706916351507451,-0.014814946284801248,-0.028238146424501162
survivor_1339_basin_1362_nma_bh_candidate_1736_gencluster_1736_conf_126029_implicit_min_hop_000_mode01_m1.35A_implicit_min,-0.033817706578688135,-0.007023628710974037,0.010124319663065514,-0.016362615493196953,0.016764490968649643,0.01496298661662782,-0.029708096141146022,0.007888186620045656,0.0028074432534709163,0.016196411174104867,0.051804446125539805,-0.014514055700362715
survivor_133_basin_136_candidate_1373_gencluster_1373_conf_003825_implicit_min,0.004797252053590074,0.01028868287048221,-0.03665874949945427,0.01861298067311343,-0.0054449858696243745,-0.041940184517686954,0.008800373756295348,0.03176661198878588,-0.025432557695789795,0.028119147589725117,0.020722324719188508,0.00903816682642222
survivor_1340_basin_1363_nma_bh_candidate_2799_gencluster_891_conf_103935_implicit_min_hop_002_mode02_p0.75A_implicit_min,0.012809659731661082,0.03696615891793866,-0.018107234319779206,-0.021066475602813856,-0.009995090861588113,-0.04742500505724991,0.00433746526154383,-0.022502976846934333,0.004810048538004063,0.02252991717298973,-0.023683886026594943,0.0017786138473385497
survivor_1341_basin_1364_candidate_989_gencluster_989_conf_137715_implicit_min,-0.01823061148882542,-0.017681406459797263,-0.011461134054044766,-0.02189600260542561,-0.015365187079317633,-0.012082079498538149,0.008439044891120014,0.011428492830963633,0.040286814075797,0.013570608615584526,0.026555795919190002,0.009945774046521553
survivor_1342_basin_1365_nma_bh_candidate_2635_gencluster_682_conf_091883_implicit_min_hop_003_mode02_p1.35A_implicit_min,0.024114153328589898,-0.013542817062965194,-0.008894810108511782,-0.029911965949608006,0.044218463502680876,0.002473434633609612,0.015496905790738882,-0.0019508809685009722,0.01019581679823218,0.005257562925838348,0.03051348082430452,-0.0602591433695442
survivor_1343_basin_1366_nma_bh_candidate_1154_gencluster_1154_conf_003210_implicit_min_hop_003_mode02_m1.35A_implicit_min,-0.014887058981833587,-0.03812548550323289,0.025955828347843594,-0.005521437088766756,-0.014444298360451744,0.02519082602616881,0.012256214907749485,0.04886250454853458,0.015489037397258319,0.011789824960171459,-0.0025348338105686233,-0.007890219613972545
survivor_1344_basin_1367_nma_bh_candidate_1266_gencluster_1266_conf_074504_implicit_min_hop_001_mode01_p1.35A_implicit_min,0.01924905101750029,0.006405153987615112,0.04077740635175339,0.026222160856314403,0.027711964253586813,0.006905758215429949,0.02167189672614647,-0.02008432373022764,-0.001571627862605935,0.04224243439497342,-0.012379092444011815,-0.03585574810689813
survivor_1345_basin_1368_candidate_041_gencluster_041_conf_059806_implicit_min,-0.011069813508624854,-0.021383385630932113,0.003671692976662939,0.008336138915879887,-0.00934981191486736,0.04065863860855336,0.022139448734379844,-0.0004898988932729132,0.01953747129433254,-0.0008660433772938159,0.010639813805969943,0.02528062627611683
survivor_1346_basin_1369_nma_bh_candidate_705_gencluster_705_conf_003845_implicit_min_hop_000_mode02_p1.35A_implicit_min,-0.029901921824007603,-0.023345976010530296,-0.016950855089557782,0.0070840861090580385,-0.008779926133300885,-0.02603885451658719,-0.002457805340102529,-0.0017926183403735192,0.01924248318320032,0.008051676524611008,-0.02013137070984005,0.02682797986346738
survivor_1347_basin_1370_candidate_2315_gencluster_242_conf_125942_implicit_min,-0.007718606201520276,0.024388488773870537,0.03155048178262767,-0.005813730146360048,0.0153647112452531,0.02395439957212708,-0.008792600629755455,0.042291948813749085,0.013002244834543332,0.009635882349519492,0.02451880404365459,-0.04385114456901754
survivor_1348_basin_1371_nma_bh_candidate_2190_gencluster_093_conf_183542_implicit_min_hop_003_mode01_p1.35A_implicit_min,0.031126400307833046,0.019717133508734774,-0.008322071704426403,-0.028960968020414944,-0.009841127152798137,-0.03169891578800841,0.033171222347326376,-0.005059862340224652,0.01984257490538605,0.014887389342850528,-0.04198879972556585,-0.018723470647374132
survivor_1349_basin_1372_nma_bh_candidate_1306_gencluster_1306_conf_001572_implicit_min_hop_000_mode02_p1.35A_implicit_min,-0.004103604257048349,-0.024751685784429066,-0.015205991558549422,0.018859092285496433,-0.03293344848950149,0.015344414203101994,0.009525785144081103,0.031235123433423616,0.0109663914274983,-0.0234953019393979,-0.0231528200459603,0.009573657823048596
survivor_134_basin_137_candidate_1301_gencluster_1301_conf_141065_implicit_min,-0.04130003066813863,-0.020871984980452868,-0.013721372504401535,0.008655064813949306,0.019177124760880123,-0.03954675050462549,-0.0669312477834241,-0.0011760069305891186,0.0006944507386609106,0.009972449320850525,-0.02723599632173792,-0.0038402324732107426
survivor_1350_basin_1373_candidate_2768_gencluster_855_conf_024119_implicit_min,0.029208283333918124,0.028421703636104346,-0.0006301027020931303,-0.011577907874565524,-0.006671305623156068,0.0003598543581498431,0.024028400851282532,-0.02414938996391925,0.005447271574679788,-0.017713860809951788,-0.01461184465654432,-0.004832568121198382
survivor_1351_basin_1374_candidate_712_gencluster_712_conf_023507_implicit_min,-0.006958882103271965,0.01279814913861306,-0.0011805506387568114,-0.05131364646615246,-0.0008677921395734316,0.024438884553931825,0.0006688149150661611,-0.00223608874041743,0.045774964506064296,-0.0460420326815453,0.00921115276269912,0.00255487914714732
survivor_1352_basin_1375_candidate_1900_gencluster_1900_conf_002877_implicit_min,-0.019218073759946896,-0.0022755253987655545,0.0003367399542757623,-0.005015598069319009,0.002592202357727179,-0.01809591923256122,-0.04371909688079003,0.006420053677101366,0.009483905758204752,-0.005904213569646794,-0.033293839672021396,-0.001605029988694796
survivor_1353_basin_1376_candidate_2153_gencluster_049_conf_188031_implicit_min,0.028960528131499578,0.0059250809657204456,-0.028332214374862535,0.012136751392108947,-0.03451281355974397,-0.027125372148506226,0.021363521705658955,0.013999620106328225,-0.015488375525646103,-0.007675603131572407,-0.032893000862825685,0.01848798496098538
survivor_1354_basin_1377_nma_bh_candidate_1614_gencluster_1614_conf_058900_implicit_min_hop_002_mode01_p1.35A_implicit_min,0.039135654610024107,-0.006544619687577148,0.007893167187285301,0.04874084841524275,-0.003896170478056819,-0.007872491888391016,0.026892638072073222,0.014954950596682233,-0.03634410539837148,0.0020040035286832407,-0.00878054720755382,0.022665214637424463
survivor_1355_basin_1378_nma_bh_candidate_416_gencluster_416_conf_072635_implicit_min_hop_001_mode02_m0.75A_implicit_min,0.03794481827272088,0.002394225685800997,-0.02005998589815197,-0.02113541669939329,0.048434333955182124,-0.002917976467428346,0.022103622956081953,0.001957409064784626,0.020342580560698462,-0.01023225138819832,0.00396447253888577,-0.04123121401321277
survivor_1356_basin_1379_nma_bh_candidate_807_gencluster_807_conf_049347_implicit_min_hop_002_mode01_p0.75A_implicit_min,-0.0344479953478633,0.01791808983887614,-0.011833849328876435,0.042694592827524115,-0.016509932032273047,-0.001415647444139003,-0.03869821800039031,0.05386592710808099,-0.009966625136862287,0.020739849245395778,0.02357986034192934,0.006238748057317914
survivor_1357_basin_1380_explore_r03_hit_0061_conf_029534_implicit_min,0.017761435080466396,-0.028153331417061292,0.047652363832214474,0.023712128737603717,0.013239482304790783,-0.0013950989289537906,0.025434173477529347,-0.023553784547164742,-0.01737134386581597,0.040649681448992156,-0.014786433558339784,0.01140203609647122
survivor_1358_basin_1381_candidate_240_gencluster_240_conf_040900_implicit_min,0.00817127351062182,-0.030137739228711415,0.017096348371435293,0.006178635975456317,-0.021024966162415927,-0.029851178551842546,0.01231932701526453,0.03947301502553028,-0.010579463973170873,0.04584175422073451,-0.0374763906352556,-0.0059441050912496666
survivor_1359_basin_1382_nma_bh_candidate_082_gencluster_082_conf_089503_implicit_min_hop_000_mode02_p1.35A_implicit_min,-0.004251686155249555,0.0013500944550977293,-0.031709781793225957,0.04407266535123974,-0.013137904503469524,0.017611153082565913,-0.004470074401524903,0.0505014243938958,-0.01664921321673651,0.0068559529491966946,0.00034082300757471405,0.009033829646397715
survivor_135_basin_138_candidate_022_gencluster_022_conf_114836_implicit_min,-0.010816359715459823,-0.03026815417362719,-0.000763100078116017,-0.011453835371245093,-0.011994265915680462,0.00559329688158152,0.011662390413918818,-0.028925987304465956,0.01493684404909811,-0.016340982933059727,0.035598470133738264,0.01375024317292562
survivor_1360_basin_1383_candidate_1757_gencluster_1757_conf_008743_implicit_min,0.01609675520821699,0.01042931079789866,0.022457644178260388,0.0035379591537969034,0.019547432497532654,-0.019802965274522986,-0.009435160463130192,0.005889916113426768,-0.027695547708060778,0.02758267945777831,-0.01156315024282464,-0.052151595001587635
survivor_1361_basin_1384_candidate_586_gencluster_586_conf_009571_implicit_min,-0.015080945449972823,0.014491279581569677,0.041709099430822294,-0.005262344526305514,-0.009935231417706107,0.004154797180277977,-0.011573671890065959,-0.04842986244728173,0.015682321645878447,0.0049792728965211055,-0.014838734745847846,0.03404001497948563
survivor_1362_basin_1385_nma_bh_candidate_2126_gencluster_018_conf_131165_implicit_min_hop_002_mode02_p0.75A_implicit_min,0.0004977523137665373,0.020815776527991464,0.026816461619182837,0.04090264034114975,-0.04358045175644837,0.006287328233903174,-0.006115344628657632,0.03541304173615605,-0.01655963963949916,0.00659921733694546,-0.03094970087203349,0.017324564845669563
survivor_1363_basin_1386_nma_bh_candidate_982_gencluster_982_conf_053435_implicit_min_hop_003_mode01_m0.75A_implicit_min,-0.024417425094109442,-0.008570775889515098,0.036636147840057906,-0.00688483964211805,-0.015582967269822397,-0.017420770661587905,-0.006299334351369039,0.007791829148617727,-0.00422880859585336,0.036417541156784874,-0.022610875573575263,0.008099528036848007
survivor_1364_basin_1387_candidate_1249_gencluster_1249_conf_005270_implicit_min,-0.006038992255268464,0.011386740504345324,-0.002786268791117203,0.02696707983822609,0.003812180864258421,0.027568383271755145,-0.015754912365235824,0.02364868152826998,-0.01886588174193627,-0.0080061901280558,-0.003848196470377592,0.01935418760002055
survivor_1365_basin_1388_candidate_2212_gencluster_123_conf_053984_implicit_min,-0.0009688345136014077,-0.031087651524242026,-0.017120199532765387,-0.011831445185054367,-0.03143766998559676,-0.015458368424033248,-0.032502357036690736,0.009504370026013127,-0.004902940060942134,-0.03948630415713338,-0.040173759891584074,0.007569244131552584
survivor_1366_basin_1389_candidate_2024_gencluster_2024_conf_184020_implicit_min,0.011069783471735461,-0.010799823427224074,-0.0014698100426058355,-0.006811905894970742,-0.00025089406884305223,0.0007336847928072754,0.0150986711791996,-0.02129623829975806,0.015410052823901964,0.0008034270091690239,0.0036005719410142386,-0.003305199084483802
survivor_1367_basin_1390_candidate_1091_gencluster_1091_conf_031736_implicit_min,0.023115663763805604,0.01288274732375534,-0.0054193422351277425,-0.015619731443956451,0.015575618168160001,-0.014595803466205367,0.015043501104189599,-0.010181976544020319,0.0016204837331270084,-0.0005441527033206565,0.043108174165363555,-0.023746350314562348
survivor_1368_basin_1391_nma_bh_candidate_2364_gencluster_303_conf_151536_implicit_min_hop_003_mode01_p1.35A_implicit_min,-0.029980996925222454,0.021378553385027744,-0.008923695107630936,0.023239219371380362,-0.0052903688300903915,-0.007205261987359886,-0.0146316278455706,0.02494042508294315,-0.006774095815084492,0.030539486704010514,0.026986779335453875,0.03951155741891068
survivor_1369_basin_1392_candidate_627_gencluster_627_conf_062320_implicit_min,-0.01243056228273975,-0.0015933841613058545,0.0031632948351680615,0.009644666934619775,0.019885829564704947,0.012385160791859452,-0.024105802272801017,-0.01535276092882528,0.008091720745411264,-0.02371342948208469,-0.008923067096542744,-0.0007281793190142827
survivor_136_basin_139_candidate_1372_gencluster_1372_conf_151374_implicit_min,-0.007463988195086269,0.008648432958269026,-0.04441157594147716,0.014916600150602763,-0.04365521968205742,-0.025813567793063392,0.0042390263613196425,0.02588979814776924,-0.002788133269643098,0.021583947433687103,0.012116112068290174,0.013607299516030296
survivor_1370_basin_1393_nma_bh_candidate_862_gencluster_862_conf_049308_implicit_min_hop_000_mode02_p0.75A_implicit_min,-0.021209335465735106,-0.02785353064653014,-0.017472279418988754,-0.034775499110416726,-0.01910481895560381,0.016586708915825806,-0.0022021825361558996,0.006995929272102112,0.03452049687174944,0.004422218512177103,0.024943550676543323,-0.0041305692387558855
survivor_1371_basin_1394_nma_bh_candidate_2137_gencluster_030_conf_063074_implicit_min_hop_001_mode01_m1.35A_implicit_min,-0.012026698861180378,-0.0014768316765709567,0.0045962757334230935,-0.032905788535494244,0.006407464149254252,-0.05512741648573709,-0.007512898462941845,-0.05072021589274543,0.014313213975186034,0.015159339809470386,-0.02404917908945269,-0.025618817520968607
survivor_1372_basin_1395_candidate_145_gencluster_145_conf_010871_implicit_min,-0.01516865041955464,-0.02637646608257137,-0.026978983788242285,-0.007108200285836905,-0.03218881060747418,-0.06587826033373248,0.0060894594416522506,-0.02611979337149609,0.014956522401548822,0.010195601453789943,-0.019631687723063642,0.045575071348378106
survivor_1373_basin_1396_candidate_2455_gencluster_429_conf_113767_implicit_min,-0.005497233517154893,0.04715384927670583,0.03137330522372996,0.013287407458343843,-0.019322905458891322,0.012681053098225944,0.0033925296486407757,0.02702335668434598,0.002239706301525336,0.00916228627926918,-0.006900366995511486,-0.006723098444894609
survivor_1374_basin_1397_candidate_2494_gencluster_476_conf_133824_implicit_min,0.03971609658784722,-0.024343222778685905,-0.021895103363234768,0.018255146766319633,-0.0065485263770738485,0.04279247923209238,0.016425474408401055,0.0162860776325378,-0.03679443801348832,-0.03559566042863289,0.004471381766642728,-0.0028673223309424395
survivor_1375_basin_1398_candidate_519_gencluster_519_conf_092659_implicit_min,-0.005188279086264789,0.001902573399163184,0.01573248409055526,-0.036944693323448165,0.016594011028118548,-0.019760148053502537,0.015377599486476644,-0.027255385811500797,0.016442887553681448,0.0163417798807904,0.0031485977915242684,-0.041744682045447935
survivor_1376_basin_1399_nma_bh_candidate_1714_gencluster_1714_conf_011260_implicit_min_hop_001_mode01_m1.35A_implicit_min,0.05140001103876227,0.003163124565005371,-0.009553834659788778,-0.009248141152614858,0.026048711496264084,-0.016587660206138968,0.022248463535325242,-0.001291772379809349,-0.017696681514179947,-0.012761715563052146,0.00845385245031326,-0.04268220149833472
survivor_1377_basin_1400_nma_bh_candidate_1632_gencluster_1632_conf_108386_implicit_min_hop_002_mode02_p1.35A_implicit_min,0.019443076059635966,0.02382262705501799,0.013526440036438735,-0.01577442084154712,-0.022808811309215055,-0.009882723070478345,0.015785460338227534,0.009391973809487541,0.019968574467789695,-0.0038269533097598503,-0.011216472990833538,-0.043068143434490835
survivor_1378_basin_1401_explore_r05_hit_0056_conf_040794_implicit_min,-0.01786842406988512,0.0445613551490736,0.018323723367450143,0.010162222189057364,0.001396706116794849,0.028312174818198668,0.016665257228212632,0.025118573800635143,0.0444569927589853,-0.01358109069082297,0.019458062629806348,0.009298657609109398
survivor_1379_basin_1402_candidate_2177_gencluster_079_conf_167775_implicit_min,-0.010678514138492586,-0.02865132131857223,0.0008916213529088601,-0.006847491846790619,0.035792419722426805,-0.0017216916034452964,-0.029229481510839688,-0.012773771213656521,-0.017558937565475368,0.021238562570569105,0.02687169429634656,-0.020317722020162174
survivor_137_basin_140_nma_bh_candidate_807_gencluster_807_conf_049347_implicit_min_hop_000_mode01_m1.35A_implicit_min,-0.027081019044103507,0.019026129542774807,-0.004009682206410163,0.04395297236280531,-0.021981090485688474,0.02073728005365794,-0.025336426196868583,0.0500304911277243,-0.01486947527180219,0.0024801178089089953,0.03423305134548232,0.011901826262004141
survivor_1380_basin_1403_nma_bh_candidate_1632_gencluster_1632_conf_108386_implicit_min_hop_001_mode02_p0.75A_implicit_min,0.02181390333760003,0.027138084805513236,0.017202038527794224,-0.027479782287463502,-0.003540636504769058,-0.0077472686022334375,0.01900326293495315,-0.0008207325818994705,0.02894937636364146,-0.023258478476109117,-0.008818814186950096,-0.019017373698358563
survivor_1381_basin_1404_nma_bh_candidate_2126_gencluster_018_conf_131165_implicit_min_hop_002_mode01_m1.35A_implicit_min,-0.006081459420326579,0.023988596491834744,0.02452359689243274,0.034233730345575066,-0.04535260000400062,0.030351875923085872,-0.004024620486769397,0.029726799134503507,-0.016706646270984393,0.00032126709620706507,-0.020476518210137892,0.01876704349655853
survivor_1382_basin_1405_candidate_2587_gencluster_613_conf_141484_implicit_min,-0.021848719958697138,0.02323806907063885,-0.010093045331223757,-0.03864496652003746,-0.011787491754216095,0.01784866206585666,-0.03141350121350994,0.011185457882231867,0.0038158515079783676,-0.019389639940870663,0.0015288942545744941,-0.022122531243119626
survivor_1383_basin_1406_candidate_2392_gencluster_346_conf_119938_implicit_min,0.006619117425642939,0.03206946474282502,0.04801487590023231,0.01304459611227139,-0.010889678315505137,0.0029587539016917895,0.011899715220941213,0.03869514032788627,0.013098378674944035,0.034509998379797874,-0.010739577259443807,-0.02697138960798296
survivor_1384_basin_1408_nma_bh_candidate_249_gencluster_249_conf_007818_implicit_min_hop_002_mode01_m0.75A_implicit_min,-0.009532748617462086,-0.0005346316062326267,0.015356803232569542,-0.04465725670411816,-0.01803077866656182,-0.014524279816008817,-0.021643978032884873,-0.01145712316605922,-0.004154820146249633,-0.015313747849728478,-0.04658638312588787,0.00860174341671095
survivor_1385_basin_1409_candidate_1984_gencluster_1984_conf_003319_implicit_min,-0.029382728102409272,0.013425717419865549,0.043355658581096856,-0.019369043264526604,-0.022243232452390026,-0.011434287619943338,-0.049398886688296666,-0.006128117786753638,0.007147851976142707,-0.000746284660148453,-0.046477127049526536,0.0020898330118801593
survivor_1386_basin_1410_candidate_2467_gencluster_444_conf_031920_implicit_min,-0.023075915429240385,-0.02207114589012873,0.026766294939244924,0.01278029856538098,-0.03699724732008756,0.016667472158949374,-0.008357206978202096,0.03275431671937064,0.02094073666935373,-0.019510918844707653,-0.01640136959497933,0.029889306868969047
survivor_1387_basin_1411_candidate_2211_gencluster_121_conf_044835_implicit_min,-0.016758705691323424,-0.025696682477665465,-8.114129075193817e-05,0.010088777723467099,0.0020231619597550483,-0.007663890784940382,-0.025884337246906954,0.007442631959802099,-0.006687854796469161,0.010158830164704011,-0.051404507353747055,0.016566663316701674
survivor_1388_basin_1412_candidate_702_gencluster_702_conf_003509_implicit_min,-0.006285575140304351,-0.0188343635661849,0.017192591505118975,-0.014456372102464506,0.03552387355914438,-0.044040700972079044,-0.037661993179487166,-0.01328391020069495,-0.025422540190555357,0.033768059652880295,-0.028485210207626694,-0.025573814157315924
survivor_1389_basin_1413_candidate_2522_gencluster_517_conf_143197_implicit_min,-0.00729401717970625,0.01636232746543277,-0.034026821076183746,0.014310552453802644,0.028116568579441035,-0.037450103465801056,-0.034014742605680576,-0.020530526116985436,-0.01026705997428734,-0.009686760905850135,0.01804643841360509,-0.004353750350332887
survivor_138_basin_141_candidate_2895_gencluster_1006_conf_013365_implicit_min,0.005329378737407319,-0.025594021144625202,-0.008200438920698872,-0.04421771278802986,0.002352379667726388,0.018254912677976735,0.004929758155798399,0.017374710145339634,0.04234853062183903,-0.02321262320135745,-0.020276485230236202,-0.021024377025920048
survivor_1390_basin_1414_nma_bh_candidate_1045_gencluster_1045_conf_012052_implicit_min_hop_001_mode02_p1.35A_implicit_min,-0.02513530488535168,0.04894996838264855,0.0052712329262902865,-0.00225037317947824,-0.010372488788976297,-0.010229034415946777,0.002246038211736869,0.005922018647257345,0.011555001595872434,0.031960115406012075,-0.0022744105715520302,-0.012569109154132771
survivor_1391_basin_1415_nma_bh_candidate_1647_gencluster_1647_conf_134687_implicit_min_hop_003_mode01_m0.75A_implicit_min,-0.01341841611500333,0.04769832122532386,-0.008923389917861615,-0.02598971992233721,-0.023057658120175774,0.0014741693983061773,0.007899090599401498,0.01447658215072534,0.04618476732197385,-0.01362730725137784,-0.0036473953187071036,-0.00400631187934457
survivor_1392_basin_1416_candidate_1410_gencluster_1410_conf_002273_implicit_min,-0.018310903193379042,-0.016150346998859977,0.020760013613943338,0.028903786305757333,0.014923014326400523,0.004501395400104289,0.009445512915326372,-0.009064031611226818,-0.02167304668383826,0.00286860206412836,0.032333852020970895,0.016614429717533005
survivor_1393_basin_1417_candidate_2876_gencluster_985_conf_122327_implicit_min,-0.006491840612496751,-0.014099973852896791,0.05928486538957952,0.0026101136218257227,0.01186290532890261,0.016576335553813132,0.0038691522238995016,-0.001968067170798449,-0.009616715628176512,0.004053241989828302,0.004517265992937806,0.00900070169504949
survivor_1394_basin_1418_nma_bh_candidate_706_gencluster_706_conf_010197_implicit_min_hop_000_mode01_p0.75A_implicit_min,0.008796316951204676,0.009005455462990645,-0.03239049808918049,0.015084044560641007,0.015118504306953754,-0.016531067617098886,0.004940855368078141,-0.012263113269537546,-0.04428022684646185,-0.0005779491050751343,0.0238510882817427,0.012818617436790174
survivor_1395_basin_1419_nma_bh_candidate_2548_gencluster_554_conf_187437_implicit_min_hop_001_mode02_p0.75A_implicit_min,-0.0358071996510372,-0.020879264521839185,0.003793618541654554,-0.0023419984570053633,-0.013700872579278905,0.027642971424723637,-0.0279284055903096,0.042853580676666475,0.01249595879379839,0.03141674662779255,0.023472836332027656,-0.006674592776544066
survivor_1396_basin_1420_nma_bh_candidate_731_gencluster_731_conf_049995_implicit_min_hop_003_mode01_p1.35A_implicit_min,0.00940176579524808,0.033745461586090264,0.025500927600652545,-0.02577025851760497,-0.02751176526056475,-0.0039321752161228735,0.014648854137659829,-0.008013228860146372,0.045962585078073145,0.007145701125751973,-0.006358838574374554,-0.031175113776574014
survivor_1397_basin_1421_candidate_2496_gencluster_479_conf_101723_implicit_min,-0.0007841424809519275,0.011904253828837232,-0.020217119373207117,0.03962531255819,-0.008577972400900843,-0.051606590797877334,-0.0013020165110798954,0.019520968072319483,-0.030137361368513412,0.044229561427720644,0.003809016001752233,0.01204198955673431
survivor_1398_basin_1422_candidate_2459_gencluster_436_conf_162538_implicit_min,-0.02996492332214802,-0.03065990128281546,0.008972111611509789,0.01073689667215241,0.005939681393852898,0.014169218957499057,-0.020545261059881224,0.03374079942743034,-0.005459067643195355,0.0247880706943495,0.009327720928352854,0.006174333944795015
survivor_1399_basin_1423_explore_r03_hit_0041_conf_034284_implicit_min,-0.014795258004349165,0.007093873517972604,0.0034805757346569825,-0.001850981080522174,0.025225754734337393,0.031779289292297244,-0.001154731925692746,-0.04215213054414595,0.03960299247483356,0.0010610329853190143,0.01411784413841678,0.02432120928172841
survivor_139_basin_142_candidate_2192_gencluster_095_conf_150847_implicit_min,-0.028564458440693035,-0.02305223710757543,0.05258929562276269,0.01681090931822273,-0.00525443112618227,0.03809712004109798,0.013856763499108568,0.0409993667402732,0.010477094093930092,-0.005921400374690575,0.018787268433152277,0.0020830335930242636
survivor_1400_basin_1424_candidate_303_gencluster_303_conf_181678_implicit_min,0.01549192148544722,0.0016132728259498092,-0.014775340930946382,0.030133837273354724,0.010814018670997277,-0.012236471887477868,0.0004901625653525957,-0.0017845949267548237,-0.03270021191087429,-0.0126956744450694,-0.008951888835360026,0.03409278113980898
survivor_1401_basin_1425_explore_r05_hit_0028_conf_042320_implicit_min,0.006858515206312341,-0.01498701095933668,-0.048151244651496714,0.01614510168872728,0.006442438877427719,0.04075791301391034,0.027655276871420224,-0.0026579209037983402,0.0022969466084397454,0.008367107624907421,0.030811162151691128,0.02168130984352512
survivor_1402_basin_1426_candidate_2608_gencluster_640_conf_150995_implicit_min,-0.03395551360790374,-0.029555703896626824,0.005837459915633593,0.031262444038542975,-0.00668050945811419,0.02200491691474921,-0.013744715203463442,0.038404838023663866,-0.0031223366172691445,0.023867358612754203,0.029569067396973542,0.011209617225409882
survivor_1403_basin_1427_nma_bh_candidate_1744_gencluster_1744_conf_080354_implicit_min_hop_002_mode01_p0.75A_implicit_min,-0.011071304354610737,0.024268034253567244,0.0033643669243552657,0.04070892081700448,-0.01560980481046412,-0.01828701914460893,0.010684927042447646,0.018478126453360274,-0.015283748273605612,0.02941275406933349,0.020896143139676176,0.02108427367811775
survivor_1404_basin_1428_nma_bh_candidate_2269_gencluster_189_conf_027155_implicit_min_hop_003_mode02_m0.75A_implicit_min,-0.026338617738118263,0.019200975386660473,0.00755834418258082,0.015121463985005301,0.018876637511887017,0.009495832746649202,-0.05222048571449995,0.0262671755553371,-0.014270906243592566,0.009255063236845253,0.008597915762579433,-0.024337529050481102
survivor_1405_basin_1429_explore_r01_hit_0030_conf_008845_implicit_min,-0.026056340156973074,-0.004801182548128642,0.008323457770818408,-0.0018399984776874077,0.03289142190300885,0.019898634419959683,0.008828619482724202,-0.030319991350695987,0.023560953831325306,0.0076082957874439245,0.03833414929205792,0.003841985686354317
survivor_1406_basin_1430_candidate_1343_gencluster_1343_conf_107820_implicit_min,-0.019465281907714314,0.02048346638087366,0.012780763541174515,0.021759457549293156,0.008963703108859258,0.02519475130580045,0.010231561020718165,0.02254484812712771,0.032547585021255945,-0.001777668768280502,0.026954977550052408,-0.025864525404103854
survivor_1407_basin_1431_explore_r03_hit_0075_conf_024583_implicit_min,0.014144113778141617,0.052059339777602506,0.00838239088343527,-0.016618126425605173,-0.02008057269801244,0.015058478058853802,0.022443144535155488,0.002460195207650041,0.009956604305172827,-0.010718117948069124,-0.0048145482187003956,-0.005678221961140886
survivor_1408_basin_1432_candidate_2422_gencluster_384_conf_164423_implicit_min,-0.004127902899151405,0.011225376815432493,-0.005040671177452105,0.019675785387929332,0.0033207349607334404,0.03219698397842498,0.011728841848816977,0.02601780347204555,0.0012460011313838901,-0.030983221053165595,0.013368934589169506,0.004552916319367467
survivor_1409_basin_1433_candidate_1414_gencluster_1414_conf_114701_implicit_min,-0.01511850091409748,-0.006962502350695719,-0.025842908702038474,0.05862242481773176,0.01815627608820324,-0.02345533532387992,0.013004974229692594,0.033156777394500986,0.00020919801956518873,0.0286319295541943,0.047610838138038104,0.02810284775092705
survivor_140_basin_143_nma_bh_candidate_323_gencluster_323_conf_140845_implicit_min_hop_003_mode02_m1.35A_implicit_min,0.010671058892241044,-0.012950561583036958,-0.021501812840310174,0.010432316648266554,-0.008481881446436537,-0.040443993305649927,0.013412196480577454,0.03236951187524187,-0.014925082487892672,0.03890740148748228,0.029082342386167276,-0.0015857953324504087
survivor_1410_basin_1434_candidate_1934_gencluster_1934_conf_143876_implicit_min,0.00938058908773542,-0.03231585808500854,-0.00844979717293089,-0.0011489696884259006,-0.0077659088373271574,-0.015490671450049079,-0.011371343754506567,0.016520414617728053,-0.02695500102047388,0.016697789750898594,0.009139061522999278,-0.015961681800594006
survivor_1411_basin_1435_candidate_1224_gencluster_1224_conf_062801_implicit_min,-0.00378048462506295,-0.006616607189847234,0.03102682926073383,-0.031161185424912863,0.027575460349854093,-0.015967461320262555,0.012256794662580098,0.02088101891842658,0.004171761035735685,0.019479245406488932,-0.015768475481250464,-0.010185487313817913
survivor_1412_basin_1436_candidate_1804_gencluster_1804_conf_084214_implicit_min,0.02488645026371546,-0.020846211961854783,0.01853792196914912,-0.03792179977182804,-0.0020167209314600055,-0.04110148170771489,0.01972701711048489,-0.02802229963458534,0.009495138239988642,0.017119112811101875,-0.030281265070034584,-0.028093081452323542
survivor_1413_basin_1438_nma_bh_candidate_1228_gencluster_1228_conf_073136_implicit_min_hop_000_mode01_p1.35A_implicit_min,-0.007848085474146399,0.030223025592660657,0.0161560184804705,-0.0531821959132412,-0.0310621050836362,-0.02113162080386208,0.01433868466050539,-0.01203718553633596,0.05745459637391653,-0.020722049839572793,-0.01975014048803339,0.011983616064168253
survivor_1414_basin_1439_candidate_2601_gencluster_630_conf_130059_implicit_min,-0.007989149644248843,-0.016235088268280694,-0.036538242664068306,0.015089988905210438,-0.008565050906384531,0.018833014059654048,-0.0043148016636574615,-0.01956850633261686,0.002577741179078994,-0.01803284667068871,0.03682049118888529,0.011433678903284504
survivor_1415_basin_1440_candidate_2336_gencluster_273_conf_054352_implicit_min,-0.0008177486191254603,-0.03568510796420074,0.01845481848633574,-0.019557618478115435,-0.030228605843830345,0.013604867739514257,0.0019420992696030945,0.03403206556408324,0.015199369370952738,-0.022452528799923117,-0.005955304112331711,-0.01799707588070601
survivor_1416_basin_1441_candidate_2655_gencluster_706_conf_185651_implicit_min,0.0075744318402421445,0.008709525169440097,-0.02569564729514013,0.036889454778113985,-0.014533507782247056,-0.016492260426107956,0.007962012898093278,0.008558370852229552,-0.0357905112502367,0.003563028221351121,0.024916993745532363,0.008167651446753327
survivor_1417_basin_1442_nma_bh_candidate_2457_gencluster_433_conf_149315_implicit_min_hop_002_mode02_m1.35A_implicit_min,0.013187113867417798,0.01452310384399273,0.03045041846720084,0.04125107274148916,-0.006876277282287892,0.0005932877072091661,0.016368782944373734,0.0009798316331077357,-0.0053687171060862165,-0.006402192403103347,-0.019643314278060774,0.040994144691790704
survivor_1418_basin_1443_candidate_2558_gencluster_568_conf_132971_implicit_min,0.026664881473961125,-0.007049535655343398,-0.0078028148151718935,0.019969619220015538,0.03338416316126032,-0.012936084429120894,0.021514788521094164,0.01624937465086198,-0.042868621407702416,-0.014223458620103277,0.004151880871847039,-0.02032985698384034
survivor_1419_basin_1444_candidate_2193_gencluster_096_conf_115556_implicit_min,-0.04009825523994211,0.002026893392317303,-0.016337521288311577,-0.04392210600321703,-0.01721192952429684,0.017041433379972302,-0.01017527547220078,-0.04453495464213109,0.05513289949020534,-0.022156288494117906,0.020442399996735888,0.02473243140883622
survivor_141_basin_144_candidate_530_gencluster_530_conf_170713_implicit_min,-0.017200562060494924,-0.004225246440408396,0.040470169696979925,-0.007189924730924349,-0.010427328948609019,0.0015958442064929205,-0.021187536924943993,-0.00557550792036403,-0.005339299567629329,-0.028595691181045046,-0.013531817417563239,0.03502797869329999
survivor_1420_basin_1445_explore_r05_hit_0019_conf_014878_implicit_min,-0.020270872937608844,-0.0040858256570558,-0.02454408143296949,0.004178572387770963,0.024522716672216487,-0.033397058981209635,-0.047382414839082794,-0.02988213855340258,-0.006853394778755279,-0.008356803734944468,0.007017709276163677,0.0048910019172541805
survivor_1421_basin_1446_candidate_2416_gencluster_378_conf_153860_implicit_min,-0.008844104411508057,0.012401631686949502,0.05123108572005846,0.005813207048246463,0.003161725697904592,0.00877013464652688,-0.0023881034769522164,-0.041265784292018486,0.010137471052821884,0.0090263558791456,-0.012848660657552965,0.017105466504463117
survivor_1422_basin_1447_candidate_2031_gencluster_2031_conf_032474_implicit_min,-0.014153381457795636,-0.016185566286849213,0.004585531354390394,-0.02242603800079271,0.013255156320937865,0.009623057312034045,0.006118898715042536,0.03410746756774631,-0.008731761775471022,0.031632967384770984,-0.023586992371177184,0.01489414901408877
survivor_1423_basin_1448_candidate_1928_gencluster_1928_conf_064283_implicit_min,-0.04321904825418125,0.015623150873770298,-0.017122684892922596,0.024957153257338115,-0.02076573181335462,0.012494348550677506,-0.023063026020194898,0.06762082700742102,0.006207546292350003,0.017002256761116403,0.009819633696437523,0.015869148761957518
survivor_1424_basin_1449_candidate_1438_gencluster_1438_conf_177724_implicit_min,0.004336769111493196,0.001399065960087334,0.013809307759998335,0.03878091142996761,0.02132605821500512,-0.042557990662118905,-0.015304372924237076,-0.0040130485975375975,-0.030723621526407945,0.06062056530757007,-0.008615557984828496,-0.023304246303578774
survivor_1425_basin_1450_nma_bh_candidate_1614_gencluster_1614_conf_058900_implicit_min_hop_002_mode02_p1.35A_implicit_min,0.04894603554321995,-0.015019900886735502,0.017668881216345956,0.0362349786022616,-0.004121959453566403,-0.0014675105742749507,0.02425729305630137,0.01375037061796721,-0.03876757786876406,-0.0030489560561143317,-0.014639946063665652,0.00816665116863778
survivor_1426_basin_1451_candidate_2552_gencluster_560_conf_124916_implicit_min,-0.0062782106190542785,0.008290117027116092,-0.007922616982445485,0.031163534458412277,0.003652355904410788,0.005477394594520963,0.007543515447745068,0.020465690075319124,0.023821971317531575,0.017308515830886707,-0.02307874044979889,0.005086306860503041
survivor_1427_basin_1452_nma_bh_candidate_794_gencluster_794_conf_015756_implicit_min_hop_001_mode02_p1.35A_implicit_min,-0.00548213323792627,-0.00811875573527717,0.0013500147288229235,-0.010678071903136572,0.027546240359091406,0.04005722270797558,-0.013393633793717878,0.0026096395889765368,0.015876853170386063,0.0029764556737150167,-0.006218848156356123,0.0067192070572252675
survivor_1428_basin_1453_nma_bh_candidate_720_gencluster_720_conf_069593_implicit_min_hop_001_mode01_m1.35A_implicit_min,-0.045763009473828956,-0.0004982733036353049,0.0029303659695115035,0.011250100426398646,0.01089480818244588,0.023117605235853978,-0.05954265106804903,-0.009648083730476677,0.005131209562703551,0.005458339323820663,-0.0045750185319324245,0.006997139850696954
survivor_1429_basin_1454_candidate_2549_gencluster_556_conf_186197_implicit_min,0.006676519358976531,0.04247561602235808,-0.005841363284743838,-0.019786358150493642,-0.01244298965618295,-0.029675559241971006,0.002989668085565457,0.004983646823474301,0.016636608129054726,0.003513446166529866,-0.0037043586789443626,1.8879054734370404e-05
survivor_142_basin_145_nma_bh_candidate_1168_gencluster_1168_conf_154905_implicit_min_hop_000_mode02_m0.75A_implicit_min,0.008843221613658477,0.05578068608347205,0.00945250426725302,-0.027708354177788257,-0.023923799197448168,-0.020081125204309984,0.023732606899057027,0.001928741832345027,0.04404370103638411,0.012125271076367183,-0.021261778219464733,-0.0014812095289163877
survivor_1430_basin_1456_candidate_1818_gencluster_1818_conf_004937_implicit_min,0.017512782685088265,-0.04987806795820984,0.0025666466566078637,-0.03818506358022166,0.01614048263885163,0.01464561185566614,-0.007182766272702563,-0.0015808427352990823,-0.021118412365146035,-0.0378400755812893,0.0038415373955553314,-0.02158333942834575
survivor_1431_basin_1457_candidate_186_gencluster_186_conf_018601_implicit_min,-0.019639449040114734,-0.01147753840013918,0.014274552849543784,0.012539901234911083,0.0226815919437662,-0.05243698349441027,-0.05118288541268192,-0.034111092845374176,-0.014006450323012929,0.013110822731081767,-0.019720412086305872,0.006800564407664838
survivor_1432_basin_1458_candidate_1480_gencluster_1480_conf_149343_implicit_min,-0.004473588706827359,0.01849621334616813,-0.03587330117348427,-0.016722246498737808,0.024954950170429414,0.0067670244152534505,0.018523523807867478,0.016410872815178345,0.03659050657628558,0.0033693888167852484,-0.01956553831401353,-0.010743680983933883
survivor_1433_basin_1459_candidate_987_gencluster_987_conf_001895_implicit_min,0.01593703059988435,-0.011562036038454834,0.01117357128240214,-0.04474948370248592,-0.009718071195378934,-0.014605687345091939,0.015638060735704746,-0.014684888546241896,0.023354612422962086,-0.007993635571574165,-0.025708274899022242,-0.03234846327540337
survivor_1434_basin_1460_candidate_2402_gencluster_361_conf_150756_implicit_min,0.010618442201973315,0.03095971204089987,-0.012204849656808394,-0.007185740750925125,-0.00652285832201015,0.02831232778623929,0.00226058972272447,0.004222957759499625,0.008394905014619727,-0.04254975134143846,0.019445867723922428,-0.013563758509550659
survivor_1435_basin_1461_candidate_2852_gencluster_955_conf_158092_implicit_min,0.0023449567227392773,-0.02597799285526027,-0.0032233294609851832,0.0066153700012981966,0.02902989369104769,-0.024501445031714728,0.023881691656502176,-0.024052736402810738,-0.007068977440270754,0.02226584315353395,0.01728295611566955,0.010003828090464902
survivor_1436_basin_1462_candidate_727_gencluster_727_conf_000767_implicit_min,-0.0008861362294285516,-0.03527551318417009,0.024695766903377568,-0.013217712517167152,-0.003995424644907635,-0.007501150450093389,0.007831155609204247,0.012077137533775352,-0.03248414337291983,0.017900364367886,0.010150184674973545,-0.020915082875291164
survivor_1437_basin_1463_candidate_1833_gencluster_1833_conf_004385_implicit_min,-0.03560745937971,-0.01491109578728785,-0.009970330919939683,-0.026231761175163074,-0.04636731007441005,-0.01627633369953051,-0.010368737289649469,0.035449913774178374,0.030547530187778806,-0.012778239431341319,0.012098867217780087,0.03225391841059104
survivor_1438_basin_1464_nma_bh_candidate_2328_gencluster_260_conf_086582_implicit_min_hop_003_mode02_m1.35A_implicit_min,0.018692173605427916,0.020305965759121216,-0.0003911104738372138,0.0332664716196904,-0.041088796913752175,0.02216287050159179,0.01760958785703612,0.030398322260196592,-0.021593475715326507,-0.02929491550656577,0.001257511888431924,0.028762298528780005
survivor_1439_basin_1465_explore_r01_hit_0047_conf_032469_implicit_min,0.02508190385727861,-0.0023195967846577964,-0.024239811094087304,-0.02208238384384409,0.011011619840086884,0.0018065535800878983,0.02903810108366324,0.014425195191125053,0.02212750576529224,-0.0016892833800621627,-0.011518271690653743,-0.02876243398432302
survivor_143_basin_146_nma_bh_candidate_366_gencluster_366_conf_085244_implicit_min_hop_001_mode02_p1.35A_implicit_min,-0.03680272921148618,0.031050882656274856,0.007125543646378888,0.018687092695083254,0.013281031454449409,0.009121887543491957,-0.01510641619275185,0.021900234655493633,0.016906760596103732,0.023893942115515803,0.043294729887935486,0.04059933173329994
survivor_1440_basin_1466_candidate_1595_gencluster_1595_conf_028097_implicit_min,-0.003954914229999145,-0.007789365094390634,0.0006252635451054892,-0.006172260812207729,-0.024667667337899397,0.00395376496945149,0.013489753996634648,0.006180259884377678,0.032870748659676235,-0.04389891577879764,-0.00308606169501207,0.015972279711526777
survivor_1441_basin_1467_candidate_971_gencluster_971_conf_022416_implicit_min,0.0017896799851620949,-0.024299524196000954,0.0007066908997116932,0.033446309056586694,0.004678066826171018,-0.03943853906276093,0.01085129314367927,-0.036940412077531966,-0.0050511336152397075,0.029490421367281878,-0.009837075728500727,0.04982075427713604
survivor_1442_basin_1468_candidate_1914_gencluster_1914_conf_189127_implicit_min,-0.03072930981876367,0.010421235931834298,0.0005719008348630373,0.021553410625704754,0.025824105634623746,0.03533881810653619,-0.03910616151344649,0.0022775884670157166,-0.00844815032443707,0.016670019016785165,0.04884330366502031,-0.02114580580224229
survivor_1443_basin_1469_nma_bh_candidate_1168_gencluster_1168_conf_154905_implicit_min_hop_002_mode01_m0.75A_implicit_min,0.005437590802483919,0.041327261148052595,0.02838813661822126,-0.017211139507201434,-0.0374339454250379,-0.000644267550937122,0.01666929711223523,0.014537065592714416,0.0542462043281868,0.0033206718173248388,-0.021902464234918345,0.0007024911212992708
survivor_1444_basin_1470_candidate_2220_gencluster_133_conf_109959_implicit_min,-0.03353822809080279,0.007101478510042471,0.03798065716592623,0.004179918513112016,-0.0009990109541378263,-0.04436723017116885,-0.06055302079561394,-0.005461068028399853,-0.0023392871882182507,0.011829832660863751,-0.03130129278156645,-0.008546040011624702
survivor_1445_basin_1471_candidate_977_gencluster_977_conf_177743_implicit_min,0.0018047806791679755,0.003698659888782577,-0.014776033748227614,0.05344263704173719,-0.008222750298448822,-0.01865954596137693,0.013254405527725659,-0.011187018863603942,-0.027865169152621504,0.03783397562299081,0.019928736199338132,0.04326825941086874
survivor_1446_basin_1472_candidate_2339_gencluster_276_conf_175202_implicit_min,0.000778422972545664,-0.021200510097594077,0.004733962115046441,0.0041721341450696595,0.018900930195438672,0.004980263568083502,0.01695343941125227,-0.021867770927850236,-0.0056321078729069515,0.04022578596501115,-0.007125499686316786,0.033534407374989646
survivor_1447_basin_1473_candidate_2280_gencluster_200_conf_094414_implicit_min,0.033958403092822546,-0.04755912406783585,0.02370311784771962,-0.02290908461725386,-0.019252124638489625,0.01352672020484343,0.027794042061046145,-0.0006101691289706163,-0.028985169301363817,-0.0038473029774705064,-0.012635973956552235,-0.016893100012506206
survivor_1448_basin_1474_candidate_1087_gencluster_1087_conf_078337_implicit_min,0.041375377321306764,-0.03777047802500902,0.012924403973831999,-0.006959505054730467,-0.012879851898023431,-0.005873079644066466,0.029111382617609642,-0.015320923181355866,-0.005226080813790578,0.0006008640996476515,-0.024590487656347037,-0.020696983104721105
survivor_1449_basin_1475_candidate_2281_gencluster_201_conf_155743_implicit_min,-0.030716241762384404,-0.024714648376496888,-0.01670850867731325,-0.042982590022251584,0.020885344972105847,0.012059195301801714,0.005056929842365274,-0.046661300646588355,0.04966785714305779,0.00030256071039731303,0.04603641955065286,-5.700875831160197e-06
survivor_144_basin_147_candidate_110_gencluster_110_conf_007194_implicit_min,-0.0132907586103277,0.03343134276012449,0.021243208753012822,0.022421451868070597,0.017132736254387132,0.02444174854940439,0.0015526310138445226,0.009029375235099647,0.04020551493870428,0.01048595916962262,0.0410994444879648,-0.002288875065118924
survivor_1450_basin_1476_explore_r02_hit_0089_conf_016568_implicit_min,0.03404444911374042,-0.047668510600755595,0.025122037235292192,-0.011617845930806631,-0.023364354076157313,0.009499298754588938,0.028947178521288593,0.0026367997056699036,-0.027007328062545598,0.007203938634134821,-0.011830939481615427,-0.024625933421122317
survivor_1451_basin_1477_candidate_2689_gencluster_758_conf_106904_implicit_min,0.005488825679145786,-0.026049657501462438,0.004199241646964376,0.025089566378501137,-0.011424441857323928,-0.007250925045539004,-0.0036948525960540587,0.006328714526650704,-0.008926231154528654,-0.001048412051999345,-0.021851891842120597,0.03328133036669726
survivor_1452_basin_1478_candidate_1454_gencluster_1454_conf_015629_implicit_min,0.009244032349899787,0.010753144277949447,-0.020170548492736744,-0.021524422789869463,0.024891481814543356,-0.007058072322773066,-0.008665236179554128,0.013520824270611223,-0.006307746646318017,0.007784787865830724,-0.005319459387717343,-0.02902854000710376
survivor_1453_basin_1479_candidate_1664_gencluster_1664_conf_062700_implicit_min,-0.017863731361927638,-0.029400315987282963,0.004706668480884453,0.017531561149185314,-0.012191827027117231,0.02092608962506753,-0.003456093493063658,0.04174008693109438,0.021294255218231688,0.018302570569661076,-0.019234850126055053,-0.0003702882762180624
survivor_1454_basin_1480_nma_bh_candidate_1143_gencluster_1143_conf_019885_implicit_min_hop_003_mode02_p0.75A_implicit_min,-0.013962586427256249,0.002117054452750019,0.01474239096731716,-0.0007450562516919707,0.02610719837090303,0.0009986574811384691,-0.007961531908748076,-0.01750490504857407,0.021310249318648597,-0.001880392430011972,0.03946075551205387,-0.008273737576558186
survivor_1455_basin_1481_nma_bh_candidate_2328_gencluster_260_conf_086582_implicit_min_hop_002_mode02_p1.35A_implicit_min,0.01705331787900067,0.03080408866052172,0.006774771665489297,0.005768720731861846,-0.0376814911268846,0.002029260913564205,0.005335268256875063,0.03034152780370598,-0.015619660412221802,-0.046446676705039845,-0.0043377811832981455,0.0209720198381639
survivor_1456_basin_1482_nma_bh_candidate_181_gencluster_181_conf_004749_implicit_min_hop_001_mode02_m0.75A_implicit_min,-0.017194168439187852,-0.015348707153274894,0.025465072150068685,0.0180240284886884,-0.02126161633543569,0.009606209289359343,-0.015383430273435675,0.04529848115622106,0.020204904490760116,-0.017205705123436773,-0.03184177568086913,0.023428509169835462
survivor_1457_basin_1483_candidate_2354_gencluster_292_conf_053644_implicit_min,-0.005886280964045995,0.019440702585138636,-0.010197503104313272,0.042562215389044575,0.01859063615212919,-0.02309294779483802,-0.02033226679941803,-0.041238031046149544,-0.01974864450046061,0.028379792634067435,-0.0016833382044238946,0.015765046694596812
survivor_1458_basin_1484_nma_bh_candidate_1632_gencluster_1632_conf_108386_implicit_min_hop_003_mode01_m1.35A_implicit_min,-0.009714059420155473,0.0147673723734588,0.00856668769768638,-0.022100426959715896,0.010356089588510857,-0.02063893500915099,0.008679014570881223,0.00042264532887318577,0.032143454915600625,-0.0279903498273044,3.6504644120180846e-05,-0.03408806229642681
survivor_1459_basin_1485_candidate_163_gencluster_163_conf_097427_implicit_min,-0.020249156250610204,0.018260746038401995,-0.043360030488948285,-0.003680989702945541,0.02030100391746349,-0.012837641478477572,-0.0037527581926481085,0.006370276055377347,0.017802989973423736,-0.03411833666762979,-0.02050302449995927,-0.0069854645169157275
survivor_145_basin_148_nma_bh_candidate_1143_gencluster_1143_conf_019885_implicit_min_hop_003_mode02_p1.35A_implicit_min,-0.011689794324974032,-0.0013256249049434555,0.017461622865761906,-0.004836033088900861,0.024585674432461433,0.004620935856216109,-0.006382049659605615,-0.015526181590169675,0.0191675554128459,-0.00024388013851297477,0.041076250971180846,-0.011462906340534346
survivor_1460_basin_1486_nma_bh_candidate_1744_gencluster_1744_conf_080354_implicit_min_hop_003_mode01_p0.75A_implicit_min,-0.009229172507487905,0.0247073172597831,-0.010015990590688762,0.0409917763311242,-0.0028800149231431515,-0.01763029007079646,-0.0012315355932624636,0.012557367968915642,-0.020027996848050122,0.02491292005073337,0.022539004415322757,0.021552948454498535
survivor_1461_basin_1487_candidate_1309_gencluster_1309_conf_152018_implicit_min,-0.005092354524775726,0.022521828116489517,-0.020888334843169123,-0.008086534241914987,0.008535723717313561,0.04561879948237501,0.0044425977870172755,0.021264285335494806,-0.023548490233019997,-0.033942645620421055,0.035779839860963426,0.016490234772916786
survivor_1462_basin_1488_candidate_1400_gencluster_1400_conf_037037_implicit_min,-0.022101613588401514,-0.03419629133263297,-0.00020295686060464708,0.009960082793271794,0.020619558105698172,0.029369273082232545,-0.018929704814624596,0.026725796114426,-0.01813796900770929,0.008737070691281,0.03681540281524451,-0.0014558755328751886
survivor_1463_basin_1489_nma_bh_candidate_1266_gencluster_1266_conf_074504_implicit_min_hop_002_mode02_m1.35A_implicit_min,0.0296754920657971,0.0010365892222860573,0.016195800285092952,-0.014091636730024108,0.019264052534347525,0.007073508539187242,0.024768810630015185,-0.009763575846727476,-0.00917335824556315,0.02125645073315427,0.007296126514529735,-0.054207032878076614
survivor_1464_basin_1490_candidate_2999_gencluster_1135_conf_091552_implicit_min,-0.003654834020495489,0.01005478635334671,-0.0015774259194095254,0.00833653298959689,-0.023838865992911757,-0.011959873376579317,0.010800942004882009,0.009514022937836337,0.00643585208459223,0.022446772488160602,0.018388712404617567,0.014047151763301824
survivor_1465_basin_1491_explore_r02_hit_0050_conf_029702_implicit_min,-0.025858484784868494,0.008713969326232049,-0.025775344396559312,-0.02125527166725947,0.030191822589001615,0.011484780504700571,0.020732131429871195,0.0007362032203009791,0.030014070896176106,-0.0016733880372337918,0.02547796063222814,0.044690978024823844
survivor_1466_basin_1492_candidate_2818_gencluster_911_conf_137899_implicit_min,-0.0048054689578557516,0.03582197176716615,0.010163723955107796,0.01646643764233797,0.04146877075412318,-0.002681483179944433,0.010948666758649125,-0.04151048843491995,0.016321357742560678,-0.007325347689296058,0.026245465595087582,0.010550465870549863
survivor_1467_basin_1493_explore_r03_hit_0014_conf_015437_implicit_min,0.02310910260034852,0.04195989876075429,0.0007594646543826133,-0.01963924257536487,-0.011923485834480186,0.012466486251159313,0.024628959970613862,0.01595807965251545,0.0062506943865258706,-0.016822588319548738,0.013283849635854795,-0.019008050456939322
survivor_1468_basin_1494_nma_bh_candidate_366_gencluster_366_conf_085244_implicit_min_hop_003_mode01_p0.75A_implicit_min,-0.0379073088542391,0.025709153073442,-0.018672703212624917,0.028990165324060214,-0.030695194582197133,0.0025391458556008107,-0.011198130959745282,0.05104084654062763,0.01647740822414849,0.020978291369446504,0.018079546896756324,0.02051927585044542
survivor_1469_basin_1495_candidate_1075_gencluster_1075_conf_104629_implicit_min,0.021767422429940248,-0.03480673656008811,0.004246751771141857,0.000580741968545517,-0.021511824496974037,-0.009576817776344693,0.02190229663937502,0.020985391388200696,-0.010126196066102312,0.021498707239056274,-0.02965878350946288,-0.010821914120557123
survivor_146_basin_149_nma_bh_candidate_484_gencluster_484_conf_150688_implicit_min_hop_000_mode02_p0.75A_implicit_min,-0.009330420150722867,0.05063826890410223,0.022947256951365222,0.004684040363068078,0.034651338042923904,0.017184252342209595,0.011422589318585733,-0.03429356156092557,-0.008557331700209829,0.029272451346490046,0.027513243979775257,0.024843456371476624
survivor_1470_basin_1496_candidate_1293_gencluster_1293_conf_000880_implicit_min,-0.01445679160194228,-0.028714209642090163,0.03552833714344879,0.001776564715191266,-0.02271881830856879,0.035979579530299365,0.0018892911400087713,0.03978993897929249,0.021337666085829647,0.012711109268543937,0.0039315377626409345,-0.007279079913761213
survivor_1471_basin_1497_nma_bh_candidate_2663_gencluster_717_conf_014249_implicit_min_hop_002_mode02_p0.75A_implicit_min,0.0044193429650652705,0.02323942141755785,-0.044420353463051475,-0.020806995701346438,-0.015480705087586292,0.024945633828062315,0.0242766896673846,0.0014176860218345546,0.015356568089335035,-0.04162572388003351,0.003908763700904737,-0.004234875505574945
survivor_1472_basin_1498_candidate_1710_gencluster_1710_conf_079428_implicit_min,-0.01781447804094779,-0.024603757663257175,-0.006311522095094139,-0.0024795712778359308,0.036345947060447185,0.01731987828068195,-0.022146386088855465,-0.04328431780302808,-0.009946570554050339,0.01863925958621568,-0.026204556093648506,0.03776715625822452
survivor_1473_basin_1499_candidate_974_gencluster_974_conf_023798_implicit_min,-0.015173050178143802,0.018048571454284183,-0.012416850094455638,-0.0020982551321650856,0.04992204300656721,0.016529986310369067,-0.005093130137899987,0.028520688643073007,-0.012354853836579117,0.019151515841689098,0.007501666526766249,-0.0049143593681406465
survivor_1474_basin_1500_candidate_2636_gencluster_683_conf_017551_implicit_min,-0.029551022455132248,-0.006390970853855109,0.027204667268368114,0.017384349293425486,-0.007721494378234541,0.013364385561715025,-0.0040628693709389785,0.026851719691956155,0.01122434945608041,-0.03507881927003442,-0.008517540752867715,0.036004496593439364
survivor_1475_basin_1501_nma_bh_candidate_484_gencluster_484_conf_150688_implicit_min_hop_001_mode02_m0.75A_implicit_min,-0.010267467785822907,0.049348827412227673,0.020119628895692226,-0.0029868494237853325,0.042980254850237924,0.004110819398311943,0.01793177139794095,-0.03127938798462411,-0.0038560108393051037,0.018880378981710372,0.03367088916252803,0.0221884120426757
survivor_1476_basin_1502_nma_bh_candidate_2663_gencluster_717_conf_014249_implicit_min_hop_001_mode01_m1.35A_implicit_min,0.004586395411519386,0.02527476693784715,-0.03570537453954877,-0.016263749017565908,-0.01018604138787361,0.030369064077107506,0.023892622912679806,-0.006426388852619673,0.019344134093378703,-0.035533956556667065,0.002353506866471917,-0.010193022582609606
survivor_1477_basin_1503_candidate_2417_gencluster_379_conf_159664_implicit_min,-0.017939531001818058,0.025253545026908242,0.03472335915035858,-0.010250575228611057,-0.018734242728729325,-0.018724671155080815,-0.04523119558005909,-0.012365372705872088,-0.0003430798319887879,-0.001644252107203075,-0.044258755167217646,0.0017162246595314823
survivor_1478_basin_1504_candidate_2222_gencluster_135_conf_051390_implicit_min,0.0279038294324311,0.009801919667969314,0.03902564913745741,0.030242949231117113,0.03792276406657101,-0.01588721236067112,0.015232077926848142,-0.021494059325654253,-0.009626755547113631,0.04940703008338631,0.002481703770047164,-0.03183371538584904
survivor_1479_basin_1505_candidate_1577_gencluster_1577_conf_069046_implicit_min,-0.0026657061374436753,-0.019601229632683587,0.02441783041757765,-0.04732353509274761,0.013067200704135504,-0.020287476524758406,-0.02109842137250317,-0.019342770636694345,0.00172773600942085,-0.02916747669401557,0.02479521000321073,-0.031593211042601495
survivor_147_basin_150_nma_bh_candidate_2663_gencluster_717_conf_014249_implicit_min_hop_001_mode02_p0.75A_implicit_min,0.0038286355477436464,0.020209893349996767,-0.042309705957370665,-0.014799084888052087,-0.01039992084268766,0.029933616375838412,0.02185569614174571,-0.005050028009451558,0.026050615113285797,-0.039246828838308004,0.007428391522321071,-0.013495315113444565
survivor_1480_basin_1506_candidate_1049_gencluster_1049_conf_073279_implicit_min,0.00965439113261348,0.04345402016041074,0.012398295685379335,-0.002801535833469182,0.0038704491613542353,0.010466769855777727,0.007740957569376722,-0.007300015094568445,-0.0058963870928156435,-0.0302438622081365,0.008056626762324557,-0.004983688367258108
survivor_1481_basin_1507_candidate_1424_gencluster_1424_conf_126567_implicit_min,-0.008220072700562814,-0.03451325928485806,0.014901936560918637,-0.017591038906840512,0.00925071899070152,-0.059086740148284626,-0.013889884941440651,-0.025014024093128192,0.002950060303378692,0.04715266262805048,-0.0008757686232043933,-0.02249222181702963
survivor_1482_basin_1508_candidate_445_gencluster_445_conf_060269_implicit_min,0.013841470692978782,0.00498713011613232,0.0049391061796924835,-0.027268784432960012,0.0009226478843589773,-0.020196184047695173,-0.00020280709124069428,-0.024346760122763548,0.01593732886875711,-0.01494022387219531,-0.03385801649921007,-0.0022626351671386096
survivor_1483_basin_1509_candidate_973_gencluster_973_conf_156883_implicit_min,0.013022704290069492,0.0014438502234395594,-0.05942768423848179,0.01369923089107187,-0.03214702437335899,0.04235496381484618,0.010391921808907188,0.015108153590062654,-0.025964017618979873,-0.04975865991993876,0.01675642485647147,0.02160628696185644
survivor_1484_basin_1510_nma_bh_candidate_2863_gencluster_967_conf_115824_implicit_min_hop_001_mode01_m0.75A_implicit_min,-0.015943717578180895,-0.024456932088655695,-0.006714860782248616,0.03347362373133277,-0.01971837485307968,-0.028405045847470837,-0.027305694989405566,-0.0052023114065074,-0.00994549950116457,0.016851191598621387,-0.022915992413964727,0.008304261090089757
survivor_1485_basin_1511_candidate_773_gencluster_773_conf_003853_implicit_min,-0.061500822273125914,-0.002714666237850586,-0.011954287819001727,0.0013502430413790038,-0.0018405604866986943,-0.012946689990709147,-0.06657706226945799,-0.002560046224314836,0.011051649768421264,0.0037871377433986086,-0.015943552601098285,0.0038697026454752206
survivor_1486_basin_1512_nma_bh_candidate_2457_gencluster_433_conf_149315_implicit_min_hop_001_mode02_p0.75A_implicit_min,0.015379241811695291,0.02826367411567166,0.006865664420187992,0.027338040343293447,-0.01609067875994335,0.009956374696910743,0.019478576507169963,0.010688729193374628,-0.019675067395041046,-0.011153379623332156,-0.018410556250961333,0.029470120932903486
survivor_1487_basin_1513_nma_bh_candidate_1614_gencluster_1614_conf_058900_implicit_min_hop_000_mode01_m1.35A_implicit_min,0.0450726024483523,-0.015927245123426772,0.006497419123109994,0.034254667777707,-0.00025617096110700367,0.002574320055697034,0.023964751314697486,0.006701938123042184,-0.03726083805871868,-0.006923492471480099,0.003722353743333735,0.012968965698286972
survivor_1488_basin_1514_nma_bh_candidate_1614_gencluster_1614_conf_058900_implicit_min_hop_001_mode02_p0.75A_implicit_min,0.04555737677924323,-0.00932483109836026,0.01070471316816406,0.031630376207416495,-0.0031244865691550114,-0.0038583855717033515,0.02554391017794292,0.002189444107721688,-0.038725413456837415,0.007612796478401576,-0.019185673085997508,0.024317219463324533
survivor_1489_basin_1515_nma_bh_candidate_1888_gencluster_1888_conf_021802_implicit_min_hop_003_mode02_p1.35A_implicit_min,-0.039977664562016096,0.0346162423445271,-0.0025577959254355744,0.01555290709274389,0.010827407919769405,0.005580228074959281,-0.030017183423796362,0.0031816074916267635,0.01255304263590577,0.0058559210461101895,0.02034329584346095,0.0044092121817869544
survivor_148_basin_151_explore_r01_hit_0022_conf_006026_implicit_min,0.03554090106391477,0.013275030405457593,-0.008619275932193351,-0.02324609485563977,0.03997189027349746,-0.010581345758491893,0.02480328151036994,-0.004320587820729415,-0.007673329898883241,-0.013582463313161744,0.013925346453885103,-0.0447057227610335
survivor_1490_basin_1516_candidate_1620_gencluster_1620_conf_099478_implicit_min,-0.02243045807228128,0.015250647090110033,0.008902859122069623,0.02585524046387726,0.00973200930596568,-0.014559074399511596,-0.03387133933398172,-0.03663641933788512,-0.013491441573395309,0.024585123992977354,0.0200927109822421,0.007648889451347598
survivor_1491_basin_1517_nma_bh_candidate_2126_gencluster_018_conf_131165_implicit_min_hop_003_mode01_p1.35A_implicit_min,-0.0025626102306334606,0.015369291858273374,0.03014061807262772,0.02963216531524468,-0.03738092225382855,0.029486751720579296,-0.0008041799749973598,0.02687268070579482,-0.017021446890846486,0.005449623171966237,-0.021368583251054465,0.016923001793436854
survivor_1492_basin_1518_nma_bh_candidate_1168_gencluster_1168_conf_154905_implicit_min_hop_000_mode01_p1.35A_implicit_min,0.01249213439285252,0.050054498831988946,0.02253224265050541,-0.01666143426890374,-0.019195255691590623,-0.019238427556429818,0.02343137147120802,-0.0009470963203758912,0.03716251479305851,0.01696227380047067,-0.01760940835194909,-0.0016323262817946598
survivor_1493_basin_1519_nma_bh_candidate_1822_gencluster_1822_conf_005041_implicit_min_hop_001_mode02_p0.75A_implicit_min,-0.011300186936334122,-0.024619721271256598,0.018851395139111594,0.0022748077349330144,0.016779878000654967,-0.035147762685085224,-0.04337575328713153,-0.022074441582792377,-0.026626660590089547,0.042659673426730375,-0.018951431847231068,-0.023006581956463955
survivor_1494_basin_1520_candidate_006_gencluster_006_conf_090550_implicit_min,-0.04081121748203744,-0.0035872240967109027,-0.0073000180304611684,0.008415618138137015,-0.008327291602686039,0.007753936963325813,-0.05881636460977173,0.023693381870213172,0.003682290443217186,0.001012508732064193,-0.0028526417005892038,-0.0010919649620016985
survivor_1495_basin_1521_candidate_1141_gencluster_1141_conf_002391_implicit_min,0.011096250290300865,0.01815259346904552,0.015576219048007371,0.01896409055113955,0.008282904654024658,-0.03850748557237662,-0.0028353976642208033,0.01798783702873399,-0.01436387432490058,0.04264898183684751,-0.020462731940977003,-0.020046633108716166
survivor_1496_basin_1522_nma_bh_candidate_2167_gencluster_066_conf_172158_implicit_min_hop_003_mode01_p0.75A_implicit_min,-0.03499777589984194,0.028913408381690778,-0.01631896061653437,0.0060392348721687045,0.0020246308817739507,0.027986867759949175,-0.03607458268887718,0.04278881357231356,0.015799992558643856,0.007460271040161023,-0.003669270813309016,-0.005583888611865235
survivor_1497_basin_1523_nma_bh_candidate_1306_gencluster_1306_conf_001572_implicit_min_hop_002_mode02_m1.35A_implicit_min,0.000585707136886894,-0.03477062574864436,-0.014462702281172506,0.02507129041680965,-0.03729050083694509,0.009166893391331938,0.010700774722247395,0.018831514465891652,0.0025458770547197337,-0.030427092250145785,-0.024654226735624823,0.007561339585055953
survivor_1498_basin_1524_candidate_1925_gencluster_1925_conf_059785_implicit_min,0.006106949181876676,0.01750840071290793,-0.0012505481219399774,0.013624956077406708,0.008062068914907914,-0.00480146776025849,0.001038035253132668,-0.014054919443973295,0.020020889046699526,-0.018826079335985322,-0.003399476899196703,-0.05667806462961666
survivor_1499_basin_1525_nma_bh_candidate_2683_gencluster_750_conf_033714_implicit_min_hop_000_mode02_m0.75A_implicit_min,-0.018253427026603666,0.015677945055607743,-0.04851430298523709,-0.006255085736958051,-0.014034346433837589,-0.0032401899843117546,-0.0252240533695764,-0.007646080243063387,0.02462645797607301,-0.02173115278671149,-0.0049270698065424475,-0.011873216884493037
survivor_149_basin_152_nma_bh_candidate_2233_gencluster_148_conf_073474_implicit_min_hop_001_mode02_m0.75A_implicit_min,-0.03446943411425492,-0.013296540747157063,-0.02938716396192545,-0.0002373733665963739,-0.022479997112064384,0.008980758760512332,-0.026837765142661615,0.02925818589808544,0.012073442167807761,0.007179511534957598,-0.005838896969396975,0.00880823969523228
survivor_1500_basin_1526_candidate_1837_gencluster_1837_conf_004851_implicit_min,0.012486196748104878,0.008126577344342717,0.005404663147767115,-0.03044657875660054,0.00890499163750855,-0.0019287131610276596,-0.019355292812986837,-0.01590074999274115,-0.026776137017142626,-0.043584745893496264,0.005673480380677032,-0.008118836855919432
survivor_1501_basin_1527_nma_bh_candidate_2136_gencluster_029_conf_073146_implicit_min_hop_000_mode01_p1.35A_implicit_min,0.039745063363965424,0.00614863497662569,-0.017656564741021164,0.017654929640355452,-0.016229609379225175,-0.02670289045839238,-0.002008325351974918,-0.00452450274766324,-0.03382051433956554,-0.04314068471421887,-0.03111631640418026,0.007649522223772414
survivor_1502_basin_1528_candidate_2034_gencluster_2034_conf_103647_implicit_min,0.0007331204428080479,-0.0010805955583655152,0.021446548917708873,-0.043852255045456034,-0.00772255991970072,-0.026193103555890412,-0.009469044080879728,-0.032797503857281,0.010098653964472744,0.003950292063921728,-0.010995868508250791,-0.01708476547500442
survivor_1503_basin_1529_candidate_032_gencluster_032_conf_021094_implicit_min,0.009348514556230333,0.0023663914173310168,0.0021496656341785402,-0.0035650550745141693,-0.022298388310198432,-0.03073056372983452,0.01734565528042597,0.028542963734963372,0.005273795958404899,0.021185894696126036,0.02792297888455091,-0.003650203769065757
survivor_1504_basin_1530_nma_bh_candidate_2420_gencluster_382_conf_082252_implicit_min_hop_000_mode02_m1.35A_implicit_min,0.03263228009831011,0.004966901896606592,-0.008769715113675752,0.006361962431268555,0.03827531241901168,-0.018633272386324673,-0.0027120480247230525,-0.01393249803749829,-0.03316782802379777,-0.003597486751575264,-0.005375480690378353,-0.037364793112595794
survivor_1505_basin_1531_candidate_535_gencluster_535_conf_002968_implicit_min,0.03688547076020462,-0.03736491275974063,-0.006526539110739532,-0.01170398371580268,-0.01508248338507827,-0.006645435370573762,0.0103664993283676,0.001816054631947282,-0.02399456836904992,-0.035818407979268246,-0.009346335210325706,-0.004452522426644846
survivor_1506_basin_1532_candidate_015_gencluster_015_conf_045381_implicit_min,-0.009685222432775465,-0.023204366353328426,-0.02740223783671553,0.010503691564454984,-0.026052146157835965,-0.0033763262706285276,0.01542147733106696,0.02972941262679772,0.028481680181737027,-0.006653533230520672,-0.022893933622171132,0.015524176364384289
survivor_1507_basin_1533_candidate_1474_gencluster_1474_conf_032248_implicit_min,-0.01657695509696669,-0.05775513830497064,-0.0267993307312932,0.005429217189816616,-0.00818893131034553,0.01850440770083861,0.0024751513094051158,-0.027146115034486096,0.00686189538916335,-0.0035026617408986456,0.03200232109470187,0.008435066713972648
survivor_1508_basin_1534_candidate_1365_gencluster_1365_conf_003507_implicit_min,0.04695632956061353,-0.008524205369303206,-0.021660526521501706,-0.005224289275519607,0.006616895598392427,0.006720872058739214,0.029776093410254348,-0.02306494493401273,-0.023848717587779206,-0.02203784819427643,0.006526048041616507,0.002508586577461609
survivor_1509_basin_1535_candidate_991_gencluster_991_conf_011236_implicit_min,0.006480554002402013,-0.007648998045661214,0.006218610566046412,-0.041326013840681006,0.014123032823906874,-0.015425470388368289,-0.005974353510472915,-0.01684471422266681,0.010387231124760097,-0.03269286614370143,-0.02575999443129759,-0.03137630917011006
survivor_150_basin_153_explore_r01_hit_0004_conf_004002_implicit_min,0.03501622278622918,0.008197771105970595,0.004305861247517832,-0.03119453798378151,0.012261354756270628,-0.03158425511846642,0.03268010925056237,-0.0014070706985547712,0.009836033335455853,0.0004095552597860815,-0.012929569681883697,-0.04854314191028106
survivor_1510_basin_1536_candidate_2828_gencluster_923_conf_092122_implicit_min,-0.0035450490397648487,-0.027438088152816887,0.02428127145222311,0.0008138954278522305,0.025257944886848595,0.0028689484726128287,-0.029493473418481343,0.002004345641296426,-0.014195153211093648,0.00399145064417179,-0.017133995255242458,-0.028471842710413992
survivor_1511_basin_1537_explore_r04_hit_0062_conf_039995_implicit_min,0.032690290624263874,0.013167249952455946,-0.008273043435550551,-0.03001097837120166,0.012326395737511514,-0.041474451999706875,0.027508070755169055,-0.023172758873408736,0.017041224639075637,0.02561407203131785,-0.021518197449244554,-0.034429707294171066
survivor_1512_basin_1538_candidate_133_gencluster_133_conf_002547_implicit_min,-0.035940330659808895,0.01272310831713971,0.038458688291922186,0.003127974603380309,-0.011112467265735214,-0.04176949976483491,-0.06238093056917886,-0.007584791039043891,-0.00403025098692176,0.009735629308874096,-0.027537772611642034,-0.0006726391551629376
survivor_1513_basin_1539_nma_bh_candidate_706_gencluster_706_conf_010197_implicit_min_hop_001_mode01_m0.75A_implicit_min,-0.0022670083011022296,0.02354562219340225,-0.013210636224947416,0.015125002157867832,0.007875332427615804,0.007954437633477501,0.007477316480594925,-0.0006140414220295636,-0.037511768405352273,-0.017672463618338144,0.020614413720591872,0.01911720779605377
survivor_1514_basin_1540_nma_bh_candidate_657_gencluster_657_conf_033799_implicit_min_hop_002_mode01_p0.75A_implicit_min,-2.735791379007288e-05,-0.013602401223531554,0.03774295566906913,-0.002286342138493632,0.0013554349152683466,0.013074269910531414,0.010516229593045889,0.007530189442119161,-0.01537135619278786,0.0307500492346069,0.01849527057461547,-0.018777739220531213
survivor_1515_basin_1541_nma_bh_candidate_896_gencluster_896_conf_007510_implicit_min_hop_003_mode01_m1.35A_implicit_min,-0.014737482274239187,0.027644743494811896,-0.01964585726278524,-0.0010707241048573599,-0.0030635575053141293,0.018528729093381463,-0.00403091959083995,0.051989663665734404,0.028545911891819997,0.022241246195185707,-0.009870883202973848,-0.010602660400143276
survivor_1516_basin_1542_candidate_141_gencluster_141_conf_041284_implicit_min,-0.019885854929077785,-0.00212798826846056,0.014246927443580007,0.009921295087682056,0.025234735013882834,-0.0491598504988562,-0.005424905465546673,-0.021300750061428366,0.007309573202606132,0.01282469788717166,0.02129591310139049,-0.011572226745542907
survivor_1517_basin_1543_candidate_1490_gencluster_1490_conf_009918_implicit_min,-0.010281033223147227,-0.0022362586495928436,-0.012656534965496666,0.02386251640820762,0.04624620633248568,-0.009675598608559403,-0.027928510593019304,-0.007590287701149835,-0.023606516892904255,0.04008575469305544,0.026844358792666924,-0.023681211356810273
survivor_1518_basin_1544_explore_r03_hit_0058_conf_036317_implicit_min,-0.0010252264696507922,-0.044197815320230024,-0.01649408339343344,-0.005729694967059893,-0.0055512067783410595,-0.0073309715921041525,0.02416307793873661,0.0064486790728842495,-0.0007663001274651581,0.008886705307987495,0.03687070713898069,-0.005539801202747535
survivor_1519_basin_1545_explore_r04_hit_0002_conf_000000_implicit_min,0.01016224846559797,0.014122800486576909,-0.03577196606373509,-0.025242788558584545,-0.0018290319721594524,-0.019622235998062645,0.01695120922664905,0.021344927983455088,0.04987101432087008,0.0002995207152973564,-0.0037657871048815466,-0.017638910867776292
survivor_151_basin_154_nma_bh_candidate_982_gencluster_982_conf_053435_implicit_min_hop_001_mode01_p0.75A_implicit_min,-0.001904246404956051,-0.0057826997068985385,0.03159250410417978,-0.01363361085865128,-0.0271963696035635,-0.0046112000814065865,0.010250973278976781,0.01871046415264356,-0.007257748025531557,0.04446828658713726,-0.02734645833037957,0.017900925136430046
survivor_1520_basin_1546_candidate_1542_gencluster_1542_conf_119040_implicit_min,-0.03799123487082434,-0.013983527818749853,-0.01728063859687456,-0.005662223873315617,-0.04533218691273168,-0.008406198340572614,0.002321611898924536,0.013460723380135906,0.05562860679194086,-0.008700397901176394,0.016103558723737258,0.040586477820209306
survivor_1521_basin_1547_candidate_2181_gencluster_084_conf_093584_implicit_min,-0.00018304773556260715,-0.024325610896935773,0.018310841010515114,0.01880487785860401,0.011626659578798949,-0.009211542790291665,-0.00636785694142432,-0.017895819397921935,-0.036949023150064715,0.03418898151532132,0.011151214951011623,0.004526932606761657
survivor_1522_basin_1548_nma_bh_candidate_2136_gencluster_029_conf_073146_implicit_min_hop_000_mode02_m0.75A_implicit_min,0.033069146071468006,0.01900999373848445,-0.02866416765422457,-0.003920078943050034,-0.016642237377094006,-0.0296711535673141,-0.0007555443948460412,-0.006351718688860641,-0.02848596936649336,-0.04761493839522402,-0.025937343509196603,0.004806094152931443
survivor_1523_basin_1549_nma_bh_candidate_583_gencluster_583_conf_027260_implicit_min_hop_001_mode01_m0.75A_implicit_min,0.003970134774361969,-0.03508929271645964,0.004151874691496373,-0.012565482022325148,-0.03266021777670221,0.0065099362280077655,0.02283048281364292,0.01542716351255673,0.02275355751439232,0.0007583019605969556,-0.040677993460168115,-0.0044054895582988675
survivor_1524_basin_1550_nma_bh_candidate_1306_gencluster_1306_conf_001572_implicit_min_hop_000_mode02_m0.75A_implicit_min,-0.0031368069547629395,-0.029070890646860102,-0.013965765707852847,0.01787876776488218,-0.02791553579273362,0.02026920368331641,0.008484218193479123,0.02732489575068013,0.0064269947698089806,-0.02245133073440105,-0.027751635040677347,0.028297790234894215
survivor_1525_basin_1551_candidate_2969_gencluster_1104_conf_176365_implicit_min,-0.00975702085462719,-0.039734165357324096,-0.006223741204612643,0.03172004337862769,-0.0009553228973546135,0.02287071658901014,0.001304946270468515,0.02261822240082894,0.004149803525385004,0.02230911222912733,0.015897427863431908,0.0033856582514884136
survivor_1526_basin_1552_nma_bh_candidate_2328_gencluster_260_conf_086582_implicit_min_hop_001_mode01_m0.75A_implicit_min,0.01595106385447234,0.025804060053050082,0.012025309759819452,0.014640991066143302,-0.03364725237487505,0.014267236978383223,0.016431270395428976,0.03106118702676412,-0.021114508076415135,-0.022617663146000503,-0.0020622530168844778,0.026541583743625384
survivor_1527_basin_1553_nma_bh_candidate_1614_gencluster_1614_conf_058900_implicit_min_hop_001_mode02_m0.75A_implicit_min,0.041188604521144784,-0.014979840839087183,-0.000834773194887274,0.038412156049829074,0.004836390189700127,-0.00023559803016401907,0.023802968503570412,0.0015203855625062455,-0.04096981967307832,0.004627192281681412,-0.010397237779796951,0.02586915820913255
survivor_1528_basin_1554_explore_r03_hit_0049_conf_045504_implicit_min,-0.005776146746298697,-0.014455379371630297,-0.008236304402984795,-0.007227137450318001,-0.01714407959041649,-0.04277878149026255,0.011805376652166898,-0.04633965873441872,0.014545709605820792,0.016204745226485674,-0.02536205730949354,0.0290202444307582
survivor_1529_basin_1555_candidate_1715_gencluster_1715_conf_110558_implicit_min,-0.03278761995640902,0.028812694105268013,0.006118608995855466,0.02058671329255548,0.005429891641202256,0.0029271243242714484,-0.02452896643826006,0.04522563924084933,0.014857110131492173,0.0292076964335534,0.01932644989389343,-0.0028106510586699807
survivor_152_basin_155_nma_bh_candidate_249_gencluster_249_conf_007818_implicit_min_hop_001_mode01_p1.35A_implicit_min,-0.02061835333456508,0.009462092517855398,0.025253411650760962,-0.0510292913363555,-0.02129408949979973,0.014807040295000786,-0.018484428083072185,-0.010359605126404003,0.0031679096758754914,-0.018525964065816185,-0.03745596122340954,0.02241236927232161
survivor_1530_basin_1556_candidate_1166_gencluster_1166_conf_012181_implicit_min,-0.011188838417223441,0.04824009543300601,0.00595367704601997,-0.0017007418748596036,-0.017240902161698494,-0.00404080336182233,-0.005530887439137775,0.03995206619416515,0.01213596942308194,0.01869069660100397,-0.0039542481048561425,-0.002709934007622668
survivor_1531_basin_1557_candidate_2135_gencluster_028_conf_004588_implicit_min,0.026199649501187392,0.017359193853243117,0.01174765615466802,0.0062456085679101795,-0.04627466516868521,0.006622687456796702,-0.0023563959966605443,0.018315144635537153,-0.027022492590236705,-0.0270867234292647,-0.006729817667177821,-0.0024287358251001735
survivor_1532_basin_1558_nma_bh_candidate_982_gencluster_982_conf_053435_implicit_min_hop_000_mode02_p0.75A_implicit_min,-0.007551348174295139,0.02403110398061693,0.021494652856992858,-0.006147480694347409,0.03111037161356836,-0.01981865014690785,-0.0036595272150818257,0.025851573571773645,-0.016213759626004808,0.058249588886689775,-0.007854263751895947,0.019007817992462837
survivor_1533_basin_1559_candidate_2426_gencluster_388_conf_184343_implicit_min,-0.03505541135969493,0.011151982313793054,0.005072837656443542,-0.01171929582919685,-0.004702082426751909,0.0011247419315389678,-0.042127617289151785,0.013150422028462177,0.023248696635688612,-0.0048094796038758315,-0.025771353211579785,0.001447976747372944
survivor_1534_basin_1560_candidate_2259_gencluster_179_conf_063746_implicit_min,0.027313384352763145,0.0011337210516156426,-0.02110438058425941,-0.02110754049562147,0.02652688205603785,0.011665983521184956,0.0011491866947174292,-0.014566615764679058,-0.0340347086191684,-0.021733016262695113,0.022896613906678437,-0.023309241718241707
survivor_1535_basin_1561_candidate_1243_gencluster_1243_conf_002049_implicit_min,0.01728681316589004,0.0035159794772426814,-0.046437740124877,-0.0071984354801883895,0.013118226089315323,0.007783979693067651,0.0071262435194867964,-0.007792286853871658,-0.0011796416075739579,-0.047468145596742645,0.007992191734365132,-0.009587037856433977
survivor_1536_basin_1562_candidate_2534_gencluster_532_conf_029146_implicit_min,-0.0041613795170585745,-0.007261323626142704,-0.012382210593296604,0.006429020308740816,0.013200458079461873,-0.004658014951614834,-0.014809402085825981,-0.025546984187077567,-0.015375238515201105,-0.020677655050522874,-0.007291593108005946,-0.025484155382286336
survivor_1537_basin_1563_candidate_1733_gencluster_1733_conf_022251_implicit_min,-0.03473333638343749,-0.012287610483214266,0.006329214365484905,-0.008450108776572892,0.026998077262143233,0.00835987335355602,-0.04696946053124043,-0.010996292045685058,0.0040077159134005716,-0.002378915811729006,0.012024310477717463,-0.015853235269775588
survivor_1538_basin_1564_candidate_735_gencluster_735_conf_020514_implicit_min,-0.020336847348035456,0.04601167779925567,0.004001563796271153,0.015893828457914563,0.025115003404070267,-0.024878362415176568,-0.026612291295603472,-0.002014850405677256,-0.013553846280821224,-0.014204521700360606,0.03014904710893728,-0.002158280783809438
survivor_1539_basin_1565_candidate_242_gencluster_242_conf_013108_implicit_min,0.011224829877750992,0.005366704009190525,0.0054060793588649675,0.00541117355238051,0.03236629904611305,-0.0042841852805309485,-0.0033238884464839216,0.022006549768249468,0.006326047787814176,0.008006127851146443,0.010487145485968342,-0.03662989706955784
survivor_153_basin_156_candidate_1501_gencluster_1501_conf_066825_implicit_min,-0.013344123643512671,-0.0012383125008243703,0.02084710733913084,0.028738039056530728,-0.01641294851192788,-0.014299070428299915,-0.03696034311122529,0.0011321284175990795,-0.019165133217276975,0.03628052455926551,-0.009857849386569527,0.009350061546495786
survivor_1540_basin_1566_explore_r05_hit_0005_conf_043037_implicit_min,0.03175506939713441,0.015400970755522365,0.000725649621409376,-0.009361000462716259,-0.025962290690826853,0.019521071744894536,0.028038527135353375,-0.02210896248844522,-0.027808299234328593,-0.011400454138904103,-0.011613541752136107,0.010403125078325259
survivor_1541_basin_1567_explore_r01_hit_0059_conf_019903_implicit_min,-0.021267311586432868,0.006822176220489701,0.014382158913370796,-0.029895884291641344,-0.01829538825176137,-0.025504983276246212,-0.008965721204066166,-0.04042342725153358,0.018129589521392545,0.019364856500250282,-0.013239205183789102,0.036839192445739105
survivor_1542_basin_1568_nma_bh_candidate_1714_gencluster_1714_conf_011260_implicit_min_hop_000_mode01_m1.35A_implicit_min,0.04491343197451489,0.017209563404473893,-0.0032298845107296826,-0.017015698353621135,0.016047198885988326,0.004879846191800469,0.02501251326945958,-0.004289034846067731,-0.01823431815380968,-0.008730521903989916,0.010254450895397118,-0.03598422990590901
survivor_1543_basin_1569_candidate_2787_gencluster_878_conf_086595_implicit_min,0.02730233539793087,-0.015018964870100345,-0.011055269554585793,0.019160941879251093,-0.005038034974631816,0.015824642450185455,0.009362865521244837,0.029990967733962363,-0.005933953339480908,-0.023769642371209116,-0.029776520978119055,-0.004176816265506808
survivor_1544_basin_1570_candidate_1829_gencluster_1829_conf_084300_implicit_min,0.013783754583996721,-0.02258730546477123,0.03187003553705763,-0.0068157973888105855,-0.030759147800706564,-0.008507018990171068,0.033184323046927776,0.011200641806283421,0.029998707916069088,0.010614846753038608,-0.03455659852969494,-0.004356902486958582
survivor_1545_basin_1571_candidate_1211_gencluster_1211_conf_042115_implicit_min,0.00491650937222379,0.001686670576043109,-0.022089520927968422,-0.0042205701093367826,0.016100977028769066,0.003782134660220052,0.005650191920270489,-0.009319072309300323,0.018214728944976222,-0.004543646895005631,0.0099932619648147,-0.022798177612367115
survivor_1546_basin_1572_candidate_943_gencluster_943_conf_025115_implicit_min,0.023341940000847473,0.02043865099758006,-0.0006372432107280752,0.005127734873680026,-0.02342905039360735,-0.018469861475206354,0.0067416293973000955,-0.009732605716535921,-0.011683891777519329,-0.005334610482725857,-0.026716459284694884,-0.007243656375550588
survivor_1547_basin_1573_candidate_2916_gencluster_1031_conf_153113_implicit_min,0.012733058535522538,-0.02390424294416151,0.05103329051696425,0.013522613130072053,0.022744284942337056,0.0008742108179035812,0.005413907171925623,-0.032272324782490355,-0.002780384037910366,0.023358449788484725,-0.0038712559404843194,-0.02547415854924068
survivor_1548_basin_1574_nma_bh_candidate_982_gencluster_982_conf_053435_implicit_min_hop_002_mode01_p0.75A_implicit_min,-0.02208338588211905,-0.021777053184612975,0.05292355870301097,0.0006597274953404332,-0.00638888907812932,-0.009759072243576946,-0.014075655774496881,0.01576755067555156,-0.005638025770309751,0.035930530592305485,-0.014689882349971558,0.0016666067246872305
survivor_1549_basin_1575_nma_bh_candidate_1088_gencluster_1088_conf_064565_implicit_min_hop_001_mode02_m0.75A_implicit_min,-0.04491344810761667,-0.02033673193505319,0.01570413254459391,-0.0189124913733015,0.03752296486625369,0.018126623456180727,-0.008447809827226684,-0.04199366645730047,0.03147824384677298,0.013818174940736313,0.0464653228059607,0.0019046075685025421
survivor_154_basin_157_nma_bh_candidate_2517_gencluster_509_conf_118702_implicit_min_hop_001_mode01_p0.75A_implicit_min,-0.006459542410067519,0.019618846453125727,-0.014953841300049422,-0.00039001446662282333,0.014676713638422002,0.011183233949771037,-0.021637161729815033,-0.0008483514519330885,-0.029762212128677912,-0.004669228029641283,0.024115995376242982,0.010067992435944893
survivor_1550_basin_1576_nma_bh_candidate_2779_gencluster_868_conf_171044_implicit_min_hop_002_mode02_m0.75A_implicit_min,0.0012033295335680786,-0.015583138090992849,0.011936859734277707,-0.06057999690124559,0.04226063177304749,0.017245195839187193,0.015655392733671458,-0.03886012639738841,0.028653326266273003,-0.010011337209740342,0.015152491530773287,-0.017398135493014104
survivor_1551_basin_1577_candidate_812_gencluster_812_conf_036050_implicit_min,0.03245766120018304,-0.0542410745147514,0.028114284262093777,-0.005556432352168013,-0.001542866418906371,-0.0060678971781092045,0.023358369102530595,-0.012923611844657809,-0.02618013358987186,-0.0019283029715500138,-0.03146554707116741,-0.01463188386302036
survivor_1552_basin_1578_candidate_880_gencluster_880_conf_086483_implicit_min,-0.021816022846153093,-0.0017445474636901663,0.008825491555237873,0.046992266453958036,0.011457239166107601,0.04341132260888811,0.0076811568474449725,0.007546884599940566,-0.001964100007243195,0.015729743860883855,0.06597480334095848,0.013246528710356628
survivor_1553_basin_1579_candidate_2196_gencluster_099_conf_127201_implicit_min,-0.013583453318813483,0.007613851713755364,0.028981359859427618,-0.007422821466671823,-0.019632933912983885,-0.02985332057975707,-0.028169986968697876,-0.014252142853108234,0.012402258889345215,0.028334222783496694,-0.061113577471100855,0.00614818469350237
survivor_1554_basin_1580_candidate_2540_gencluster_540_conf_035198_implicit_min,0.0030263705711027393,-0.0033601135979398336,-0.004755104730218502,-0.03503456014805056,-0.006997450471471993,-0.057615049310985704,-0.014203162248195286,-0.04716974933026146,0.004138114853582718,-0.0001891039224415754,-0.04362005260298874,0.006484874930092567
survivor_1555_basin_1581_explore_r02_hit_0067_conf_047545_implicit_min,0.00265707085872554,-0.016156056012831543,0.039234644717636165,0.0005883847299834115,0.02453838653571862,3.337046246221396e-05,-0.004610009081274145,-0.05465467750080061,-0.00953220458125483,0.029967072524689473,-0.007047262576460115,-0.0019241536819745192
survivor_1556_basin_1582_nma_bh_candidate_2923_gencluster_1040_conf_172799_implicit_min_hop_000_mode01_m1.35A_implicit_min,0.032041012829659085,0.0063095906918248035,0.014653771252378562,-0.012287012471704337,-0.008663733701475397,-0.03160916751339367,0.024880829202950552,-0.014053394165868996,-0.0006933114705669149,0.004294672892056911,-0.034744642224826316,-0.014992072503631132
survivor_1557_basin_1583_candidate_2141_gencluster_036_conf_066359_implicit_min,0.011290243017632193,0.019572866636376838,-0.0018793787203668626,-0.014056107589667135,-0.035404845983890695,0.027701570196768822,-0.011384959297245884,0.029243457543631387,-0.0003731448111169882,-0.04710497186819159,-0.009682252761132056,-0.009000201036044396
survivor_1558_basin_1584_explore_r03_hit_0034_conf_049672_implicit_min,0.013751379451552153,0.003470572164489744,-0.006367956814409241,0.028412884139878105,0.028550568680173766,0.018588514683467512,0.02146960484410324,-0.011291096118353335,0.018473606900269824,0.02297817222398564,0.015543590778927117,-0.025725520698052888
survivor_1559_basin_1585_candidate_471_gencluster_471_conf_051326_implicit_min,-0.004228845863206175,-0.009372470072504954,0.005788674956806422,-0.02485564780295644,0.008976126240777276,0.009768670290482293,-0.03794412853264168,0.001649281319935607,-0.0011287988411595729,-0.03990895252909929,-0.0055713638997293155,-0.01924942883992386
survivor_155_basin_158_nma_bh_candidate_858_gencluster_858_conf_004120_implicit_min_hop_002_mode02_p0.75A_implicit_min,-0.011794542463563311,0.02810738029484765,0.02948176470098929,-0.01187024746507517,0.0538831199477934,0.025196910450830206,-0.00518703523017756,0.024817676792328446,-0.022306538923567664,0.0011408613668144705,0.05354484660790154,-0.027278476968832642
survivor_1560_basin_1586_nma_bh_candidate_807_gencluster_807_conf_049347_implicit_min_hop_002_mode01_m1.35A_implicit_min,-0.03565708242783719,0.02071459328184656,-0.012364860936233825,0.03739339013232902,-0.017920314372658102,0.004410518344399091,-0.03778117195026982,0.05687604366310575,-0.0034566033716300505,0.01964938245141778,0.024100194074128264,0.008001113539539978
survivor_1561_basin_1587_candidate_2049_gencluster_2049_conf_003078_implicit_min,-0.031360564078676344,-0.004235653675123617,0.0174795443156781,0.023702692678268255,-0.022035738040049914,-0.046109320889223725,-0.05180187491219298,0.004268328805366854,-0.01214749442060661,0.011959601662082731,-0.03747370687241671,0.019110391821708456
survivor_1562_basin_1588_nma_bh_candidate_375_gencluster_375_conf_010225_implicit_min_hop_000_mode02_m1.35A_implicit_min,0.0419294656537899,-0.04868091886596956,0.014871113125322832,-0.020657511359729572,-0.005324132599181233,-0.007837055106063862,0.023246014405480495,-0.012226037935405285,-0.024101252049875885,-0.010622667360527143,-0.002676175551113567,-0.01310224984915275
survivor_1563_basin_1589_candidate_1479_gencluster_1479_conf_111444_implicit_min,0.023888472988095797,0.02642550841438947,0.008226064044095963,-0.019783019649229995,0.018687372080366298,0.01880250903663841,0.016838722101617437,-0.01655961684099843,-0.026011129869661313,-0.0027978988897134553,0.019866336699813438,-0.023381855619232297
survivor_1564_basin_1590_nma_bh_candidate_1138_gencluster_1138_conf_004095_implicit_min_hop_001_mode01_p1.35A_implicit_min,-0.012899845298873997,-0.00961592420099027,-0.014365125355657789,-0.019709019791484844,-0.01900094732760141,0.02397041047684937,-0.003486163987716433,-0.00145862471184579,0.0024492996769260584,-0.02342719462668311,0.006994550960601744,0.04644325808640854
survivor_1565_basin_1591_candidate_1415_gencluster_1415_conf_007299_implicit_min,-0.01774597077887716,0.004785437972017118,-0.014029160733414533,-0.039682778737960306,-0.005780111818053398,-0.029222117085207746,-0.040497533795103,-0.01160346900977279,-0.008444231085063357,-0.017364240216427622,-0.017965281908789144,0.006672048423516985
survivor_1566_basin_1592_nma_bh_candidate_1714_gencluster_1714_conf_011260_implicit_min_hop_003_mode01_p0.75A_implicit_min,0.032158843040198684,0.026814274963211725,0.005170473750732131,-0.022956255336719723,0.007261869912873042,0.027397454548366198,0.012140859310780409,-0.006032177047192913,-0.013538113930085943,-0.02643015866736774,0.01489947736230128,-0.04239239527460022
survivor_1567_basin_1593_nma_bh_candidate_2684_gencluster_753_conf_185631_implicit_min_hop_001_mode01_m0.75A_implicit_min,0.00961885231332996,-0.004456175455246603,-0.01690124591781422,0.01795872447567442,0.03211505409467958,0.034837498040331226,0.015008810080716174,-0.015438258265319353,-0.020844554388184448,0.0192466954268631,-0.03157400806738329,0.022069179271505836
survivor_1568_basin_1594_candidate_1431_gencluster_1431_conf_013699_implicit_min,-0.00816815114710189,-0.02293670410350626,0.008653481093250865,0.013245490991365025,0.035903639277659084,0.035558010198743426,0.007118597501108563,-0.025538330224046186,-0.014971203222595621,-0.020162772498562798,-0.0048085032172878114,0.016339048150515328
survivor_1569_basin_1595_nma_bh_candidate_2879_gencluster_988_conf_169931_implicit_min_hop_000_mode02_p1.35A_implicit_min,0.03874616834738138,0.002182745513922678,-0.01955791555238822,-0.010337342104555317,0.023612494705734472,-0.011724708904884959,0.018774170076258197,-0.010350384988272827,-0.03456485998285438,0.001418952084656036,0.02661928045555128,-0.0369549881155621
survivor_156_basin_159_nma_bh_candidate_2293_gencluster_217_conf_180539_implicit_min_hop_001_mode01_m0.75A_implicit_min,-0.03140266744540241,-0.014888736128183507,-0.003509270561388342,0.003958553750759131,0.008399409835189237,-0.039173692448362954,-0.06191356762621647,0.011398592450762302,0.0010438926660814992,0.014504666503657488,-0.026042966906503658,-0.002695745610780936
survivor_1570_basin_1596_nma_bh_candidate_926_gencluster_926_conf_015915_implicit_min_hop_002_mode01_p0.75A_implicit_min,-0.005926301352199845,-0.010640745202338651,-0.006541908513273297,0.03397207118903721,0.029505467613008297,0.005235476085332179,0.012039042330923323,-0.010202665426683277,-0.016726083105050513,0.005583251620155591,0.0077085432815400265,0.03300616811837323
survivor_1571_basin_1597_nma_bh_candidate_2779_gencluster_868_conf_171044_implicit_min_hop_000_mode02_p0.75A_implicit_min,0.010040552775172932,-0.02160935116733973,-0.0031384626280907134,-0.044312203559726225,0.04818314331819882,0.01072872623095235,0.021370480999873598,-0.042135489252032435,0.012970699971178166,-0.0029108494860780364,0.004412331366586601,-0.036723309152456966
survivor_1572_basin_1598_nma_bh_candidate_2792_gencluster_884_conf_057741_implicit_min_hop_002_mode01_p0.75A_implicit_min,0.01899979869206686,-0.020297117608048244,0.030494875190244748,-0.023479633995214105,-0.01563199970298998,0.012143468540456438,0.018696387744272056,0.006636928948754946,-0.009468477789439522,0.018318910553404746,0.002008331629311045,-0.03151628808632275
survivor_1573_basin_1599_nma_bh_candidate_1005_gencluster_1005_conf_032431_implicit_min_hop_003_mode02_p1.35A_implicit_min,-0.0015771244376419722,-0.012481406705860064,-0.01750617637425269,-0.024820779539017138,0.0205977648434194,0.0004489651415534344,0.0006924496734904443,-0.03475227827534573,0.013534892122370341,-0.023394084757568077,-0.03344128118777861,0.006370914260525006
survivor_1574_basin_1600_nma_bh_candidate_2420_gencluster_382_conf_082252_implicit_min_hop_001_mode01_p0.75A_implicit_min,0.038118400301193706,0.00019561913518345006,-0.0037885593558849733,0.013316968019357623,0.025775936707176258,-0.013334488105335317,0.0023981693956997134,-0.022651809595061082,-0.024193026734170484,0.004095070912590438,-0.009299183774086141,-0.03149204837828828
survivor_1575_basin_1602_candidate_1184_gencluster_1184_conf_055447_implicit_min,-0.00367916810963351,-0.04455034957638263,-0.01767052671169578,0.01075826069470464,0.011266704389272256,0.042632875724152294,0.009002663197067223,-0.0037485938721322195,-0.026442004026389826,-0.005483904349425815,0.018792313013233735,0.0057317813465547485
survivor_1576_basin_1603_candidate_1911_gencluster_1911_conf_011597_implicit_min,0.021209750482637478,0.020249424618106984,-0.019738643337891944,0.004726624563728351,-0.009958564434295679,0.02357401076643054,-0.0023156190343098203,0.00262914539492463,-0.03360771974731481,-0.04308369280583813,0.0101088284946886,0.027343371008730744
survivor_1577_basin_1604_nma_bh_candidate_2537_gencluster_535_conf_063339_implicit_min_hop_000_mode01_p1.35A_implicit_min,0.032845852066560655,-0.04184809213407581,-0.006372391631724096,0.00033827847524540506,-0.003778769994855561,-0.01704622384803575,-0.0006070447413799806,-0.005896051249756013,-0.03391980680747725,-0.02171412416463183,0.000178318292877661,-0.01770187670698423
survivor_1578_basin_1605_nma_bh_candidate_1088_gencluster_1088_conf_064565_implicit_min_hop_003_mode02_m0.75A_implicit_min,-0.04079104770733132,0.008522368350207777,-0.011086077105546809,-0.021579503378494708,0.025295645726868373,0.004350291963738526,-0.007256438348438307,-0.05131445904341929,0.03446334419288212,0.009703419439482842,0.018691181443997347,0.015259554030958416
survivor_1579_basin_1606_candidate_1883_gencluster_1883_conf_003228_implicit_min,0.04691135616757824,0.0039019833075606154,0.011629248058438874,0.01260613368669919,-0.015385064334796418,0.016459711512169847,0.013561821937917662,-0.009551984929263586,-0.04462089851343583,-0.025859179394324548,-0.015347830648801651,-0.009092665045143132
survivor_157_basin_160_nma_bh_candidate_2390_gencluster_342_conf_095022_implicit_min_hop_000_mode02_p1.35A_implicit_min,-0.004859737698187617,-0.007662516959997055,-0.014667273823865854,0.008685368100667449,0.0549297651655742,0.03423518380550748,0.007947644529483103,0.023045895345812778,-0.02678283868795696,0.0339091684001776,0.04505162755678762,0.014043523274458541
survivor_1580_basin_1607_candidate_2869_gencluster_975_conf_067013_implicit_min,0.004581704513461266,-0.009542879555571227,0.021629762575197133,-0.029546893391497988,-0.04406026365051052,0.02029344192684394,-0.009035976246691302,0.014231287744942665,-0.0013492087077991881,-0.023162517050133186,-0.021078211690897835,-0.011048993212202167
survivor_1581_basin_1608_candidate_688_gencluster_688_conf_019330_implicit_min,-0.01150846645621756,-0.03679847947059811,-0.020338682909425705,-0.0071778053532543075,0.008658687908263336,-0.007765166271457387,0.0047618995907371155,-0.020572808702158055,-0.0018767378091711718,0.04107576282931866,-0.01750718148175628,0.0062022132971137406
survivor_1582_basin_1609_candidate_2547_gencluster_553_conf_192738_implicit_min,0.005341677902570712,-0.013869943983922278,0.052522331892104625,-0.026424815950395104,-0.03462112096714889,0.018020955500368377,0.0238290768503846,0.02108656858324668,0.010351077993384798,0.01771549715826009,0.001050846638231818,-0.024095357958623612
survivor_1583_basin_1610_candidate_180_gencluster_180_conf_003411_implicit_min,-0.05635846314145698,-0.012333745505572142,0.011915287847136432,0.00866982977419628,0.0050560598884919076,0.00010707612844933228,-0.0635004646765668,-0.0061898214246025466,0.012815553561024245,0.008380717437819938,-0.02370145360835675,0.0007217139345225684
survivor_1584_basin_1611_candidate_2897_gencluster_1008_conf_140537_implicit_min,-0.045535984069357154,0.0064306889392901495,0.0008108550425559594,-0.003442919421674711,-0.012990656551844894,-0.007610099973496767,-0.061152730351624815,0.009539400095750303,0.003333540223233618,-0.00032709885309186555,-0.025376392666840317,0.010181343345727758
survivor_1585_basin_1612_explore_r02_hit_0086_conf_007764_implicit_min,0.03153565002591901,-0.0390738134121817,0.017077941858471578,0.015615899553724704,-0.027712686398974368,0.009021773609891018,0.030410134349474562,0.012962143896755776,-0.020602831285146974,0.0014753071512232368,-0.02141797497225747,-0.014478677134073269
survivor_1586_basin_1613_nma_bh_candidate_2492_gencluster_473_conf_171315_implicit_min_hop_001_mode01_p1.35A_implicit_min,0.05904199475438298,-0.011254495806540444,-0.013122762607320084,0.0009476788474482536,-0.004279132374275445,-0.0016385003935048617,0.006427958775535204,-0.02231977534454929,-0.04268643988841143,-0.027902199154439748,0.003976090513576974,0.0018658429271811354
survivor_1587_basin_1614_candidate_1015_gencluster_1015_conf_098654_implicit_min,0.01602538350436982,0.01016075601553024,-0.02627338021635175,-0.016032590737422546,0.01844409059946973,0.011560894233527075,0.0238254211045313,-0.009127102504128059,0.002003353240174506,-0.019877841115187336,0.01101253567906585,-0.045657969454030896
survivor_1588_basin_1615_nma_bh_candidate_2478_gencluster_456_conf_103120_implicit_min_hop_002_mode01_m0.75A_implicit_min,-0.018277613277670968,-0.012885232360831196,-0.026836109607325555,-0.03807884411259391,0.021993419143770745,0.022585515802661358,-0.005157463037460973,-0.04825582723054415,0.039419182504912595,0.001354562083613659,0.03493732416308209,-0.0034311970202429735
survivor_1589_basin_1616_nma_bh_candidate_1191_gencluster_1191_conf_097898_implicit_min_hop_003_mode01_p0.75A_implicit_min,0.010240646492620251,0.01943929540393914,0.013245822660416458,-0.010752315557009449,-0.04026702743185643,0.015614300929708502,0.02260343684912691,0.010785434757449657,-0.003675819847017481,-0.01651955895340366,-0.026621722362374187,0.012920915151003135
survivor_158_basin_161_explore_r03_hit_0071_conf_048175_implicit_min,-0.0029863110769218957,-0.024075204973394392,-0.016916551074443956,0.0039478313439376845,-0.01276059263340804,-0.020592070650790703,0.017695643277336005,-0.007881776124644102,-0.005342211328208536,0.010044255640076803,0.01849992959379125,0.005856811504934552
survivor_1590_basin_1617_nma_bh_candidate_1138_gencluster_1138_conf_004095_implicit_min_hop_003_mode02_p1.35A_implicit_min,-0.008705753089895671,-0.011582896294883167,-0.042962648974245836,-0.017126138395107092,-0.011258386470503121,0.01051845170747809,0.0006946934367313838,0.0035287660983412544,-0.002720913430497353,-0.031038486651181786,0.007694128920436195,0.030621483464107205
survivor_1591_basin_1618_nma_bh_candidate_926_gencluster_926_conf_015915_implicit_min_hop_002_mode01_p1.35A_implicit_min,-0.004922747049485032,-0.01234654770084311,-0.0065210970514534665,0.03419065536224522,0.030501029565427003,0.006278869748387562,0.012263814991183652,-0.00857386234276859,-0.016750162065551726,0.0103910058275715,0.009527666023559624,0.036468409697536314
survivor_1592_basin_1619_nma_bh_candidate_2492_gencluster_473_conf_171315_implicit_min_hop_001_mode02_m0.75A_implicit_min,0.05613595178734837,-0.009110302807610098,-0.01464308761925377,0.005189158239686994,-0.011290571768856382,-0.001958620815512722,0.004026736001352471,-0.022233765117909674,-0.040030595802103865,-0.02861343961452631,-0.003988085655051846,0.0020243230025862925
survivor_1593_basin_1620_candidate_217_gencluster_217_conf_016491_implicit_min,-0.03616658469170963,-0.01526219115481781,-0.020776200670799102,0.0024696626997224905,0.009216435189542462,-0.044434827688114346,-0.06412236313871325,-0.0004205210400729289,0.003478745526729873,-0.0021656611464669663,-0.03385008125470843,-0.0019106854408879397
survivor_1594_basin_1621_candidate_101_gencluster_101_conf_009213_implicit_min,0.02678270828339696,-0.013426189906596383,0.021230355306138808,-0.017825685993903786,-0.01958556787210483,-0.008343568424674047,0.02326516863319904,0.004578472188492991,-0.013405691086527024,0.001599503384164046,-0.02301598307288627,-0.011020748411919117
survivor_1595_basin_1622_candidate_304_gencluster_304_conf_141400_implicit_min,0.028440273826044294,0.02601143391965311,-0.017587057331628006,-0.025272656163454837,0.014410705938075393,-0.00433878988837471,0.009653401584283053,-0.03944563868672363,-0.014552752723153192,-0.02701972975680386,0.0022956329380503277,-0.011155917648810682
survivor_1596_basin_1623_candidate_297_gencluster_297_conf_005533_implicit_min,0.021915296564874218,0.01854859379465091,-0.006328017575547032,-0.017821998866015785,0.03882875767207423,0.014486268298347245,-0.01024161147295778,0.011633687178254491,-0.004912155109984106,-0.029223062752284156,0.012421716858487497,-0.040823824833309104
survivor_1597_basin_1624_candidate_443_gencluster_443_conf_021351_implicit_min,0.018058204483008,0.004612986923730446,-0.0014917773867638244,-0.01184151832258096,-0.010386838009872607,-0.012522229445315823,0.018243652751161313,-0.004334993192584932,-0.02752859627339164,0.03929011822162679,0.002760068368935708,-0.009786980052790606
survivor_1598_basin_1625_nma_bh_candidate_541_gencluster_541_conf_145579_implicit_min_hop_001_mode01_p1.35A_implicit_min,-0.022797979668677915,0.021617094949502497,-0.01971491834523412,0.025965656420256507,0.017993137614540806,0.006396042422834261,0.0003203688039658693,-0.027032821614440414,0.03678810701967123,0.01773379544227029,0.021933979317189604,0.01896760350846507
survivor_1599_basin_1626_candidate_2438_gencluster_401_conf_182134_implicit_min,0.0013435143954920398,0.015436779170749843,-0.015755352429958288,-0.0012671536765398734,0.02859669716628563,0.011186633335974985,-0.013545664042267492,-0.006735108338139168,-0.009121955654774538,-0.024855201924863228,0.046865788382176525,-0.036676746053046744
survivor_159_basin_162_candidate_1487_gencluster_1487_conf_090019_implicit_min,-0.03304827165797054,-0.044455469140218605,-0.0029323909882295993,-0.0038618920220041602,-0.0003630789452588562,0.010362752162447773,-0.05021531755384343,0.01922584542629921,-0.0065041355209512625,0.004825206980691136,-0.020145927303983104,-0.00019351374812630003
survivor_1600_basin_1627_nma_bh_candidate_2233_gencluster_148_conf_073474_implicit_min_hop_000_mode02_m1.35A_implicit_min,-0.02613621886871425,-0.032002255033749115,-0.04107298526329843,0.0009401272307965022,-0.023760729608255416,0.0012461554900952353,-0.012201315745655196,0.029873377708598894,0.02588775666764308,0.002190134793389968,0.009815099573549126,0.01143778959860811
survivor_1601_basin_1628_candidate_594_gencluster_594_conf_013684_implicit_min,-0.02332414162173395,0.028428835016203,-0.0010606261996001817,0.023390614690862722,0.01588953019047576,0.008296170350620188,-0.0035345958473098483,0.04307912921110517,-0.005142923955821473,0.007369077432997836,0.06027098149802629,-0.0009446420868756482
survivor_1602_basin_1629_nma_bh_candidate_1391_gencluster_1391_conf_031128_implicit_min_hop_001_mode01_p1.35A_implicit_min,0.023983708419118246,-0.016268237459768253,-0.020967530616562317,0.014947821242762522,0.0036363976960972883,0.011386422641341003,0.003526027790614333,0.006985498735329205,-0.013210409405780768,-0.02088822568851206,-0.027041465043915743,-0.0024581624813609284
survivor_1603_basin_1630_nma_bh_candidate_768_gencluster_768_conf_013652_implicit_min_hop_000_mode01_m1.35A_implicit_min,0.018485947002132918,-0.004754947972841875,-0.02698608644216901,0.03308557488748847,-0.008146177297237236,0.02100853887768175,0.014599573806400376,0.024900084003694502,-0.024775138085481926,-0.03812692157430001,0.008789558608181834,0.020156368690983653
survivor_1604_basin_1631_nma_bh_candidate_1647_gencluster_1647_conf_134687_implicit_min_hop_001_mode02_m0.75A_implicit_min,0.0016816056702222027,0.04081438608217609,-0.015437311524517138,-0.021397960463200614,0.0016702349394843018,-0.004136889425838437,0.011812028835575207,0.016365328070676467,0.029977206929131132,-0.03403588615382331,0.009755094209885927,-0.007692102063627762
survivor_1605_basin_1632_candidate_531_gencluster_531_conf_014576_implicit_min,-0.04921603768341473,0.03712461113515621,-0.009594091152240478,0.0070566274243283374,-0.007900487909982832,0.007760214498916652,-0.06257015926597066,0.023336435423532156,0.005083346857678494,0.007263039572081959,-0.010204584106244825,-0.008551076188951073
survivor_1606_basin_1633_nma_bh_candidate_2101_gencluster_2101_conf_074791_implicit_min_hop_001_mode02_p1.35A_implicit_min,0.005051625841853474,0.05617846087110557,0.012827704286175901,-0.01834238094627702,-0.009294961548018463,-0.004315592338190115,0.008037788609539681,0.003861542215846884,0.03180490076576785,-0.0002374380512644554,-0.021113196327686167,-0.015242527764150759
survivor_1607_basin_1634_candidate_959_gencluster_959_conf_037753_implicit_min,0.006189163062788451,0.01146729139000884,0.008422001603632339,0.014251355538542345,0.03195957902542954,0.001911256908762616,0.0049857091637717215,-0.0005157516740995742,-0.0312774058758075,0.015406966984642452,0.018910587855957575,0.0154688074469698
survivor_1608_basin_1635_nma_bh_candidate_2867_gencluster_973_conf_126544_implicit_min_hop_001_mode02_m0.75A_implicit_min,0.041316727259704464,0.00632749328983061,-0.028051620410337742,0.02244662355615851,-0.0193898353265918,-0.016775273474573384,0.0019142024184108505,0.022414369988837703,-0.04290611616074581,-0.025052725617203182,-0.0010289347468783862,0.008474805483803085
survivor_1609_basin_1636_nma_bh_candidate_2799_gencluster_891_conf_103935_implicit_min_hop_002_mode02_p1.35A_implicit_min,-0.00045638519332197037,0.009778550005740006,0.0008443933135127027,-0.03504662051928599,-0.011360199490362892,-0.025994342268196493,-0.008399832237287862,-0.005457915672365837,0.008191385142083207,0.014341382677911971,-0.019760124603068217,0.020025496111794733
survivor_160_basin_163_nma_bh_candidate_231_gencluster_231_conf_058839_implicit_min_hop_001_mode01_p1.35A_implicit_min,0.004409511495361043,-0.00441362692756056,-0.009197454893516576,-0.008574804478991322,-0.008189800832995633,0.01934998965811135,0.009428194816039525,0.011750258992716266,-0.0008395166320332232,-0.03432819019080067,-0.01270907182372034,-0.011935493633774793
survivor_1610_basin_1637_candidate_2726_gencluster_805_conf_180304_implicit_min,0.000813415982640495,-0.007826984493502102,0.014079162350121294,-0.0011547718862849107,0.05882273331840047,0.015533222508146736,0.005870176993992416,-0.0017768741195670532,-0.00709607075848918,0.006169019809956039,0.011574609191162318,-0.050127022256035714
survivor_1611_basin_1638_nma_bh_candidate_2190_gencluster_093_conf_183542_implicit_min_hop_001_mode01_p0.75A_implicit_min,0.033695784095160754,0.007038166822311218,-0.020745769790413576,-0.014778326070953026,0.009229196211287647,-0.009357790542027178,0.03160353502126751,-0.0036702643307657463,0.026536832907355114,0.0048792370383846225,-0.032676426461327276,-0.026954378040910918
survivor_1612_basin_1639_explore_r05_hit_0011_conf_045650_implicit_min,0.016452926069272348,0.020427638382152932,-0.0063004488074231875,-0.03272843844975611,0.00605741213665891,0.037800052192712146,0.021691074673371225,0.014215184005181705,0.032142058869068006,-0.011197931247056696,0.012258057484295051,-0.05015874560485671
survivor_1613_basin_1640_candidate_105_gencluster_105_conf_008430_implicit_min,0.024039157391208148,-0.005649878442902691,-0.04027788137515774,0.02164031607329312,-0.023493886328437782,0.03600383154733884,0.008665261378929336,0.010897801759271492,-0.035529148994860135,-0.03518875648846159,0.004164755393184871,0.011353328644183374
survivor_1614_basin_1641_candidate_221_gencluster_221_conf_003138_implicit_min,0.007569805000785486,-0.013030645328979636,-0.0053523229141356566,0.03856031468597386,-0.009389470412033621,0.015784050251447256,-0.00678154689425811,0.045117280843419746,-0.00861431466706131,0.004009406584480862,-0.027407800971383928,0.006294762752307679
survivor_1615_basin_1642_candidate_986_gencluster_986_conf_041001_implicit_min,-0.008441975958563617,-0.022256956461459605,0.0015100784248319734,-0.0018991073234397942,-0.01747769690328589,0.01960029747596013,-0.011267340185988656,0.05793701133114047,0.011945873492337993,-0.010002119276664587,-0.006744038419970882,-0.014541347520794274
survivor_1616_basin_1643_nma_bh_candidate_109_gencluster_109_conf_041191_implicit_min_hop_003_mode01_m0.75A_implicit_min,0.009848588960332813,0.0015363798955162638,-0.025084808674524447,-0.0030068039381926973,0.03100319084634172,-0.0033717368452579233,-0.005966970998834755,-0.01927805168192328,-0.015019390727716016,-0.01663015622284305,0.0013840617853300577,0.0003370123057692261
survivor_1617_basin_1644_explore_r03_hit_0028_conf_044650_implicit_min,-0.013049367995767483,-0.006720050346937874,-0.01486133767337352,-0.023031057451785616,-0.04268312700457304,0.0007332452174272306,0.02651683570894699,0.004462896592222796,0.048361854291798075,-0.009635432131039028,-0.02408881633020087,0.027899497922840036
survivor_1618_basin_1645_candidate_804_gencluster_804_conf_031066_implicit_min,0.03419018814321642,0.015894868420502348,-0.02863827562497408,0.011540221390980248,-0.0324487483486867,0.01244324356108858,0.025510816229627427,-0.0038144392236237655,-0.03952375499404163,-0.014345512110397233,0.011553032474509842,0.015288388611766521
survivor_1619_basin_1646_nma_bh_candidate_1992_gencluster_1992_conf_005930_implicit_min_hop_003_mode01_m0.75A_implicit_min,0.03344747161076833,2.9087765997267702e-05,-0.00904066539140376,-0.00869938557766216,0.008803406903392841,0.017811000799752744,0.01353301423017807,-0.0273424990909352,-0.03920359206965782,-0.010022247321621025,0.00944606436216795,0.005547387004625306
survivor_161_basin_164_nma_bh_candidate_781_gencluster_781_conf_154971_implicit_min_hop_000_mode01_p0.75A_implicit_min,-0.02239608174141447,-0.022316978953193907,-0.04936806692336392,0.002825463685780693,-0.027312140755409334,-0.011083432564541936,-0.0028219926547526407,-0.0150357693218751,0.025215413369990437,-0.015348052351090243,0.02042947421288584,0.05130035385330639
survivor_1620_basin_1647_candidate_808_gencluster_808_conf_124166_implicit_min,0.005644892607441298,0.01386181879527935,0.028253207467041987,0.030689456130317393,-0.0009600817139854261,0.016511855853424188,0.011887528247895053,-0.020249546928308878,-0.01776032781353695,0.03454441088259072,0.02874122126821745,0.027137908933200776
survivor_1621_basin_1648_candidate_2424_gencluster_386_conf_114198_implicit_min,-0.030416835807961024,-0.011501221396736408,0.023156153296845425,-0.008097021809711813,-0.0026001950324088933,-0.023523040762546656,-0.049862488541329124,-0.002148673580668543,-0.004950417247608686,0.008464023770243256,-0.0019732694140922736,-0.03683629792067756
survivor_1622_basin_1649_candidate_1800_gencluster_1800_conf_155526_implicit_min,-0.03925721847358248,0.004198359104894047,0.019963392989777295,-0.015262776323210969,-2.8341140648839304e-05,0.011687609858317483,-0.0521754752197468,0.02418549137356069,0.013869056883703504,-0.001538040636930898,-0.030520735485879524,0.007200821460594675
survivor_1623_basin_1650_nma_bh_candidate_249_gencluster_249_conf_007818_implicit_min_hop_001_mode02_m0.75A_implicit_min,-0.014051605203730385,0.012656621421055494,0.019177459704535525,-0.050161866717628706,-0.020306367490912056,-0.0013243451948678983,-0.015813889215207075,-0.010635643905228387,0.0047717451641578435,-0.017000755347305715,-0.03553040630946563,0.020999227554929445
survivor_1624_basin_1651_nma_bh_candidate_720_gencluster_720_conf_069593_implicit_min_hop_000_mode01_m0.75A_implicit_min,-0.02287825124061439,-0.024897725444027796,-0.030039253834488196,0.0014016536675323255,0.04189004107505376,0.0037001023476549285,-0.04450692342797572,-0.01125349940180807,0.009129485946662512,-0.006693006000737591,-0.0074973603342081314,0.01947000578193213
survivor_1625_basin_1652_candidate_736_gencluster_736_conf_015125_implicit_min,0.005655950156364782,-0.04142143642040709,-0.004702845510289886,0.010132053288165691,0.008792568904528576,0.030848643450441436,-0.02546254239499252,-0.0082477795718962,-0.026038963212927216,-0.016075114711999197,-0.012720589930527644,-0.011713164885100772
survivor_1626_basin_1653_nma_bh_candidate_2548_gencluster_554_conf_187437_implicit_min_hop_003_mode02_m1.35A_implicit_min,-0.03701404552707974,-0.017161521717437688,-0.011161379140422848,-0.005651411243309782,0.010357172390703282,0.004900611807194002,-0.018995525762761926,0.04134644177173298,0.0013990239324185283,0.04235441950174754,0.002944547132522349,-0.0019073660934029694
survivor_1627_basin_1654_candidate_2327_gencluster_259_conf_044459_implicit_min,-0.024128924988721125,0.035247052632483344,0.012872870282357183,0.005820486742314395,-0.0001896897703476288,-0.010590085583070773,-0.045329880220345294,0.012658296177494838,-0.018346765822279645,0.016593541357699255,-0.007168902391647525,-0.013413151765983082
survivor_1628_basin_1655_candidate_1788_gencluster_1788_conf_046449_implicit_min,-0.017201647672959227,0.01652545500685238,0.015325759644575783,-0.022365366793549352,-0.012885011248663435,0.030280738190968232,-0.03883391984750459,0.009947821343877488,0.020661836990976627,-0.037220360240506206,-0.011655837739314985,-0.008252831744142016
survivor_1629_basin_1656_nma_bh_candidate_188_gencluster_188_conf_172172_implicit_min_hop_003_mode02_p1.35A_implicit_min,0.02584642750209856,0.01777715090436094,-0.016430754088490686,-0.023235000879558036,0.021797221849083125,-0.016838017261656037,0.02999602362070305,-0.0026762689001703158,-0.023605393076509728,0.00019950224565216604,-0.027997590914548228,0.008898284602281752
survivor_162_basin_165_candidate_1901_gencluster_1901_conf_041444_implicit_min,-0.029053093374506588,-0.028822466403795828,0.015466932477085558,0.027591017974804836,0.039955710729995514,-0.01183130604180735,-0.025122817714519574,-0.010070713916075013,-0.0010827326359278485,0.031028632342419562,0.047189223508032,-0.01716415469074936
survivor_1630_basin_1657_nma_bh_candidate_1647_gencluster_1647_conf_134687_implicit_min_hop_003_mode02_p1.35A_implicit_min,-0.010941075780051322,0.04691030601821006,-0.0055977418028862,-0.03270285675104627,-0.01941281885980653,0.003462919958303387,0.007069767456216562,0.009453705411895795,0.046508211855854374,-0.01511963011657608,-0.01197682303813736,-0.014216069955473636
survivor_1631_basin_1658_candidate_1153_gencluster_1153_conf_122555_implicit_min,0.033474047883324004,0.0234636886075171,0.017639162677293378,-0.03472869294929278,0.015762830867682362,0.010341124676413505,0.026032963134634286,-0.007379532231533936,-0.001750026525000523,-0.013098299337305238,0.009053440549926003,-0.03543441422156395
survivor_1632_basin_1659_candidate_822_gencluster_822_conf_019409_implicit_min,0.010332961692499167,-0.040664801049631695,-0.009877582442720335,0.01428346282533355,-0.014208957255409533,-0.030949252519035547,-0.014399254029780722,-0.028517267177491753,-0.023127173603849884,-0.0016041445415820774,0.006431975887209177,0.00640349340776725
survivor_1633_basin_1660_nma_bh_candidate_2577_gencluster_598_conf_071976_implicit_min_hop_002_mode01_m0.75A_implicit_min,0.015083037422849176,-0.04655479789587028,0.0541044507370823,0.019149299795387643,0.009978756500569131,-0.004879882501497102,0.027388508523035482,-0.024531455058185495,-0.0032661358458062526,0.04992549010324547,-0.011154493676006176,0.0027883697666504646
survivor_1634_basin_1661_candidate_017_gencluster_017_conf_010048_implicit_min,0.002868751381817589,0.00013512789632582893,0.001856663272212754,-0.049257557198698405,-0.012519015471369521,-0.053186880763161665,0.003411099861233893,-0.04325185518509143,0.02130848499934394,0.009171111436712375,-0.04422238258177032,0.006253297207298617
survivor_1635_basin_1662_candidate_2793_gencluster_885_conf_083004_implicit_min,-0.005685036883231525,-0.027986968794095037,-0.011191607021058952,-0.005471692919754192,-0.014127265308318232,-0.03988541972521607,0.011387989499551967,-0.026332045384074666,0.005665673383286004,0.01743903736519738,-0.015898298948836244,0.005200654423620925
survivor_1636_basin_1663_candidate_1193_gencluster_1193_conf_174689_implicit_min,-0.007305079173578901,-0.0192116059067976,-0.001393561165557685,0.021949924600899662,0.03235727379938941,-0.007666463359679602,-0.0029299776501800195,-0.03550654516245006,0.030062740307321735,0.003189547467794565,0.0006701531372659863,0.020800890594184416
survivor_1637_basin_1664_nma_bh_candidate_2478_gencluster_456_conf_103120_implicit_min_hop_001_mode01_p1.35A_implicit_min,-0.040228797854093015,-0.004403055072077292,0.02051610807488032,-0.011940353216827813,0.003501377316303676,0.012612771320646083,-0.013218028439791963,-0.015763185580979448,0.03565169298573955,0.015477371465685758,0.03058849624966892,-0.009127070278101517
survivor_1638_basin_1665_nma_bh_candidate_2420_gencluster_382_conf_082252_implicit_min_hop_003_mode01_m1.35A_implicit_min,0.03660406505211385,0.004976334142423487,0.004171731739807597,0.011348295672588425,0.0373183632616212,-0.016073330054733385,-0.0054633706534102655,-0.022213745718325524,-0.030027106246665054,0.007062582335671721,-0.01324510499508509,-0.033909796537817144
survivor_1639_basin_1666_candidate_2761_gencluster_847_conf_189044_implicit_min,-0.02454533531150619,-0.027396675697972914,-0.013192282049298685,0.016511934796954918,-0.001509182415203077,-0.004090191531680646,0.002149743312891146,0.01399639843917599,0.006668960649506378,0.006062396514063875,-0.02071087132562167,-0.0025043750939272844
survivor_163_basin_166_candidate_2157_gencluster_054_conf_062898_implicit_min,0.007083366891676722,0.02437327795927825,-0.006235268265958072,-0.02086221231568202,0.01646687764087459,-0.0015677537967959036,0.023803912456237843,-0.010111677097100853,0.03306857230705239,7.585521442250973e-05,-0.018099720224896813,-0.013936458950511346
survivor_1640_basin_1667_nma_bh_candidate_2663_gencluster_717_conf_014249_implicit_min_hop_003_mode02_m0.75A_implicit_min,0.012944800410451304,0.012916853659807588,-0.03625072329783545,0.0017448458089498176,0.0026972170077791536,0.013772841750681993,0.02359734252295219,-0.012021358930974923,0.017169203674662466,-0.03185722437936995,-0.0038450457594119305,-0.011635623277283359
survivor_1641_basin_1668_candidate_2777_gencluster_865_conf_092747_implicit_min,0.03297040284347684,0.02344134182125094,-0.003926156140097176,-0.019935986240500275,-0.005918198135262488,-0.03836471558017629,0.027075020296212157,-0.0061386818087314715,0.01689328620936134,0.011363675957130807,-0.03704393859948313,-0.027655536436048084
survivor_1642_basin_1669_nma_bh_candidate_926_gencluster_926_conf_015915_implicit_min_hop_001_mode02_m1.35A_implicit_min,0.009274907246711926,-0.0017778587889619559,-0.009064784850689869,0.029902413684473324,0.02518658631687477,0.01820314935990995,0.009424087233307002,-0.0027765219617031144,-0.0213172394300835,-0.0034333960656107673,-0.005322537833593075,0.027843124993870576
survivor_1643_basin_1671_candidate_2560_gencluster_572_conf_172811_implicit_min,0.03616988134974305,0.019391724307678472,-0.019139669822905492,-0.0029082328614765864,0.019234024109439262,-0.022463299331556635,0.01623313725123163,-0.010412815473046209,-0.0028419094718598824,-0.02077340215026653,-0.010745832452432796,-0.013256537302409431
survivor_1644_basin_1672_nma_bh_candidate_1191_gencluster_1191_conf_097898_implicit_min_hop_001_mode01_p0.75A_implicit_min,0.023709968021788326,0.00913201881409365,0.005860364784065432,0.012326708228177014,-0.02963689962875292,0.005804363476707147,0.026057695499743988,0.020148717176020587,0.009310404320282992,-0.011439458562009668,-0.022179503794660015,0.01493593802944137
survivor_1645_basin_1673_nma_bh_candidate_1519_gencluster_1519_conf_015687_implicit_min_hop_000_mode01_m0.75A_implicit_min,0.0344878616141288,-0.016026824428240927,0.003726216866546268,0.031611998952687945,0.013988599197198344,0.007134677502916477,0.021551294764550814,-0.007459363647990315,-0.027711765826435347,0.022882652304058972,-0.002740927229360354,0.02238510484935061
survivor_1646_basin_1674_candidate_1161_gencluster_1161_conf_000420_implicit_min,-0.042420045104614806,0.022853799442503705,0.00331326554437693,-0.021820613817288125,-0.024914080469297654,-0.02311343625917083,-0.006222516774436006,-0.020941696413869424,0.007658702508366398,0.008647631488759131,-0.006490048406744534,0.037079596530463076
survivor_1647_basin_1675_candidate_2504_gencluster_491_conf_139006_implicit_min,-0.015182105603944262,0.0027159982250843707,0.006479202820881184,-0.02600916648757899,0.004563815287756459,0.035655765318676265,-0.03698958221410924,-0.0033145102478360057,0.0024781973713575095,-0.04291139579999448,-0.007615720356871772,-0.022042164831729247
survivor_1648_basin_1676_nma_bh_candidate_2126_gencluster_018_conf_131165_implicit_min_hop_003_mode02_m0.75A_implicit_min,0.0008540057506172119,0.017449777698004244,0.026316459549753063,0.019832282519162487,-0.0371934928737421,0.035246718165938634,-0.0052618768312909115,0.026423375357868546,-0.01893576469142251,-0.006548431152671631,-0.012050793550704991,0.022391612744261175
survivor_1649_basin_1677_candidate_522_gencluster_522_conf_046271_implicit_min,-0.011020642897437169,0.029328336615046417,0.0036842896147876543,0.012271560914662694,0.009077834817463768,0.009533673286925459,0.018011912778959034,-0.011545465843715939,0.053094900788604946,-0.0008564473912171458,0.011728273660452584,0.008354164160068041
survivor_164_basin_167_nma_bh_candidate_2328_gencluster_260_conf_086582_implicit_min_hop_002_mode01_p0.75A_implicit_min,0.018333724278198908,0.0289857154702356,0.010425327518687582,0.010124673665810824,-0.0369428175707713,0.0012700192863420799,0.008608424864859883,0.03511590506851591,-0.01776102588247372,-0.03500064406735808,-0.0031161514159500953,0.021323374324944595
survivor_1650_basin_1678_candidate_2373_gencluster_317_conf_132715_implicit_min,-0.018235224387217544,0.007441253438323658,-0.035161933859923715,0.01124479574425015,-0.008763722680869215,0.026594886503515675,0.02005324317041263,0.007770001005342171,0.02976419437523171,-0.01157725301050328,0.05090804304881736,0.03620882631280838
survivor_1651_basin_1679_nma_bh_candidate_1114_gencluster_1114_conf_035202_implicit_min_hop_002_mode01_m1.35A_implicit_min,0.009311413403399254,0.017245987868466105,0.011095310208216035,0.03160837732462949,-0.05062827002829628,0.01567328161441778,0.01818487760993807,0.011640239061238336,-0.01883286019723292,-0.010238167460961687,-0.020621810072362495,0.03178078873477985
survivor_1652_basin_1680_nma_bh_candidate_1005_gencluster_1005_conf_032431_implicit_min_hop_000_mode01_p0.75A_implicit_min,-0.00683077770346485,-0.012399213417191532,-0.032954444924892475,-0.03427603733939338,0.027229110776952007,0.01831041779377805,0.0024900394909680964,-0.040429535975179856,5.8581262776798145e-05,-0.042787453185968514,-0.010798599743728333,0.012094453125257048
survivor_1653_basin_1681_nma_bh_candidate_2739_gencluster_819_conf_086560_implicit_min_hop_000_mode02_p0.75A_implicit_min,0.023472255562423078,-0.00039363302449281224,0.006815324218792781,-0.02858122178615149,-0.012732325261715693,0.02419598189147436,-0.0052032306748527705,-0.01172934447901606,-0.017352403026642652,-0.05721475302717747,0.013624234825248573,-0.01249953269495251
survivor_1654_basin_1682_nma_bh_candidate_703_gencluster_703_conf_042424_implicit_min_hop_002_mode01_p0.75A_implicit_min,-0.020751495927661588,0.004446959951869248,0.03519072258433981,-0.015537716345663907,0.029021256949682772,-0.008687916584885172,0.0001964313052073417,0.013329220983746668,0.015309562633433466,0.009389580780157197,-0.017744675064693946,0.04177562144811768
survivor_1655_basin_1683_nma_bh_candidate_2663_gencluster_717_conf_014249_implicit_min_hop_003_mode02_p0.75A_implicit_min,0.008436124718034703,0.018576442667468777,-0.04863339087535415,-0.006007164974016011,-0.006612149764486009,0.01985311457705826,0.01879577603050994,-0.01290358099767722,0.02578689795500058,-0.03792546537517977,0.0026910199336012968,-0.006899449296725018
survivor_1656_basin_1684_candidate_1112_gencluster_1112_conf_040467_implicit_min,0.00317223711173234,-0.0370309314866084,-0.013051928806174515,-0.02067425352726994,-0.008325694767996324,0.034718557628482055,0.0012064498278836404,0.0034803592465499234,-0.01980747934539726,-0.033322780840180255,-0.008020087131079991,-0.012356338888662409
survivor_1657_basin_1685_nma_bh_candidate_2126_gencluster_018_conf_131165_implicit_min_hop_000_mode01_m0.75A_implicit_min,0.0070442277949011875,0.016564505041570306,0.02604778202070349,0.030446382031310934,-0.029579532239410157,0.003755705516725602,-0.001572331053154795,0.0251628994337315,-0.008694730642371265,-0.005086227226626483,-0.027792671892666963,0.015609598390929772
survivor_1658_basin_1686_nma_bh_candidate_1191_gencluster_1191_conf_097898_implicit_min_hop_003_mode01_p1.35A_implicit_min,0.012945064884620409,0.019110305415421094,0.011330780690849756,-0.009431524244434887,-0.039468715368053624,0.010421950945312099,0.022888079147695205,0.009183558872115201,-0.0040999917131518985,-0.01189207175505281,-0.03237554453422259,0.011726000263384379
survivor_1659_basin_1687_nma_bh_candidate_1920_gencluster_1920_conf_068917_implicit_min_hop_001_mode02_m1.35A_implicit_min,0.00858222113251113,-0.010413903565855183,0.028358951953999928,-0.01692847166351859,-0.047948115558486305,0.008686842992585217,0.024576496763920232,0.029267008573389902,0.0122568296798763,0.0025131896590992867,-0.03597176638224638,-0.00553391835225466
survivor_165_basin_169_candidate_436_gencluster_436_conf_026995_implicit_min,-0.027392006268385973,-0.04490499498965848,0.006306481910095434,0.017224857681165287,0.009348068784375673,-0.01770007650813169,-0.03423921724980291,0.027767026129466015,-0.011356641655925155,0.019692718447450006,0.01055653060666307,-0.004936058654261858
survivor_1660_basin_1688_candidate_1333_gencluster_1333_conf_074496_implicit_min,0.027204629081325565,0.004431427458328908,0.012738010587169129,0.0127279985610902,-0.004882905281118512,0.022008411901316915,0.017919032570510904,0.013206538468784255,-0.02434636701914811,-0.02566992086216109,-0.003777662151356457,0.0001516037923842276
survivor_1661_basin_1689_candidate_2512_gencluster_503_conf_108122_implicit_min,-0.0008942137372273225,-0.02197108074681654,-0.04265131133472142,0.028492531906111507,-0.0019684180763597154,0.012294007117704607,0.008378418770069038,0.006872002749805984,-0.004374527336790945,0.0009376322655513995,0.035480964805954876,0.006177770766057747
survivor_1662_basin_1690_candidate_1205_gencluster_1205_conf_011044_implicit_min,-0.022710763350704925,0.015471299150095099,-0.006661755070226729,0.031640030341983795,0.0051247019241806285,-0.03757915420035064,-0.05037226569346674,0.0037617537614625845,-0.025269065171777058,0.033327358273301876,-0.017586888177103778,-0.004813452668212396
survivor_1663_basin_1691_candidate_1318_gencluster_1318_conf_009612_implicit_min,-0.04256264076807313,-0.02432810836385719,0.008486081712980686,0.010966362435308913,-0.007149852568988555,0.04123001128411902,-0.036774861419303334,0.012643358877873333,-0.010373472900273045,-0.006183818232064308,0.03167139162270521,0.007198545334850375
survivor_1664_basin_1692_candidate_2079_gencluster_2079_conf_007000_implicit_min,-0.03379277031947155,0.00200679985712664,0.048132913387461805,0.013541609867953951,0.014517762579640643,-0.033256105265426064,-0.052715531783613725,-0.014893915160096657,-0.0007529971567718199,-0.00506323542887235,-0.016746137635011794,0.008135229006545347
survivor_1665_basin_1693_candidate_1304_gencluster_1304_conf_005738_implicit_min,-0.017361898609930922,0.03505725517207597,0.023589737177878413,0.009808119346963694,-0.013917223792763483,0.02833205951609898,-0.005968636487755065,0.05725819000437822,0.02663167736302004,0.011083351308223277,-0.00045369443176848136,-0.013592003846874872
survivor_1666_basin_1694_candidate_117_gencluster_117_conf_009086_implicit_min,0.02003353429711915,0.012284541056455963,0.00013314777610235303,0.004632894133043111,0.03936515056105547,-0.03727931249399309,-0.0007723024060927842,-0.015173242190360762,-0.0307798637792285,-0.025488397409543596,-0.0034188088190146688,-0.04359861525331287
survivor_1667_basin_1695_candidate_2194_gencluster_097_conf_046616_implicit_min,0.005588431299366502,-0.010592214515280392,0.011632267234664647,-0.017649168861308247,-0.0003520760205746202,0.016438375682106952,-0.02934841759987625,-0.0028993368149606044,-0.023305136019032894,-0.022403332267461752,0.001987790019699883,-0.026909807473583812
survivor_1668_basin_1696_candidate_2924_gencluster_1041_conf_052166_implicit_min,-0.0010572095724486036,0.019825936134779235,-0.03998257458625498,-0.016217230622331803,-0.015377547001280632,0.01707711097375165,0.005684231529375282,0.02698243458367423,0.039589305594684064,-0.015597982957372528,-0.008042331877502652,-0.013389759677756345
survivor_1669_basin_1697_candidate_487_gencluster_487_conf_035137_implicit_min,-0.034953999592387854,0.004843500532916525,-0.010520093975768335,0.008118153680840946,0.023983269072706724,-0.030454249158831843,-0.004207747810195459,-0.06098273081671956,0.024504652343872838,0.014346505454831316,0.01641937133350694,0.023471413454864008
survivor_166_basin_170_nma_bh_candidate_2269_gencluster_189_conf_027155_implicit_min_hop_000_mode02_m0.75A_implicit_min,-0.03055326173687311,0.010995511973187187,-0.0044281326271792855,0.006669534949881417,0.016370889018429664,0.02241493937182897,-0.045585734294606536,0.04119807825239758,-0.009449268311647304,0.010764935287637034,0.020218466122732873,-0.029498800293973056
survivor_1670_basin_1698_explore_r04_hit_0017_conf_001059_implicit_min,0.039221161408799866,-0.012448323015976342,0.028335487112813522,0.056672576365324065,0.011252444251327478,-0.004803782116981563,0.02915595354889256,-0.0024097552798440043,-0.029423947203382005,0.03653745371484107,-0.002786201581157406,0.02910986549405508
survivor_1671_basin_1699_explore_r01_hit_0095_conf_028371_implicit_min,0.01067564916448038,-0.03666412579356529,0.005281637372159986,0.002032284098710545,-0.00303616183556684,0.03250144558654255,0.02994629825049562,0.009094960405283197,0.022458619991351264,-0.006553779264770742,0.0066242339010717044,-0.003583149403507884
survivor_1672_basin_1700_nma_bh_candidate_659_gencluster_659_conf_039862_implicit_min_hop_002_mode02_p1.35A_implicit_min,0.013166510043345804,0.011739535316392893,-0.01731326050609991,0.012721241675108191,-0.03962794171801775,-0.020965793774898663,0.013813854000792034,-0.005479454069321127,-0.007991601706469507,0.030241032217407027,-0.02374962848246203,0.0005829712509094286
survivor_1673_basin_1701_candidate_1469_gencluster_1469_conf_090924_implicit_min,-0.008342512772437943,0.014790843189757761,0.008499595845173201,-0.038398693613696036,-0.019137430531956594,0.013412384683264741,-0.0029859753839837954,-0.03928812546336395,0.016810440873105112,-0.04873811813185225,-0.004516251984949064,0.018308220186860062
survivor_1674_basin_1702_candidate_1053_gencluster_1053_conf_089802_implicit_min,-0.014389322611993554,0.009329183857266546,0.003851114676715895,-0.0027807219312544628,0.004307646754171989,0.010513181414538164,0.01238315256337942,0.013190631473887791,0.022023971775909684,-0.0066043920583987465,-0.012934025362793703,0.03709713194265007
survivor_1675_basin_1703_candidate_1512_gencluster_1512_conf_042546_implicit_min,-0.012072493644367101,0.01237656651662182,0.008657288570518668,0.05055525365732033,-0.0160146006200771,0.006509638829442019,0.0022976710529179116,0.05997182101404698,0.0056190668242443315,0.007273725039404826,0.00262623612470298,0.02703272117972766
survivor_1676_basin_1704_candidate_2146_gencluster_042_conf_058213_implicit_min,0.018519795655413677,0.01732026385676235,-0.023613500463297767,-0.0065551305180815865,0.007974898524155076,0.004304355159082555,0.0003534464119864367,0.014832887282306605,0.007023641484031707,-0.038117978946264515,0.0070651423174337424,-0.024384950602558342
survivor_1677_basin_1705_nma_bh_candidate_1114_gencluster_1114_conf_035202_implicit_min_hop_001_mode02_m1.35A_implicit_min,0.00783203783593151,0.03691270836986014,0.005739466268073569,-0.001506359485774205,-0.0329593575338083,0.0070284307764493376,0.019201218076008403,0.000258502820212749,-0.017764859303444354,0.00046539167024214136,-0.018424135425443577,0.02203150634469145
survivor_1678_basin_1706_candidate_431_gencluster_431_conf_003998_implicit_min,0.0008546138818859487,-0.028053892090039896,0.0013307114299003118,-0.014188460548779617,-0.019909328210480932,-0.0180658921274711,0.015146208700513685,0.02378454287456645,-0.011055700967243278,0.04102055842650662,0.014753446880619334,0.0034110244062544514
survivor_1679_basin_1707_candidate_313_gencluster_313_conf_009342_implicit_min,-0.017646008530492568,-0.01556383102343569,-0.0018090676283997389,-0.02421246091642942,0.028411146091468654,-0.010034610103528638,0.0031442681435001666,-0.00706485686279355,0.051698148853724264,-0.020770757468104226,-0.0047570259820316155,-0.01697343560753934
survivor_167_basin_171_nma_bh_candidate_323_gencluster_323_conf_140845_implicit_min_hop_001_mode01_p0.75A_implicit_min,-0.0037830752094566746,-0.004419947191855851,-0.012768053885502601,0.02385454970894346,-0.032473359599668336,-0.0061848984190549655,0.009906120075327613,0.029240026285799654,-0.01473640680595338,0.03601319711999226,0.040668948182466746,-0.001959669408559341
survivor_1680_basin_1708_candidate_1129_gencluster_1129_conf_068327_implicit_min,-0.008200384127246012,0.012829078788793575,0.010404856503602011,-0.014710883689194109,-0.009534822971895968,0.041277349685137764,-0.006074139715222077,0.05498439450351888,0.002481603658780824,-0.010903140072929196,0.002694671558644421,-0.01677823001810515
survivor_1681_basin_1709_nma_bh_candidate_2364_gencluster_303_conf_151536_implicit_min_hop_000_mode02_p0.75A_implicit_min,-0.015122663046105307,0.019093278553213144,-0.01609231270502538,0.025816622367000094,0.016975585028608194,-0.009389361056930598,-0.018051493434727443,0.026065056270205708,-0.01853273105542048,0.008655982104914776,0.0337488056606601,0.028710009083173938
survivor_1682_basin_1710_nma_bh_candidate_2390_gencluster_342_conf_095022_implicit_min_hop_000_mode01_m0.75A_implicit_min,-0.00041033870652450524,-0.005782697252698643,-0.0120892392546242,0.007641824388153635,0.05766689237246778,0.030598536696733042,0.010768535947645569,0.01989730041364691,-0.0325912472825634,0.04094481001554444,0.027832595188147596,0.01609896589098673
survivor_1683_basin_1711_candidate_2762_gencluster_848_conf_137144_implicit_min,-0.014921140420425529,0.006724673769108545,0.04399648216530721,0.012238062523114736,-0.03728493472390604,-0.0046351150045277015,-0.016288930955946298,0.011252158457301705,0.0060271019131318115,-0.011704651203981209,-0.033261651585195756,0.02680363703630177
survivor_1684_basin_1712_nma_bh_candidate_2190_gencluster_093_conf_183542_implicit_min_hop_000_mode02_m1.35A_implicit_min,0.028504113797204418,0.008847631237620819,-0.025933007065055805,-0.020024232390907323,0.003437115519542412,-0.015772951942231703,0.03180738673968779,-0.0017881460636789254,0.03477470299721629,0.004426795822359304,-0.035544256740682866,-0.01827139587206931
survivor_1685_basin_1713_candidate_1859_gencluster_1859_conf_005736_implicit_min,0.05079191807318259,-0.014879047860697787,0.011986536179848826,0.024647900446662343,-0.0010877514435540271,-0.0018945587262569536,0.024156309135568897,0.009956189541552848,-0.04433784285211468,-0.009805635438581662,-0.01251175915224628,0.010330100193465535
survivor_1686_basin_1714_nma_bh_candidate_583_gencluster_583_conf_027260_implicit_min_hop_000_mode01_m0.75A_implicit_min,0.002965645933462621,-0.03777927458193289,-0.006483414038328117,-0.00194194321766061,-0.025050466114560285,0.014241681575434387,0.020947665533223084,0.028310919725779753,0.024887964189076642,0.008735141185931402,-0.036777551974391184,-0.008961536875131898
survivor_1687_basin_1715_candidate_438_gencluster_438_conf_003185_implicit_min,0.02413029891123626,-0.04066028508577811,0.0018596652102109668,-0.01820553038920178,-0.013045591048643907,-0.036306729285474355,0.0009035988757480049,-0.02177466834228426,-0.033386243315760344,0.012487241080721492,-0.02525489561900143,-0.0008301042355488619
survivor_1688_basin_1716_nma_bh_candidate_2918_gencluster_1033_conf_098844_implicit_min_hop_001_mode02_p1.35A_implicit_min,0.0055269228231744245,0.00013173557753870668,-0.023134150468844174,0.02600198258729466,-0.006848232575762011,0.01028920877605937,0.005742168365429892,0.05035040140671749,-0.005592584965471114,0.011468802251130353,-0.009911029386922014,0.009142971883176974
survivor_1689_basin_1717_nma_bh_candidate_731_gencluster_731_conf_049995_implicit_min_hop_002_mode02_m0.75A_implicit_min,-0.00045772635969545467,0.04257186735441055,0.025703188102647673,-0.028717742772877232,-0.03864078568200648,-0.004340464180424533,0.001809375103580967,-0.017909796004716018,0.05014208005987012,0.005212120008592898,-0.02322213689456075,0.002221815195286942
survivor_168_basin_172_candidate_537_gencluster_537_conf_066747_implicit_min,0.006949166583999319,0.02991106539073858,0.0010389777277553683,-0.014473132729181597,-0.009829420795939476,-0.0049829931961939645,0.010651526531192033,-0.014102373142162429,0.0017749270203442713,-0.003508576094336461,-0.013354583083127909,-0.03194471757351698
survivor_1690_basin_1718_candidate_1881_gencluster_1881_conf_008100_implicit_min,-0.03684840220310291,-0.010815690881779331,0.0104415045562224,0.03400442219211234,-0.015873261254900663,0.030624058467978135,-0.03427787503270481,-0.004518509840092476,-0.00441629864311062,-0.006429944959865286,0.013227322535867317,0.04973105113648626
survivor_1691_basin_1719_candidate_1492_gencluster_1492_conf_181739_implicit_min,0.0002934618771823261,-0.024785941348337424,0.011760846962285158,-0.022219599177871766,0.008137670506702388,-0.05339058952612005,-0.024713613494919823,-0.014099151363864937,-0.01954221753753809,0.04031492415041152,0.0014755464226155917,-0.02846432310623011
survivor_1692_basin_1720_candidate_382_gencluster_382_conf_017795_implicit_min,0.01077478942845316,0.016194839639987225,-0.002967552032937291,-0.001311876840598666,0.03229074192635222,-0.0047711226730706565,0.008948684440223021,0.007872599933345135,-0.0088855450928444,-0.022158047455231755,0.017742191713075343,-0.034591991145451716
survivor_1693_basin_1721_candidate_084_gencluster_084_conf_021037_implicit_min,-0.005631324788054391,-0.02475549052849578,0.02750459115753672,0.008839242956701805,0.027472694534620454,-0.018824218538823777,-0.014253721454223735,-0.04159622998822966,-0.028357829667102326,0.04207509081457083,0.014922771200395356,-0.013573471946989414
survivor_1694_basin_1722_nma_bh_candidate_2028_gencluster_2028_conf_133119_implicit_min_hop_002_mode02_m1.35A_implicit_min,0.024943735393660866,0.007900336256383686,-0.017007458243982386,-0.010454770685569095,0.02720844296049743,-0.024838862426194454,-0.003531745468907223,-0.03513120326639595,-0.028947786677085505,-0.010458402129225846,0.023691302419216128,-0.017114466521388743
survivor_1695_basin_1723_candidate_1295_gencluster_1295_conf_000561_implicit_min,-0.03961652966821919,0.0032688030118492918,0.03299980005860841,-0.00826877102668779,0.014685494395507297,0.01895234994135644,-0.044761332414910385,0.014911362591213666,0.0037790726347805815,0.009864578457410034,0.036229829622209594,-0.027571608365299323
survivor_1696_basin_1724_candidate_1500_gencluster_1500_conf_032384_implicit_min,0.010644696656406423,-1.3898231049884672e-05,0.004561969720160899,0.004202317248917721,0.04061490519843574,0.030670570713988907,-0.0018894871118527539,0.021112790120673425,-0.016949954007010305,0.010763302286975657,0.02932478636203559,-0.04804137443578437
survivor_1697_basin_1725_nma_bh_candidate_2967_gencluster_1102_conf_125121_implicit_min_hop_003_mode01_m0.75A_implicit_min,0.030115134403618425,0.01903476647875642,0.0023367958342406887,-0.0057185481944043,0.02492140996425347,0.017235728068300163,0.014887050788743141,-0.004660106830001875,0.027075782493333197,-0.0017269441318156472,0.008377872455885713,-0.048323217096172225
survivor_1698_basin_1726_nma_bh_candidate_1282_gencluster_1282_conf_013249_implicit_min_hop_003_mode02_p1.35A_implicit_min,0.013526894776340165,-0.012645410113681874,0.015437173715083121,0.036840155136757695,-0.004985048542569294,0.009250919013809896,0.005774295639917114,-0.01885067359758727,-0.013110636208216411,0.007924165864478278,-0.022885444591628123,0.002151598818389891
survivor_1699_basin_1727_explore_r01_hit_0082_conf_025944_implicit_min,0.024124856593747888,0.0005037387314104697,-0.00963180685825822,-0.021201012467440238,0.025741174335402663,0.008539038428458124,0.023339291997941828,-0.03358121663641513,0.009622561262448159,0.005132919046506759,0.017219670411875106,-0.027974684872048607
survivor_169_basin_173_candidate_1628_gencluster_1628_conf_031303_implicit_min,-0.024056102591981862,0.008858092501997693,0.023026958975365018,-0.0010196183764284554,0.02849391701491949,0.020359831667772083,-0.03576692310949518,-0.013656429777856785,0.015816701578199865,-0.014737634304425219,0.03313517198225221,-0.01159359277358997
survivor_1700_basin_1728_explore_r01_hit_0010_conf_007003_implicit_min,-0.024516223492358238,0.00042983240159437115,0.025089175720023515,0.019328656164783412,0.006875080888001769,-0.0071682575248939225,-0.03551137413468732,-0.031383966397294086,-0.017154809967480405,-0.0008915713511114659,-0.005176836031417943,0.028452170249038067
survivor_1701_basin_1729_candidate_814_gencluster_814_conf_054173_implicit_min,-0.03381207913681609,-0.01323637480675525,0.021513605005124642,0.001985088950104825,-0.01751349119685388,-0.03060591144864842,-0.0323780090946056,0.008201756623008644,0.009222031376072254,0.020620011674927715,-0.026647038482713766,0.030652021521754058
survivor_1702_basin_1730_explore_r02_hit_0047_conf_033298_implicit_min,0.006173889431311902,-0.03761342424660119,0.007454414897201762,0.005254231873659051,0.02105187117210785,0.03672509312004911,0.02274827600866977,-0.010019224204856347,0.012809952430447689,0.021132799741199634,0.008201152724165914,0.014292127678372568
survivor_1703_basin_1731_candidate_051_gencluster_051_conf_170776_implicit_min,0.005312311342744389,-0.0351652007689424,0.025179171770264585,-0.019367944559592606,0.028736845322559303,-0.02222821126842884,-0.007963630231928935,-0.018966052545069983,-0.00902421665522029,0.0220056754136622,-0.015567766915171007,-0.01982034920837399
survivor_1704_basin_1732_nma_bh_candidate_2137_gencluster_030_conf_063074_implicit_min_hop_001_mode02_m1.35A_implicit_min,-0.0062441683213044,-0.0034125775316271867,0.008192962374691578,-0.0351050866904509,0.004667419787124035,-0.05196612778038739,-0.010691596011076313,-0.04918285417813015,0.007217698361343331,0.017957629958092924,-0.023007646895112744,-0.019085313135387496
survivor_1705_basin_1733_explore_r04_hit_0041_conf_016314_implicit_min,-0.019732882977143623,-0.023834914978881003,0.023884178918226022,0.0023449229517389673,-0.011821760968951198,0.030594508942299682,-0.003289977972275167,0.062072220610349706,0.021661101437806075,0.014596956663293876,-0.0054550116148696015,-0.00510280683005321
survivor_1706_basin_1734_candidate_2812_gencluster_904_conf_190036_implicit_min,0.022194898198800363,0.01699927568721173,-0.023746971208402873,-0.007370563446076167,0.028162842720436204,0.006338045844991431,0.012652765094692403,0.0038301140672376455,-0.0010648772708028466,-0.009643891378791057,-0.004223119843133364,-0.01435285310209497
survivor_1707_basin_1735_nma_bh_candidate_2364_gencluster_303_conf_151536_implicit_min_hop_001_mode01_p0.75A_implicit_min,-0.015986307597375665,0.017425576756974853,-0.00884205325254543,0.034641163670288806,0.007121464312500832,0.009861005423749222,-0.011196287869666423,0.02953511904773788,-0.025333344697578083,0.002273265776339471,0.0294828405217115,0.0236501616700411
survivor_1708_basin_1736_nma_bh_candidate_731_gencluster_731_conf_049995_implicit_min_hop_003_mode02_m1.35A_implicit_min,0.004953666503280976,0.04333078060192298,0.01955919262118594,-0.034683206910576206,-0.026609329805248647,0.0007976921090513941,0.016645308225649882,-0.008052705836291259,0.0501090160829708,0.008493721208783897,-0.005510701745295808,-0.018037905008765866
survivor_1709_basin_1737_explore_r04_hit_0022_conf_040264_implicit_min,0.04010106301853379,-0.01757289393208168,0.016683097478817865,0.044189044948898686,0.005961710309212382,-0.013086416122756819,0.032864025505400296,0.00541852721570609,-0.03320777163100123,0.021105103801037032,-0.005423971098981168,-0.0044246963820824955
survivor_170_basin_174_nma_bh_candidate_2101_gencluster_2101_conf_074791_implicit_min_hop_001_mode01_m1.35A_implicit_min,-0.011488507784561178,0.04061054860604166,-0.004092085981322283,-0.007910195128904868,-0.0010959691471922495,-0.021962086801579257,0.00857775685116735,0.007561213657133603,0.033197352526090934,0.0006170710219996531,-0.02027377722967999,-0.018254148863494565
survivor_1710_basin_1738_candidate_2660_gencluster_712_conf_044750_implicit_min,-0.010563033279382412,0.0027165416361692725,0.0012592974061268083,-0.035131584369884686,-0.008782966424481455,0.025599590976954557,-0.014698459581717938,-0.011192268164825511,0.03662257714324121,-0.051015900530585835,0.0033138391196006417,-0.004699312460724602
survivor_1711_basin_1739_nma_bh_candidate_896_gencluster_896_conf_007510_implicit_min_hop_001_mode01_p0.75A_implicit_min,-0.0030064639970552812,0.01199841379748673,-0.03122897643968116,0.009956736457440102,-0.007110415323727156,0.02036860402705574,0.008853595370582511,0.04124325952385334,0.03526312686940083,0.010446461700573053,-0.025905686684127596,-0.018732617332199546
survivor_1712_basin_1740_candidate_967_gencluster_967_conf_059872_implicit_min,-0.009162290848453937,-0.0034407585001991732,0.01621904672247526,-0.003637458997726741,-0.023901204535690636,-0.014996577406660726,-0.01634165582508037,-0.029960265568332343,0.0018834529023705215,0.02038989989992271,-0.010059498358900874,0.009267082126425739
survivor_1713_basin_1741_nma_bh_candidate_2136_gencluster_029_conf_073146_implicit_min_hop_000_mode01_m0.75A_implicit_min,0.031199706797374986,0.020219874713969632,-0.027236911475234937,-0.0018429563191404011,-0.018701759353431796,-0.029828594699442552,-0.0015889702005410695,-0.007411281218864671,-0.027437931798514663,-0.044561131251600584,-0.027165633731758405,0.0025948636686751025
survivor_1714_basin_1742_nma_bh_candidate_720_gencluster_720_conf_069593_implicit_min_hop_003_mode01_m1.35A_implicit_min,-0.034554055698925834,-0.012530019616780807,-0.024937016559129572,0.008562474035026342,0.024626855493616342,0.02036441197151415,-0.05262848762132825,-0.01583632074041779,0.0005242484343468562,-0.0011882331970009346,-0.010483318940555921,0.0013862178089783796
survivor_1715_basin_1743_nma_bh_candidate_1992_gencluster_1992_conf_005930_implicit_min_hop_001_mode01_p1.35A_implicit_min,0.027866600362066153,0.00021331687204229413,-0.028662285648897667,-0.0020793261783422943,0.016792884644913814,0.0028232368861777434,0.015467277089889262,-0.026974610192885756,-0.03681794276075579,-0.004109708617659276,0.016755307438041243,0.020992186998757663
survivor_1716_basin_1744_nma_bh_candidate_1632_gencluster_1632_conf_108386_implicit_min_hop_002_mode01_m0.75A_implicit_min,0.026321452687296142,0.03630524677300661,0.023140234067620488,-0.028140798341476515,-0.007756466100580429,-0.004340282295031067,0.014255067962473065,0.015491506880008086,0.02690006567690361,-0.015761818958425267,-0.0005018888223288864,-0.033945030458475495
survivor_1717_basin_1745_nma_bh_candidate_1992_gencluster_1992_conf_005930_implicit_min_hop_000_mode02_p0.75A_implicit_min,0.017811749041852756,0.014612949794936379,-0.010802294758206453,-0.005344158984365393,0.005436609938297891,0.0329614685168203,0.012448685085510388,-0.03084715974739487,-0.03955921926212061,-0.004823533015024853,0.01670033310353052,0.017814261115039937
survivor_1718_basin_1746_candidate_2029_gencluster_2029_conf_018876_implicit_min,-0.009808908514827106,0.012696849946816927,-0.0018915591447015816,0.028174015607643762,0.005900138210490378,-0.0508469567203625,-0.03980084028765272,0.012323409065964056,-0.01922125819078011,0.04293373562018901,-0.014826259414447889,-0.007871086204834843
survivor_1719_basin_1747_nma_bh_candidate_720_gencluster_720_conf_069593_implicit_min_hop_001_mode02_m0.75A_implicit_min,-0.04491842283566155,-0.003934493896103017,-0.0022188124839836996,0.008936843563960403,0.01626653290292768,0.02460645385412238,-0.056644205936558875,-0.01341133391355166,0.010248359947746942,0.007895049963969109,-0.006218260844393264,0.008216396508495006
survivor_171_basin_175_candidate_1779_gencluster_1779_conf_133650_implicit_min,-0.00741283959221841,0.03525638591195521,-0.006358683670526067,-0.0003511786339260347,0.006403145776930036,-0.0319211295581952,-0.02166909219258417,-0.02631554204820432,-0.011234042678351847,-0.02531397977854426,0.022417304485994122,0.003350153917651815
survivor_1720_basin_1748_nma_bh_candidate_2136_gencluster_029_conf_073146_implicit_min_hop_002_mode01_m1.35A_implicit_min,0.016262509618225025,0.014272178943518694,-0.021182386395814837,0.018771466808281664,-0.03619776955867181,0.01192775381577074,0.00032553586026741075,0.00571761177841618,-0.019672795446126712,-0.05844694268207096,-0.011331135469842152,0.004687974431662626
survivor_1721_basin_1749_candidate_1886_gencluster_1886_conf_012621_implicit_min,0.026776276694837012,0.013370521321855924,-0.024865018747990367,0.0008310866665236537,-0.012256719246114519,-0.008754731369925797,0.012133360147679711,0.006694646870348169,-0.028675441996654106,-0.03771278822951769,-0.008260782745929954,0.02680244958051132
survivor_1722_basin_1751_nma_bh_candidate_1045_gencluster_1045_conf_012052_implicit_min_hop_003_mode01_m0.75A_implicit_min,-0.0016102246570389512,0.03402124538067826,-0.010378770630432105,-0.020484927070095856,-0.027069119039826093,-0.008954767884539706,0.003781425637169134,0.02525377945471186,-0.008008809229210491,0.019780264927081646,0.027747514939006516,-0.019715614968902968
survivor_1723_basin_1752_nma_bh_candidate_2989_gencluster_1124_conf_159390_implicit_min_hop_000_mode02_m1.35A_implicit_min,0.002418805815046749,-0.004663290380150982,-0.03562224225061487,0.010175755834760337,0.002774181266608955,-0.004228633638553665,0.016701180901910348,-0.02372950323086353,0.013164582973919288,0.0017793029012777323,0.028701368920423822,0.022945006934588025
survivor_1724_basin_1753_candidate_1508_gencluster_1508_conf_080675_implicit_min,-0.05053235637317862,-0.0022229332678916705,0.011670038544612824,-0.009260151351954203,0.004972491105547475,-0.00272975571586625,-0.0578243599141697,0.02390823416784554,0.003738532273565053,0.024457450022101066,-0.004289358152759455,-0.022785405192770027
survivor_1725_basin_1754_candidate_970_gencluster_970_conf_007756_implicit_min,-0.01636282687851969,0.006221265240225022,-0.01250234990571941,0.03152115288948419,0.017012793456410255,-0.018732322181240556,-0.04052208157506245,0.035963884200379874,-0.012534178433049839,0.030775267771281305,0.010720660345680389,-0.02478544744930381
survivor_1726_basin_1755_candidate_1209_gencluster_1209_conf_007224_implicit_min,0.03265000140781617,0.009142758917205441,-0.033937550207583884,-0.007886257393577695,0.02550556146702148,-0.010013035321118148,-0.0019349563998029339,-0.004444298671983504,-0.01606240698621031,-0.03629855030244314,0.00720431596679193,-0.0330315862988326
survivor_1727_basin_1756_candidate_346_gencluster_346_conf_144834_implicit_min,0.007490641200179377,0.023952484832742135,0.03949417234689001,0.02199898967105386,-0.002963085093502743,-0.005979923129794984,0.011257248544934194,0.0408308108129995,0.023130799830247958,0.027772891556749977,-0.009444654889464403,-0.029058514622968042
survivor_1728_basin_1757_candidate_2592_gencluster_619_conf_110461_implicit_min,-0.032474951111505536,-0.01446911410916707,0.043947848538132134,0.011088117967627164,0.019852819299299208,0.012636900652191429,-0.0294581097732886,-0.03607797389118279,-0.01437757156826836,0.040212931901270725,0.0291625011173126,0.0010713384583096047
survivor_1729_basin_1758_candidate_2942_gencluster_1064_conf_084301_implicit_min,0.0063927068891710325,-0.012893733373645635,0.033543916724992975,-0.02489262020594208,0.02210577712270697,0.01515274195429945,-0.010575159821797428,0.002908624176973702,0.0023146424133764446,-0.021347089287499846,-0.0015806539173760991,-0.039750297347199814
survivor_172_basin_176_candidate_1612_gencluster_1612_conf_000944_implicit_min,0.01582249085948297,-0.00791529636848191,0.0033737299766180904,0.013351726628121181,0.028926325950707207,-0.003218594995774439,-0.026029834723412488,0.033072178608859505,-0.028853602982104248,0.004230054288923458,-0.01481841046111256,-0.02889594009825966
survivor_1730_basin_1759_candidate_292_gencluster_292_conf_130293_implicit_min,-0.008984566770353326,0.013420654810109168,-0.008295175300971151,0.04103016848915346,0.024649446824914347,-0.045005932289559035,-0.034777776318329505,-0.027616596219115892,-0.02225249594488678,0.04667036748219927,-0.006262154150804762,0.0130662096378154
survivor_1731_basin_1760_nma_bh_candidate_2683_gencluster_750_conf_033714_implicit_min_hop_003_mode02_m0.75A_implicit_min,-0.021824342626788583,0.021187114847156643,0.006854540579146056,0.01857006287521794,0.012649316864209857,0.0036633259998105653,-0.01997822790682517,0.009722161652466947,0.0017064653003795378,-0.007137144175156194,0.019786271519091923,-0.03764683427718011
survivor_1732_basin_1761_explore_r03_hit_0068_conf_019168_implicit_min,0.01600076657323964,-0.022078484555018672,0.03306550806173568,0.017170806491347876,-0.03866207578596791,0.006239774540023526,0.03067427441253085,0.010750584172799262,-0.008038076225022355,0.012624892693291088,-0.0317271911009896,-0.00433435454734607
survivor_1733_basin_1762_nma_bh_candidate_2457_gencluster_433_conf_149315_implicit_min_hop_000_mode01_m1.35A_implicit_min,0.0024886140023152436,0.02458055917505826,0.022103661384910857,0.047386807706708924,-0.0281222602176263,0.02723890995651011,0.015907366004781747,0.008279107005672175,-0.020175101283021347,0.019095876267124716,0.0007504380311651287,0.04442628952172604
survivor_1734_basin_1763_nma_bh_candidate_1088_gencluster_1088_conf_064565_implicit_min_hop_000_mode01_m0.75A_implicit_min,-0.029843501317445616,0.0033220833816284354,-0.021596040405090142,-0.046148398058164675,0.018202130565009335,0.008270703694463939,0.0005732452727659238,-0.047955528563737145,0.026860957951391345,0.007591019724897512,0.035365037257448426,0.009595176614019757
survivor_1735_basin_1764_nma_bh_candidate_2967_gencluster_1102_conf_125121_implicit_min_hop_001_mode02_m1.35A_implicit_min,0.025765863204756767,0.015297821675882757,-0.019925650058423276,-0.0074594135729099615,0.0380470033940458,-0.004590561951589924,0.012860049823393763,0.0032764941421770995,0.0065367077656345385,0.006443412902182748,-0.007834383964519322,-0.04704243877313029
survivor_1736_basin_1765_explore_r01_hit_0012_conf_006815_implicit_min,0.045416200027105974,-0.021074192886202207,0.009044746319694893,0.02917351926318293,-0.0060589354411314635,0.0014849836456901993,0.030913173282990855,0.004168094564726334,-0.035651915273717236,-0.006784742468564089,-0.006466528608176859,-0.021207876924626674
survivor_1737_basin_1766_nma_bh_candidate_731_gencluster_731_conf_049995_implicit_min_hop_002_mode01_m0.75A_implicit_min,-0.0004201180964485453,0.04785085083496,0.01791821785517079,-0.0296493045801343,-0.03890134039813221,-0.005731112089117704,0.0008889397960477717,-0.01997682543998826,0.05249241223829884,0.0007595709606722159,-0.022571578661068334,0.004584320775599861
survivor_1738_basin_1767_nma_bh_candidate_1614_gencluster_1614_conf_058900_implicit_min_hop_002_mode02_m1.35A_implicit_min,0.03893341289177896,-0.011581343825309873,0.0034424904414214973,0.04784462435162362,0.00032003581155743934,-0.008613004312933504,0.02703519187675191,0.014767473479798614,-0.03366962526457072,0.008038195094922701,-0.0062787575818739,0.026276204020584507
survivor_1739_basin_1768_nma_bh_candidate_2390_gencluster_342_conf_095022_implicit_min_hop_000_mode01_p0.75A_implicit_min,-0.0020047770485238626,-0.00644064801903591,-0.014276421553245574,0.006908763049837547,0.054500962320613765,0.03586497374996358,0.014514879442215979,0.015352937432517843,-0.03779068052950053,0.03692099802319027,0.02662985728619353,0.011078414591042491
survivor_173_basin_177_nma_bh_candidate_231_gencluster_231_conf_058839_implicit_min_hop_002_mode01_m1.35A_implicit_min,0.002045191598123251,-2.177525732604633e-05,-0.0019073085962757065,-0.009238859032066503,-0.0395609680164569,0.029438415790713473,0.013997874997226078,0.015142042884059593,0.003576091289914435,-0.03551316423812652,-0.022070472703372566,-0.018733067816195142
survivor_1740_basin_1769_candidate_1855_gencluster_1855_conf_008439_implicit_min,-0.026015097493525183,-0.003320851711335131,0.035012194620887935,0.0042228986513828375,0.006438447196964145,-0.012304180520712613,-0.04835746568655246,-0.02388567474888102,-0.010450251698144696,0.010609610443108534,0.011731958702129376,-0.018916711999235475
survivor_1741_basin_1770_explore_r01_hit_0077_conf_016334_implicit_min,0.019595868526720038,0.0166794223493376,0.003898804230867324,-0.03524934840294579,0.013758302949315564,-0.02690620361224087,0.02743061209198562,0.0029185197072777646,0.01479086320521153,0.025694374235047977,-0.010739821648808549,-0.05466273166567441
survivor_1742_basin_1771_nma_bh_candidate_1736_gencluster_1736_conf_126029_implicit_min_hop_001_mode01_m0.75A_implicit_min,-0.029258877156090792,-0.00454790412032067,0.007525508293156101,0.006992735576747413,0.017963502301131078,0.00432358255029492,-0.03879913752713288,-0.007696966724308001,0.0061423477375808526,0.011982486598637555,0.030117568760793145,0.00020180384130568578
survivor_1743_basin_1772_explore_r02_hit_0004_conf_018811_implicit_min,-0.004717279164112078,-0.04146369733068078,0.030682023287223113,0.013844324745541729,0.029828598986713764,0.0177476182861135,0.02028443057799543,0.018212231288168165,-0.011456120025954674,0.019083724622508146,-0.007719583071316107,-0.02121082275820378
survivor_1744_basin_1773_candidate_2536_gencluster_534_conf_185488_implicit_min,0.006489732203461155,0.02184361709025617,-0.019401222211881664,-0.004796273530987949,0.008879846071009629,0.00878617495605875,0.0019586577682538047,0.028208583560710748,-0.034053032160060615,-0.02368385776777604,0.048032465926521765,0.00501286392943456
survivor_1745_basin_1774_candidate_1289_gencluster_1289_conf_022340_implicit_min,-0.00882507303013733,0.04650273625187729,-0.00014851999996932534,0.003522612377480141,-0.004539355271688236,-0.008607943271534396,-0.030014261318319673,0.0003441022719096571,-0.013339176834477103,0.0011560212756636461,0.02060523017105382,-0.007810740306535564
survivor_1746_basin_1775_candidate_1564_gencluster_1564_conf_029921_implicit_min,-0.026338268127866854,-0.0365605496893608,-0.028636353728053936,0.0016375112234561686,-0.018593687531033895,-0.02102213873770573,0.005044737272890807,0.00838589346415941,0.02841301281071125,-0.0057855406582857415,0.01862082749942959,0.03877703952756838
survivor_1747_basin_1776_candidate_832_gencluster_832_conf_011174_implicit_min,-0.01352832401661949,-0.011073421286065826,0.033981468004146864,-0.01741047264851695,0.01903963104153682,0.01910481473327402,-0.015899093793917202,0.00782745149553998,0.021986143292602445,-0.00410037995564585,0.006118341923386181,-0.021639175307411652
survivor_1748_basin_1777_candidate_497_gencluster_497_conf_098536_implicit_min,0.014052427808720824,0.02293671160036464,0.005076558671117967,-0.018164065117847513,-0.010966176571598683,-0.033456702647022316,0.012755661055404712,-0.011036288783359261,0.02768810507301389,0.0022828541691132494,-0.017294609400370912,-0.04031574834677803
survivor_1749_basin_1778_bh_candidate_2395_gencluster_349_conf_060719_implicit_min_hop_003,0.016205705634701792,0.012973224181972123,0.03846465858603444,0.03462033334132471,0.018620036326962873,-0.0017803881587363302,0.02380047318546423,0.012788041502530314,0.007843183356856277,0.02288230673879049,-0.005619173831246447,-0.03126860945557852
survivor_174_basin_178_nma_bh_candidate_2190_gencluster_093_conf_183542_implicit_min_hop_003_mode02_p0.75A_implicit_min,0.02916038756058118,0.019019944076856442,-0.01006083712697248,-0.029998621977347848,-0.009292108816412604,-0.02931579170500561,0.03269157288946701,-0.008085507028357248,0.026404314783242618,0.010169677964296645,-0.04395463758466214,-0.022621326121178294
survivor_1750_basin_1779_candidate_248_gencluster_248_conf_119841_implicit_min,0.02713395105099175,-0.02885497327197819,0.01953564275869246,-0.049861914829984096,0.02736809736870965,-0.012535055192764403,-0.002556334536578051,-0.032390931374808744,-0.02700890000462634,-0.018474322071695963,-0.004233112295312437,-0.03415538914685767
survivor_1751_basin_1780_explore_r04_hit_0056_conf_011978_implicit_min,0.02885055110264756,0.009669225402844638,-0.023399641383266535,0.023067508634139915,-0.02641530786491557,-0.010123937268902865,0.03167676690542196,0.017273978294249735,-0.02017496163733061,-0.012045684763708006,0.001166730970372671,0.015944363706782892
survivor_1752_basin_1781_nma_bh_candidate_807_gencluster_807_conf_049347_implicit_min_hop_002_mode02_m0.75A_implicit_min,-0.03493962100460604,0.017795805091937303,-0.013992423978510382,0.03841197393588465,-0.0162177429607775,0.0026282814056973803,-0.037631996327752965,0.057129954463459115,-0.006668043534477147,0.018942354788072192,0.024048882729178586,0.005903541684913851
survivor_1753_basin_1782_explore_r04_hit_0018_conf_043860_implicit_min,-0.015266735277264023,0.009854175528811472,0.027040274620449056,0.0027616541498490725,0.002192726550617545,0.019318434427990847,0.0007589296310225729,-0.04527997662618461,0.01592197484375756,0.008629207170063522,-0.009947238576821926,0.022502757241520593
survivor_1754_basin_1783_nma_bh_candidate_858_gencluster_858_conf_004120_implicit_min_hop_000_mode02_m0.75A_implicit_min,-0.004766774963978836,0.030469515601795814,0.028200345211421958,-0.010156371745996859,0.0520201714273916,-0.0019027267206768817,0.0006833685117900128,0.024207946116518345,-0.027894462959069458,0.0011400402744290842,0.04153872135283711,-0.033870404403858974
survivor_1755_basin_1784_nma_bh_candidate_706_gencluster_706_conf_010197_implicit_min_hop_000_mode02_p0.75A_implicit_min,0.0001431002764933741,0.011525202500420485,-0.03367303048499952,0.014156784853918728,0.017669079909003592,-0.01355745229683468,0.005319834260167942,-0.015105503140146945,-0.038935840457779584,0.005039599648887516,0.028994791505601015,0.010907738306319987
survivor_1756_basin_1785_candidate_499_gencluster_499_conf_145919_implicit_min,-0.006095176739837219,-0.01211261253250716,-0.030015157443379646,-0.02127890737712718,0.023948982179016302,-0.033965738965778015,-0.03779316265208613,-0.042979734936723246,0.0014605291170467908,-0.012018703474722671,-0.008076383869049021,0.004555567657125887
survivor_1757_basin_1786_candidate_2379_gencluster_325_conf_139876_implicit_min,-0.017144793964053266,-0.004015769545645463,0.008180798719300915,0.030006814775856618,0.05022485998294378,-0.015955283874472787,-0.023241370326001667,0.000988595930835712,-0.008524069892244955,0.023947951356919465,0.05336989596976456,-0.03274133203525768
survivor_1758_basin_1787_candidate_1104_gencluster_1104_conf_040020_implicit_min,0.003975212714838239,-0.047481796548874085,-0.0039062004435266094,0.02872902057284065,0.015867794710837185,0.015149037452151145,0.010512426833128417,0.012199945300350979,0.01360822036917143,0.023849521828065334,0.02326439970817146,0.01993532245345297
survivor_1759_basin_1788_candidate_1958_gencluster_1958_conf_130853_implicit_min,-0.03779513889934994,0.022506832139105322,0.00809599492959704,-0.030155964670121015,-0.033760593064660914,-0.02542595996913699,-0.03505701140183235,-0.03988661761324171,0.013852383737388944,-0.001068617110720085,-0.013589045819554444,0.007446843032773359
survivor_175_basin_179_candidate_1627_gencluster_1627_conf_006513_implicit_min,-0.027329783212587173,0.019085225310119434,0.039617518496770775,-0.014745112306893583,-0.025232069596873262,-0.019402040852615775,-0.033784697137532446,-0.0059974630120075405,0.020511485823678476,0.008445008837362546,-0.05734755378739165,0.014109066206150793
survivor_1760_basin_1789_explore_r02_hit_0034_conf_036071_implicit_min,0.014632647563164099,-0.03160119108868249,0.002480121190646896,-0.03045023040975002,-0.013235605276853295,-0.02093446792589287,0.030011862887487757,-0.0025173898505596566,0.025622485752141096,0.0110603757286871,-0.015784012134733866,-0.001586436089605753
survivor_1761_basin_1790_explore_r02_hit_0097_conf_023580_implicit_min,0.011797184541690904,-0.02364875111196809,-0.005526683754562218,-0.015312146323612765,-0.008376695565718314,-0.021582078456476774,0.03244056151421549,-0.007297778861051116,0.021241969639794456,-0.002198851167815115,-0.035898265775875994,0.028290097443326143
survivor_1762_basin_1791_nma_bh_candidate_1005_gencluster_1005_conf_032431_implicit_min_hop_000_mode02_m0.75A_implicit_min,-0.004942220901065756,-0.014412264400544064,-0.032074632462006814,-0.024565673638884112,0.02698666815787655,0.015468368362183946,0.005063356198724191,-0.03959647391762111,-0.004427362035338405,-0.040621938492773846,-0.008032487851248275,0.006042392273507001
survivor_1763_basin_1792_nma_bh_candidate_982_gencluster_982_conf_053435_implicit_min_hop_001_mode02_m1.35A_implicit_min,-0.015474092269070653,0.01007245351099401,0.03552086536213333,-0.04445506446387622,0.005395661775922489,-0.009388003574808233,0.007632892213198135,0.012959292724754119,0.0004612759386098918,0.04531406398542625,-0.03226066936339135,0.0019475866591506892
survivor_1764_basin_1793_explore_r05_hit_0052_conf_015779_implicit_min,0.0024196157232099533,-0.023391911102818817,0.048478633694347247,0.006349563954113121,-0.0010995720167597525,0.01641309040765374,0.019908211702488576,-0.012261157395879808,0.0027990586209269124,0.024719109246532433,-0.0006390756154083256,0.023227776909697843
survivor_1765_basin_1794_candidate_2180_gencluster_082_conf_185073_implicit_min,-0.004589941049194165,0.020144133593008214,-0.004902764459318607,0.03215588670500922,-0.005786784139995729,0.010494756883779325,0.005491326002206291,0.050200333698921726,-0.0106521021030906,-0.026291936795054097,0.02971023860275418,0.010788997194084481
survivor_1766_basin_1795_nma_bh_candidate_2397_gencluster_351_conf_182360_implicit_min_hop_001_mode01_p0.75A_implicit_min,0.03573111244446684,-0.002721372805679313,-0.012420036813042,-0.021188711059139446,0.041784094805412626,0.0020639800468256505,0.028361010793004862,-0.0037444940004390825,0.03838515578189622,-0.013812998601476622,-0.00017692903124911518,-0.03357948791593385
survivor_1767_basin_1796_candidate_288_gencluster_288_conf_048814_implicit_min,-0.01659235730030401,-0.0013392474433697758,0.025566346294526688,0.020638561068482716,-0.023904551698242037,-0.02686169630346075,-0.001183960911193051,0.023965867056225946,0.003648511717388148,0.02387752960864084,-0.012910358791007421,0.04426828886861456
survivor_1768_basin_1797_nma_bh_candidate_1266_gencluster_1266_conf_074504_implicit_min_hop_002_mode02_p0.75A_implicit_min,0.023441070561318757,0.011134957374138518,0.040139721238304435,0.028058342225774382,0.01598042068080494,0.007365810280858987,0.022996465585856017,-0.007565550484263255,-0.020886470803770922,0.03821708202749762,0.0076550001691873095,-0.033956672024894184
survivor_1769_basin_1798_candidate_1247_gencluster_1247_conf_056383_implicit_min,-0.03800095965541812,-0.03512246147220149,0.01270250482176018,0.015544658885832003,0.0206541479919942,-0.016964816367657263,-0.058263252342868437,0.001001531344168702,-0.004628803079874496,0.027269956283959743,-0.004956112722412107,-0.027464683664568175
survivor_176_basin_180_candidate_568_gencluster_568_conf_086049_implicit_min,0.019696844980286066,0.011944073818275225,0.0033471229691267395,0.001581517120001975,0.035123241060861655,-0.02282557774994196,0.02671716351879978,-0.00290893168765463,-0.01107472710490371,-0.002580226327557163,-0.015388537159615315,-0.025181048446873123
survivor_1770_basin_1799_candidate_2849_gencluster_951_conf_101253_implicit_min,0.012384311990479038,-0.017409326839209746,0.01959737711392808,-0.013698760518646895,0.034630766745154036,-0.013694738547703618,-0.018681191554291245,-0.030879827048142607,-0.016161919439140172,-0.017036645289754737,0.009001278316597458,-0.040164772920112106
survivor_1771_basin_1800_candidate_1841_gencluster_1841_conf_047577_implicit_min,-0.02551674468516752,0.003919967804340421,0.03623581487409032,0.021403982045761674,0.008817690835962476,-0.024573488404289284,-0.05183920753789659,-0.02124100881939087,-0.0032135257141697104,0.007787217231201062,-0.009471862903886902,-0.0035806763146936146
survivor_1772_basin_1801_explore_r03_hit_0060_conf_035131_implicit_min,-0.03252852843519954,0.010314886571953502,0.0043297543085295724,-0.02002266835565382,-0.01366287219126689,-0.015520176314642501,0.009495929772256478,-0.04125959977445813,0.041508360994560976,-0.002905292438614478,-0.019785969308723523,0.010637902807836152
survivor_1773_basin_1802_nma_bh_candidate_703_gencluster_703_conf_042424_implicit_min_hop_003_mode02_p1.35A_implicit_min,-0.013817104616358987,0.013500666033796318,0.03394836134552859,-0.010476103643759595,0.004504610998482128,0.018300406480984497,0.010118394670589705,-0.004990086102558912,0.012424687669419563,0.018004879522042987,-0.003474283444584854,0.04920256778711377
survivor_1774_basin_1803_candidate_806_gencluster_806_conf_003122_implicit_min,0.013005027957618317,0.004471389907784267,0.0014735585008535045,0.021091607297465616,0.0034925993408726256,-0.015217928203234013,-0.019624291939928696,0.010428382370856689,-0.03515233055694822,-0.013969575568144713,-0.030192491586544093,-0.005631357343143799
survivor_1775_basin_1804_candidate_2921_gencluster_1036_conf_069061_implicit_min,0.02397957992816832,0.006122715794568582,-0.016226502140044858,-0.011235375618511734,0.03843661785704334,0.009129511423138609,0.009752581856319721,0.007369128465854966,-0.010134794294175535,-0.013243901421029589,0.009165179646135297,-0.04932180607515699
survivor_1776_basin_1805_nma_bh_candidate_2397_gencluster_351_conf_182360_implicit_min_hop_000_mode01_m0.75A_implicit_min,0.028666596077367025,-0.005783289387185422,-0.006808282158073164,-0.03699774041291752,0.04584962514782515,-0.005941484304979212,0.02781212058732898,-0.012702184877682168,0.035751393545093824,-0.004368235303236237,0.006498398561035562,-0.041577637026365064
survivor_1777_basin_1806_nma_bh_candidate_659_gencluster_659_conf_039862_implicit_min_hop_001_mode02_p0.75A_implicit_min,0.00035351550850283207,0.037165587422363124,0.000752440198225494,-0.012696658488991661,-0.012024643484320124,-0.026305754925654727,0.018358352541825454,-0.007070127365192581,-0.0006072512593732383,0.0297375121665657,-0.03359131581689823,-0.000248002396667715
survivor_1778_basin_1807_nma_bh_candidate_2437_gencluster_400_conf_053256_implicit_min_hop_001_mode01_p0.75A_implicit_min,-0.019456996997749474,-0.03073308740511924,-0.035340355146491545,0.0025764223030079283,-0.018534895039647448,0.01993329376280454,0.002182557372122398,-0.008217506061657628,0.028404078823541484,-0.013275714596064135,0.02366320812251682,0.04710899198773864
survivor_1779_basin_1808_candidate_1759_gencluster_1759_conf_006472_implicit_min,-0.012087209840724335,0.0004325698368333742,0.022358605875381004,-0.034714974428234104,0.01438283915423964,-0.003317298166476823,-0.04635174961971638,-0.006467278474842902,-0.014900595748264078,-0.005720266937205234,0.010660482577858791,-0.03626295063677245
survivor_177_basin_181_candidate_1027_gencluster_1027_conf_119043_implicit_min,-0.018823953078694822,-0.01414390360593919,0.011644436200557374,0.005825012029957063,0.04159237722821432,0.004024574155375519,-0.05307878199952939,-0.0161463512771476,-0.020496565874428548,0.015964634034287543,-0.019611448891079245,-0.02195430637120844
survivor_1780_basin_1809_candidate_423_gencluster_423_conf_136232_implicit_min,-0.029743904715310767,-0.02811146118238668,0.0060843762048187495,-0.01481572593623113,0.033629057918715864,0.02102537122112845,-0.009856322373648212,-0.037536070012533375,0.02555369274746498,0.023568394590872954,0.035898217102754836,-0.02148323740537838
survivor_1781_basin_1810_explore_r05_hit_0046_conf_028763_implicit_min,0.037353789130054965,-0.01605415339517232,0.008414615037071813,0.03482031412320857,0.011703392521650922,0.007685234396836058,0.0263949690848597,-0.00025709540076000335,-0.028135896897827615,0.03166983909962243,0.0038206440445290885,0.028393953395385967
survivor_1782_basin_1811_nma_bh_candidate_1533_gencluster_1533_conf_017890_implicit_min_hop_002_mode02_m0.75A_implicit_min,-0.019473714941863705,-0.019934790361711203,0.037140057037657985,0.007071270656482174,-0.02366593576730119,-0.022933568239165935,-0.03383440896439457,0.011238538211119718,-0.021316613820057895,0.02229906271761463,-0.005876906569053735,-0.00263321290255793
survivor_1783_basin_1812_nma_bh_candidate_659_gencluster_659_conf_039862_implicit_min_hop_002_mode01_m1.35A_implicit_min,0.008708624317520829,0.030587286374662258,-0.01810677822227178,-0.014847200178674573,-0.02382295776483914,-0.026471709851448668,0.013381258611965848,-0.008878304346603902,-0.002920035465208604,0.020825527727783986,-0.023265019866916564,-0.007653864438063277
survivor_1784_basin_1813_nma_bh_candidate_2879_gencluster_988_conf_169931_implicit_min_hop_002_mode01_p0.75A_implicit_min,0.03892628919199119,0.005035002919592518,-0.007091499823406222,-0.006582376688065457,0.012370211401070865,0.0012238120829883396,0.011686853837379208,-0.007258997631713166,-0.02934958547262829,0.007464111341397169,0.009806551537511959,-0.03847802729232952
survivor_1785_basin_1814_explore_r02_hit_0016_conf_027836_implicit_min,0.00889840209790153,0.0001778488590928169,-0.027609635054774016,0.010927227485217825,-0.017980644465939815,-0.052093062930233705,0.020369967769052828,-0.002605675527343988,0.004756164376718748,0.04777007794262621,-0.0032048584986601797,0.02522459040757178
survivor_1786_basin_1815_candidate_1632_gencluster_1632_conf_108386_implicit_min,0.015610029035349297,0.02006635087772853,0.0301201631406499,-0.031031601823871876,-0.011556093326648708,-0.005685744266677914,0.011467219095814902,-0.004305681891757538,0.02812170462849858,-0.023796375887851794,0.005018386805613002,-0.033631341631605256
survivor_1787_basin_1816_nma_bh_candidate_2684_gencluster_753_conf_185631_implicit_min_hop_000_mode02_m0.75A_implicit_min,0.008323466890616896,-0.01224469824530356,-0.011992360089012043,0.01437404184564792,0.027672739828568584,0.016180685062572465,0.0049012283606921945,-0.017957948264965717,-0.0173187902577,0.026552147594158894,-0.044593872552548874,0.012488346300472858
survivor_1788_basin_1817_nma_bh_candidate_862_gencluster_862_conf_049308_implicit_min_hop_003_mode02_p1.35A_implicit_min,-0.0011852554746052749,-0.04167471605340384,-0.021794608809517134,-0.016424714254729144,0.006598280799719434,-0.018681357372639838,-0.003217870841074937,0.009426725793871882,0.015639346854357198,0.003771356875106355,0.04011697626093482,-0.006317937269403502
survivor_1789_basin_1818_candidate_429_gencluster_429_conf_194681_implicit_min,-0.0036659212419492366,0.04748777039649527,0.03224472100780301,0.015425975247272803,-0.013749419952405953,-0.013532451889199496,0.00042710988748430144,0.02512405531637977,0.012568063151179119,0.010618900181175875,-0.012042094178051561,-0.005279959392240867
survivor_178_basin_182_candidate_1413_gencluster_1413_conf_153977_implicit_min,-0.00979969636964703,0.008375431763996006,0.020275830769418923,-0.04552664540288628,-0.028172857392262635,-0.00364544522297385,0.002362821226517374,-0.02085284534316102,0.05135910509795398,-0.0032603248437603166,-0.0332816903404664,0.011542930517174416
survivor_1790_basin_1819_candidate_2807_gencluster_899_conf_193567_implicit_min,-0.0026674171028632796,-0.038451871714567785,-0.004278232633554469,-0.012233859249191015,-0.034166021819603716,0.011304044179850054,-0.013986131637628643,0.038274047207783865,-0.009033025575882377,-0.014709124301286314,-0.014412498454418143,-0.021082106387720345
survivor_1791_basin_1820_candidate_1878_gencluster_1878_conf_002389_implicit_min,-0.03202708373260893,0.001349593457536751,0.030272453115120335,0.018360697545367073,-0.0033325625261688818,-0.03387082274727803,-0.058442025624241944,-0.00498127454602429,-0.005861031470040042,0.019831862000239803,-0.03501112401200267,0.005367638785027499
survivor_1792_basin_1821_nma_bh_candidate_2739_gencluster_819_conf_086560_implicit_min_hop_001_mode01_p1.35A_implicit_min,0.017151751874352167,0.0038402078473960067,0.01793755228055768,-0.02042540501074999,-0.01223322005490317,0.03299349725526077,-0.00991207113752992,-0.012121178769658235,-0.01047292661025325,-0.056082792986260455,0.00014334255157051325,-0.009503585511316167
survivor_1793_basin_1822_nma_bh_candidate_2989_gencluster_1124_conf_159390_implicit_min_hop_003_mode02_m0.75A_implicit_min,-0.011382657163178727,-0.027073207927678825,-0.025673289255055246,0.010185444161006366,-0.0020024475283766914,-0.03976754726083196,0.010353965294774942,-0.033679758798819626,0.011212650787128645,0.005001788134827976,0.012632398953681926,0.041639911169315376
survivor_1794_basin_1823_candidate_1536_gencluster_1536_conf_155277_implicit_min,0.011281395550180604,0.004858584357920428,-0.05419284669580386,-0.00783878304034332,0.017384725861319714,-0.015106235154232343,0.015302976952373966,-0.025075717193443956,-0.009135977346599596,-0.023293460942425064,0.02576639862876301,0.017051007260226705
survivor_1795_basin_1824_candidate_2273_gencluster_193_conf_095557_implicit_min,-0.02465617682758494,-0.0370856079138666,0.01784085526935299,0.03064494211172795,-0.008863449815232101,-0.05241037522457122,-0.030129492739495486,0.011999954802699898,-0.021786088939784287,0.022469445698116725,-0.015400337501828497,0.028316013801799714
survivor_1796_basin_1825_candidate_2841_gencluster_938_conf_100791_implicit_min,0.029739354692606277,-0.038631311067635905,0.02401092538330371,-0.028185843833799896,-0.020948513845465415,-0.0011018396280363962,0.004361673674899866,-0.005274684768821116,-0.032261323525569305,-0.027135284644557,-0.019239774452352382,-0.026094940394567338
survivor_1797_basin_1826_explore_r02_hit_0030_conf_042665_implicit_min,-0.015439374734184613,-0.008321368374459324,-0.0037226618622948028,-0.008587827512083977,0.05396177714562866,0.007948670418985278,0.014888928379069424,-0.023962908875605614,0.02015137796643987,0.01963488411140776,-0.017931193802556474,0.045202638279884653
survivor_1798_basin_1827_nma_bh_candidate_659_gencluster_659_conf_039862_implicit_min_hop_000_mode01_m0.75A_implicit_min,0.020507051294225073,0.01974608030061127,-0.01613898413475702,0.007208426721128956,-0.013918675885251622,-0.03188265441489487,0.02793085782418357,0.00289643342607442,0.00540597940394413,0.029182933520391106,-0.02859767016680983,-0.008017359809521663
survivor_1799_basin_1828_nma_bh_candidate_1888_gencluster_1888_conf_021802_implicit_min_hop_001_mode01_p0.75A_implicit_min,-0.03564548286694802,0.030770933437940427,-0.027823777249696233,-0.0013156807061490718,0.0006179348124023261,-0.030210914853301,-0.03894638082641899,0.012863816744267013,0.027768196756071905,-0.011718914254566467,0.011489070783524936,-0.006837194312028218
survivor_179_basin_183_candidate_653_gencluster_653_conf_006090_implicit_min,-0.007414483711536184,0.03761012428389236,-0.025619576109947625,-0.03048173421614253,-0.02377221384536522,0.006847593111138287,0.019035136279852812,0.018099806089777744,0.05302050368881826,-0.01177047721879495,-0.009402781107629873,-0.0016269942493936293
survivor_1800_basin_1829_nma_bh_candidate_1908_gencluster_1908_conf_138911_implicit_min_hop_003_mode02_m0.75A_implicit_min,-0.03540587692688946,0.022995238954255773,-0.026904137394974912,0.01010903661850758,0.02083573054984452,0.011641247267807691,-0.029672012598499997,-0.028497978963656412,0.007805249300622784,0.006408023325104461,0.04336273866131111,0.015743277317964224
survivor_1801_basin_1830_nma_bh_candidate_1191_gencluster_1191_conf_097898_implicit_min_hop_002_mode01_p1.35A_implicit_min,0.0023011970162916677,0.00985318260024569,0.01331678265987881,0.015335205360905655,-0.034899051656944714,0.013015506692776447,0.022456015525243792,0.009204055307907851,0.009154007895013276,-0.0015285410852691706,-0.036508441289190494,0.013227056076168543
survivor_1802_basin_1831_nma_bh_candidate_2420_gencluster_382_conf_082252_implicit_min_hop_002_mode01_p1.35A_implicit_min,0.0303301264830083,0.005002070617867931,-0.014357114743154733,-0.0021292090967838843,0.03379971603835157,-0.011718366050342188,-0.007539117297166198,-0.010201657041528,-0.03477221747378509,0.007641040466434838,0.005093447275866492,-0.03321764587678298
survivor_1803_basin_1832_candidate_1039_gencluster_1039_conf_166483_implicit_min,-0.0012254463988218734,0.03229231532014936,-0.020572278134629345,-0.03012419684497735,0.010391388889637037,0.03992056448137048,0.005282725383300529,-0.004088313206620405,0.04207668652594671,-0.0410860841775446,0.02963411025604102,-0.006289163840771657
survivor_1804_basin_1833_candidate_2172_gencluster_072_conf_167491_implicit_min,-0.013801322162411986,0.0032626207916289247,-0.004331933053639103,-0.04612626329106573,-0.02143412319574568,-0.009741312934028247,0.0041159491888843715,-0.008910248858272254,0.06039277985690611,-0.013566668097431156,-0.02654972218007239,-0.004441439961631921
survivor_1805_basin_1834_explore_r01_hit_0080_conf_043732_implicit_min,0.011444601668742546,0.01787317734760495,0.019768019965728075,-0.045809310567918295,-0.008055527844744665,-0.021884742429649513,0.017530731014703326,-0.029337542125314833,0.02796733266241589,0.022158585222608926,-0.02535069812401988,-0.031665117041924914
survivor_1806_basin_1835_candidate_293_gencluster_293_conf_007072_implicit_min,-0.020113971978392046,-0.013480276601230813,-0.032912787337549605,-0.026419112095574824,0.0019262249720315744,-0.036851169892030876,-0.04766403757378857,-0.01415458669757691,0.009528626813598359,-0.02074458790342169,-0.015378905033457973,-0.006317972962886952
survivor_1807_basin_1836_candidate_1386_gencluster_1386_conf_023472_implicit_min,-0.026457912086052846,-0.003927650610862399,0.05933343716332065,0.026063665878496962,-0.032565551455984124,-0.0022068147510411447,0.017641174088674803,0.022681318908917947,0.023173840576773415,0.0016362929976148272,-0.020015961062404653,0.029935340413609735
survivor_1808_basin_1837_candidate_1826_gencluster_1826_conf_010442_implicit_min,0.01857915684377883,-0.023212941870705214,0.037326487507574,0.007871144966095457,0.03389049238302628,-0.02037486068238681,0.008130752017510649,-0.039865390050588825,0.006944224143885399,0.02889185124652785,-0.0058549003301581,-0.02510720551287328
survivor_1809_basin_1838_nma_bh_candidate_1168_gencluster_1168_conf_154905_implicit_min_hop_003_mode01_m1.35A_implicit_min,0.0020075902558938747,0.0491520932436962,-0.0067098210416036115,-0.03814621292816526,-0.019096729180727395,-0.03321370417509778,0.01998252589646555,0.0030068701028930665,0.03644299372604046,0.018723184183002606,-0.02351596240303362,0.004134333041430609
survivor_180_basin_184_candidate_937_gencluster_937_conf_132835_implicit_min,0.04067256686943733,0.008553076271862792,0.006848936174773646,-0.010278239638593934,0.015095612832092936,-0.03237138720377498,0.028054817502652613,-0.012612781905955408,-0.0019304459628181972,0.02201011072645653,-0.022021896436682974,-0.046285853161533275
survivor_1810_basin_1839_candidate_1723_gencluster_1723_conf_010431_implicit_min,-0.0380893296158309,0.019029237362585067,-0.009167519154185825,0.030286952533982975,0.03070635371655469,-0.004493842106086634,-0.05106527045610157,-0.003095849107165509,-0.0037684532359584895,0.004346939653048202,0.017763237550006715,0.012650211418760195
survivor_1811_basin_1840_candidate_1108_gencluster_1108_conf_088150_implicit_min,-0.019100708910615646,-0.013419575729215363,0.0220081081455916,0.036500968230436324,0.014286895537304145,-0.04921193515949543,-0.0409057315242053,-0.04599037503672739,-0.015302543401232162,0.030222290621492953,-0.009442521670024746,0.017827753961737542
survivor_1812_basin_1841_candidate_1457_gencluster_1457_conf_056726_implicit_min,-0.028686949478445464,-0.02059382124518106,0.01478618847552161,-0.016330860643510758,0.02722149120478299,0.046468761594742405,-0.008016789684000825,-0.02230447849796646,0.011355893079050237,0.009247216184441947,0.03553607685886623,-0.007671806843227149
survivor_1813_basin_1842_candidate_2597_gencluster_624_conf_053659_implicit_min,0.040950457958757056,0.004898205273029268,0.01528708176458166,0.00983723499472184,-0.006874376622083072,0.01252936654517673,0.005394438298650444,0.013187748612399281,-0.038335765895405105,-0.04706747149928505,0.00616815690586756,-0.004245407075436197
survivor_1814_basin_1843_candidate_524_gencluster_524_conf_030073_implicit_min,-0.0054121317791932895,-0.025125916156642322,-0.018175423034355227,-0.008045110584766788,-0.013324616409906722,0.013915131247785926,0.007190081901192602,-0.00762863815564822,0.00304335150354395,-0.003780267783553589,0.029065571326661942,-0.0038454326591430017
survivor_1815_basin_1844_nma_bh_candidate_369_gencluster_369_conf_030202_implicit_min_hop_002_mode02_m1.35A_implicit_min,-0.006898824624544237,0.00441328470654847,0.03833882054828703,-0.012865671636821644,0.03904003245992219,0.029076397611586296,0.014049609569648926,-0.025832244613476503,0.02780582224393395,-0.002343003906682889,0.03922139680656677,-0.02650601686547564
survivor_1816_basin_1845_nma_bh_candidate_1114_gencluster_1114_conf_035202_implicit_min_hop_001_mode01_m0.75A_implicit_min,0.01640307762671783,0.0376657560086292,0.016077231340403477,0.016597080971704564,-0.034587511105066714,0.02543827971046039,0.023318707999167805,-0.003322742825171553,-0.020181436675357108,-0.004966151774675387,-0.0023634930616654505,0.029571555975594015
survivor_1817_basin_1846_nma_bh_candidate_2879_gencluster_988_conf_169931_implicit_min_hop_003_mode01_p0.75A_implicit_min,0.03457731584201517,0.010103824054896505,-0.017420496873581805,-0.010753256861598986,0.031196497061176963,-0.025223513530659582,0.008087120931604314,-0.004272862196037734,-0.0401521322433305,0.002534864368125884,0.02087231269120055,-0.03829757821607435
survivor_1818_basin_1847_explore_r04_hit_0035_conf_034309_implicit_min,0.03505521673930724,0.0055269252477492025,0.0015574215717706556,-0.011517140425145324,0.009927748213392455,-0.03987241008852749,0.025660194761140957,-0.011416386622184267,0.003270127880977691,0.035249372663166245,-0.010854561913645788,-0.046202209398780746
survivor_1819_basin_1848_nma_bh_candidate_388_gencluster_388_conf_015681_implicit_min_hop_003_mode01_m1.35A_implicit_min,-0.03782491513941624,0.0072883172658069545,0.02133610895918394,0.0023226787420186127,-0.0019382529802780325,-0.008374570052633297,-0.04172886700490938,0.005656726436897499,0.03401046597820489,-0.004811503452978423,-0.013513917803041552,-0.0036204781398943018
survivor_181_basin_185_candidate_102_gencluster_102_conf_007271_implicit_min,-0.015994497177367905,0.001163790781870436,-0.04056154523204811,-0.0074136778913953235,-0.0021793001138744094,0.026623239632515144,0.010576367729037837,-0.025782475690174972,0.023337791120453363,-0.017717835354469025,0.051212189487013005,0.01931795199136995
survivor_1820_basin_1849_nma_bh_candidate_1154_gencluster_1154_conf_003210_implicit_min_hop_001_mode01_m0.75A_implicit_min,-0.023186924883076495,-0.03483071908480977,0.039941688798022804,-0.00508802948363642,-0.015048269498904589,0.03146293012184735,-0.0026920210886750284,0.055627938636133314,0.02451667933738644,0.00901728678242365,0.0017079179147807693,0.004506116340671819
survivor_1821_basin_1850_candidate_526_gencluster_526_conf_023840_implicit_min,0.022809187397400597,0.009975879360024163,0.00134137576451337,0.04414760672082298,-0.007302123415800669,-0.012190433264360891,0.026033297282146112,-0.006259884921068438,-0.02397950211696227,0.031114228299021385,-0.0058886368841936316,0.029160254352026013
survivor_1822_basin_1851_nma_bh_candidate_1114_gencluster_1114_conf_035202_implicit_min_hop_002_mode02_p0.75A_implicit_min,0.014665504317030136,0.016824415959473264,0.004291408780661712,0.03160617017755724,-0.054518651409086,-0.00020622438158208082,0.017300356723184054,0.014108144215868024,-0.02077410067611974,-0.01083042451308009,-0.01993790835297985,0.03262073118555908
survivor_1823_basin_1852_nma_bh_candidate_484_gencluster_484_conf_150688_implicit_min_hop_003_mode02_p1.35A_implicit_min,-0.012145825904263656,0.04530774569518925,0.005124481142783057,0.004232798459695775,0.03256334794733237,-0.0014336783072284157,0.005379649099633774,-0.024426448288438256,-0.005931559686738083,0.0023525704843012254,0.03871914325847469,0.03697461036847749
survivor_1824_basin_1853_candidate_1668_gencluster_1668_conf_043193_implicit_min,0.008041053304784707,0.023710108044895335,0.023993849634034073,0.011287943508464736,0.0005367731678935946,-0.029502229940826647,0.005706784233485849,0.01955945924237863,0.0029195941221209784,0.01942143810717696,-0.03964022797113077,0.009725785283191164
survivor_1825_basin_1854_candidate_2398_gencluster_355_conf_085326_implicit_min,0.008331489342684443,-0.0076354710969820105,-0.032191872799014885,0.04557178112661561,0.009593824765452738,-0.03956353247142532,0.025692082292801125,0.014310720563671341,-0.02295125113120359,-0.005595835080343259,-0.00751360062829483,0.012977734169857822
survivor_1826_basin_1855_nma_bh_candidate_2517_gencluster_509_conf_118702_implicit_min_hop_001_mode02_m0.75A_implicit_min,-0.006739473841235857,0.021680382588833962,-0.012652215799026997,-0.003049959600195584,0.01689983083446459,0.010908956600292065,-0.017985446811737357,-0.0020202038149262835,-0.02477012598852417,-0.002931004993664336,0.02080808079350884,0.005982421140075578
survivor_1827_basin_1856_candidate_1024_gencluster_1024_conf_011514_implicit_min,-0.04892468951016052,-0.006720030638349867,0.005069711900079258,0.029519211075766154,0.013803348660717711,0.004801076284227789,-0.041051866630770255,-0.03643599712411924,0.01587632740908833,0.02171643752650338,0.004720889864863224,0.024562729494634915
survivor_1828_basin_1857_candidate_1789_gencluster_1789_conf_038196_implicit_min,-0.026352846155317862,0.026452835915143115,-0.003491856073832058,0.004242845526176242,0.011590221446330682,0.03778532680393024,-0.004667315543841267,0.009495210401636795,0.029016471830131892,0.00997305536421599,0.024275774212313535,-0.009512872787574319
survivor_1829_basin_1858_explore_r04_hit_0021_conf_012455_implicit_min,-0.0221922984873787,-0.021279603038892616,-0.025589411087163987,0.005125561029876253,0.033374861857298245,0.002045637840647214,-0.03969653222840836,-0.03497084954250299,-0.0013542197043323032,0.0014296362906921476,-0.005389270951915018,-0.0012125668037318528
survivor_182_basin_186_candidate_2501_gencluster_486_conf_164314_implicit_min,0.016008406618993044,0.022636872190421008,0.002322840446198724,0.013884937792017387,-0.037762722374622505,-0.022618494290128816,-0.00762829867279289,0.014310101238881425,-0.015008076288428677,-0.026049529743371286,-0.029383789099674647,0.019366191269802508
survivor_1830_basin_1859_nma_bh_candidate_706_gencluster_706_conf_010197_implicit_min_hop_000_mode01_p1.35A_implicit_min,0.008282005719793343,0.007996324513329343,-0.0330000309088493,0.01413878691119318,0.01352835362807186,-0.014188864758899621,0.003493441746853391,-0.012560303608548318,-0.0421288650445528,0.0004849298282720647,0.02387251739977836,0.01759985397199866
survivor_1831_basin_1860_nma_bh_candidate_631_gencluster_631_conf_003162_implicit_min_hop_002_mode02_p0.75A_implicit_min,0.027133025710187296,0.0014513442174283497,0.026066727574365213,0.034598327944343386,0.03247839245076598,-0.02711044773604188,-0.0036155026908882516,-0.006243106451507782,-0.02817718195464235,-0.008561570189469554,-0.00914623523053049,-0.01823321579646717
survivor_1832_basin_1861_nma_bh_candidate_1138_gencluster_1138_conf_004095_implicit_min_hop_001_mode02_m0.75A_implicit_min,-0.013138001638327075,-0.0023758714625736954,-0.025711325069884276,-0.011592178485481055,-0.023595304070408774,0.020961610702095675,-0.004159135106944801,-0.003266519031595139,0.0012248381290063046,-0.027034797537466036,0.006314209472531062,0.04818746784647255
survivor_1833_basin_1862_candidate_1083_gencluster_1083_conf_141035_implicit_min,-0.025942247741020906,-0.02138947439454804,-0.003167485932889483,-0.038842977733347404,0.018977752463952276,0.007109616544635338,-0.0007901316170875488,-0.00767879844515178,0.03519347317962522,0.006056362509817515,0.062304264576498826,-0.024098590917761578
survivor_1834_basin_1863_candidate_2143_gencluster_038_conf_035706_implicit_min,0.01661787610528748,0.010610042069542887,0.00661025941088534,0.005777801626855376,0.001593660940122314,-0.0006544973972099857,0.015040945184169504,-0.020215050717737982,-0.011647534142179847,0.005340578212716561,-0.016177619228206642,-0.03720355834498292
survivor_1835_basin_1864_candidate_1760_gencluster_1760_conf_164817_implicit_min,-0.046542251220983856,-0.0007757919810494761,-0.002329290392926062,0.014087903599881199,0.01659698595210661,0.0025888972308915075,-0.05615594185085888,-0.025259052965829396,-0.0021381667682896766,0.008624712327668253,-0.005369583312772252,-0.0043692243781948085
survivor_1836_basin_1865_nma_bh_candidate_2739_gencluster_819_conf_086560_implicit_min_hop_002_mode02_m1.35A_implicit_min,0.014137098776487682,-0.0008771791949928477,0.012045925479474232,-0.02397308351827823,-0.019385950064523316,0.03740052114453358,-0.01371775732874343,-0.010760154290799987,-0.014231495818727563,-0.050941610841476824,-0.005591139743149076,-0.001518559403971151
survivor_1837_basin_1866_candidate_1222_gencluster_1222_conf_017605_implicit_min,0.0327962146965543,0.011749552695629308,-0.01614532288824914,-0.01647335641968658,0.004999539280230345,-0.03828403685951531,0.016968783552472076,-0.020901902452993473,-0.012839275158555976,0.003520910678318834,-0.03342418417076074,-0.02255536661994666
survivor_1838_basin_1867_candidate_1554_gencluster_1554_conf_020388_implicit_min,-0.0223368722664517,-0.02986354652705831,0.01835959921412651,0.0391798252060208,-0.01741724554426891,-0.06298879514474442,-0.022255280057924334,0.009621671096440817,-0.018251189262494857,0.03959709249038977,-0.031743121877412066,0.03731664660714192
survivor_1839_basin_1868_nma_bh_candidate_2918_gencluster_1033_conf_098844_implicit_min_hop_000_mode02_m0.75A_implicit_min,0.013318866746539934,-0.00803490671197429,-0.013331037979396105,0.03451959120678987,0.010959175500578448,-0.009056778116638867,-0.0032123490708472254,0.048374777942430856,-0.020025179904773996,0.01151247727604066,-0.015117144237279423,-0.0017940215434383271
survivor_183_basin_187_nma_bh_candidate_2083_gencluster_2083_conf_036478_implicit_min_hop_001_mode01_p1.35A_implicit_min,-0.024543968160482814,-0.01077063807113673,-0.009943975634399688,0.007791380715478392,0.006688628061477531,-0.0610625481421274,-0.05841167298685376,-0.010664658763598879,-0.002415700139221528,0.0050883980821596056,-0.03365200926406988,-0.011144452896143877
survivor_1840_basin_1869_candidate_2938_gencluster_1059_conf_055680_implicit_min,-0.04119950455174412,0.023079272130560227,0.028858303055411615,-0.0074498211780366745,-0.019430996253955425,-0.021845525118086996,-0.05631143420736503,-0.013303908881038946,-0.0023985191774822242,0.022455836396040096,-0.03392777604470158,-0.004550854492269898
survivor_1841_basin_1870_candidate_012_gencluster_012_conf_112812_implicit_min,-0.02501227622736245,-0.026501835174288366,-0.00854746564270764,0.003028132094174401,-0.015238629731228226,0.044403740926772205,-0.0021304014966766105,0.002593630597727501,0.02412957697627604,-0.008381859007591091,0.05005367670179397,0.015268332626568367
survivor_1842_basin_1871_candidate_900_gencluster_900_conf_028225_implicit_min,0.0061814933732738985,-0.014903750282816335,0.0002484691946558583,-0.009200038884890743,-0.009429893644589762,-0.02545365851829908,-0.027158922466979856,-0.026506203510663674,-0.023533521935067147,0.005198451930247172,-0.028487740086240238,-0.006770381675646252
survivor_1843_basin_1872_candidate_1342_gencluster_1342_conf_005620_implicit_min,-0.010496654820333871,-0.0020362623122962857,0.02582056092011239,-0.051616619396080074,0.010518361415111971,0.015961746261225037,-0.014223552414675702,0.01459524175910455,0.024799337371171057,-0.03030586286692592,-0.0030559422386535725,-0.04038266223908271
survivor_1844_basin_1873_candidate_2867_gencluster_973_conf_126544_implicit_min,0.03308164490901923,0.0019221049702248002,-0.0298846993754518,0.03321604406144373,-0.02946922950065339,0.009422410670576913,0.016164960527541655,0.014454244790693476,-0.0428188244700954,-0.040057268753960575,0.00718410069696202,0.005569740577297159
survivor_1845_basin_1874_candidate_1847_gencluster_1847_conf_135034_implicit_min,-0.03824723335300159,-0.010489226630769014,-0.01932089617241871,-0.004228403129371924,-0.04545420102713774,-0.003618618267304603,-0.04285356026046528,0.012376685259491767,0.008725038980143731,-0.02433716347749044,-0.0203676798929832,0.024646116065642102
survivor_1846_basin_1875_nma_bh_candidate_2457_gencluster_433_conf_149315_implicit_min_hop_002_mode01_m1.35A_implicit_min,0.011912386463514535,0.02525522306296393,0.015886546988175022,0.03586017398820842,-0.010761971342776656,-0.0034012053589855353,0.01759550284266726,-0.001123914704413737,-0.012900103461654037,-0.012194701243944665,-0.026882925514631548,0.0357150471160326
survivor_1847_basin_1876_candidate_2922_gencluster_1037_conf_037858_implicit_min,0.03311681055494784,0.0014423570493747463,0.037579981345791026,0.03659922426404082,0.03430021990437564,-0.009942542625591293,0.023933202219415632,-0.013946232992607875,-0.020706288667125036,0.04594593870160531,0.0017863575355656512,-0.024750564634065574
survivor_1848_basin_1877_candidate_158_gencluster_158_conf_058217_implicit_min,-0.0172850130402033,-0.0024976281373213145,0.011238384119391787,-0.016441309157711068,-0.016173009978548716,-0.025901819151305225,0.01698265878172701,0.012005721845587878,0.014294903016814804,0.03902881057972666,0.015836505118703145,-0.008186507008595344
survivor_1849_basin_1878_candidate_1445_gencluster_1445_conf_003705_implicit_min,0.012238581158678909,0.02445235302788804,-0.03932147035415483,-0.01309087244003229,0.022056511753740043,-0.0009071912164445561,0.00695284882057083,0.01949605642798045,0.008351963566159235,-0.02650683438929987,0.013994190309962578,-0.01057475693521038
survivor_184_basin_188_candidate_1186_gencluster_1186_conf_076212_implicit_min,-0.030201168166481256,-0.011209193819377414,-0.001327247614480444,-0.010737141966966818,-0.05080644533612095,0.013946656665078612,-0.0023824582123966854,0.027569688958583593,0.03393927327255652,0.001683640669229052,0.02248874077870676,0.012984516845601252
survivor_1850_basin_1879_candidate_2257_gencluster_176_conf_040722_implicit_min,0.019216519298887427,0.028419393996744296,-3.162969331355289e-05,-0.019524198908062416,0.004666715899152641,0.005568448823477109,0.0160446190590018,0.005847960264837869,0.005515873502098468,-0.03348899983082498,-0.0018387722141083931,-0.013905894538012078
survivor_1851_basin_1880_explore_r03_hit_0003_conf_021809_implicit_min,-0.03835213385285633,0.0087554735926662,0.021358313965171394,0.0033001518464272606,-0.00922368155799789,-0.03211988124872436,-0.05785357537998897,-0.022018699012614096,-0.0028985795735570414,0.017466015106860414,-0.022848098725794998,0.0006243974265529083
survivor_1852_basin_1881_nma_bh_candidate_1908_gencluster_1908_conf_138911_implicit_min_hop_002_mode01_p1.35A_implicit_min,-0.036689123819754255,0.032033659518167425,-0.016013637923112747,0.0010590179131715258,0.010582738151812284,0.030506479134410975,-0.028710690494332707,-0.02280237036182632,0.014390487439781042,-0.0004702277029516703,0.05271952033184483,0.01743759149229753
survivor_1853_basin_1882_nma_bh_candidate_2684_gencluster_753_conf_185631_implicit_min_hop_002_mode02_p0.75A_implicit_min,-0.0021470803998750254,-0.008998460806190125,-0.0021785368578767493,0.02839541665945051,0.022043196639617735,0.006505157080340089,0.00988598084516134,-0.017801481101942504,-0.01983467501800117,0.016585879869268346,-0.01352169977216081,0.022031186874959384
survivor_1854_basin_1883_nma_bh_candidate_1714_gencluster_1714_conf_011260_implicit_min_hop_002_mode01_p1.35A_implicit_min,0.016929279540951553,0.045050005521726694,0.007492880536329778,-0.030256913015234674,-0.00917274837645054,0.02110695288238946,0.02598782292766086,0.009440005261961194,0.002210367222194625,-0.01707712281494182,0.01972394779903592,-0.024173718682190672
survivor_1855_basin_1884_candidate_2209_gencluster_119_conf_083594_implicit_min,0.010337327252931367,0.020099236641480858,-0.009326737841277641,-0.03478284987655782,0.008824253881420593,0.0025304007602886657,0.007376784169396227,0.02308966964051967,0.02254040804124544,-0.0057080115586970355,0.0087436885527121,-0.04095512955132706
survivor_1856_basin_1885_nma_bh_candidate_1920_gencluster_1920_conf_068917_implicit_min_hop_001_mode02_p1.35A_implicit_min,-0.002897277264697306,-0.023674571985981527,0.010836986028742893,-0.012940148033472331,-0.02710620873946474,0.038755742123401556,0.025737010811000386,0.023166120902795243,0.010969050883714904,0.005679112007897327,-0.04384830754211434,-0.007549487118959081
survivor_1857_basin_1886_nma_bh_candidate_2437_gencluster_400_conf_053256_implicit_min_hop_002_mode01_p1.35A_implicit_min,-0.023235349553692566,-0.0350313836978009,-0.04624502712931191,0.0009704492372895644,-0.01300239989184695,0.028737931491001262,0.010449512833357065,-0.01824366069305583,0.027854530241814224,-0.006350481916525027,0.01994188731095944,0.05141851598665295
survivor_1858_basin_1887_nma_bh_candidate_720_gencluster_720_conf_069593_implicit_min_hop_000_mode02_m1.35A_implicit_min,-0.022586126658782565,-0.0342741134753123,-0.015751881477649977,-0.016592548084651642,0.04314534834311695,0.007551919738718327,-0.045908493051740856,-0.010164136736129778,0.007247054106836676,-0.005436965377918615,-0.008275772625615734,0.008459768814851831
survivor_1859_basin_1888_candidate_2719_gencluster_794_conf_081454_implicit_min,-0.024436517050829495,-0.006171495953716359,-0.0024034490310868347,-0.011672247931158904,0.02926623729044441,0.02878537159364499,-0.0021054437222913203,-0.0059646551760798435,0.023084099994012175,0.007939652523548068,-0.001109706368765823,0.0387392452110126
survivor_185_basin_189_nma_bh_candidate_1992_gencluster_1992_conf_005930_implicit_min_hop_002_mode01_m0.75A_implicit_min,0.011806951043391266,0.02889247725188055,0.005386779366974643,-0.01347758175217584,0.007636394485788262,0.032030997790325866,0.008080521701162288,-0.022248832288281003,-0.026669407724882303,-0.012478549211553759,0.020846745017749625,0.01729141822688747
survivor_1860_basin_1889_nma_bh_candidate_2663_gencluster_717_conf_014249_implicit_min_hop_000_mode02_m1.35A_implicit_min,0.0055668848851838475,0.02725624399009012,-0.024645005067212386,-0.024071317176856583,-0.006716879914221883,0.038339161381126266,0.020937845412744977,-0.003927858651165633,0.021469465240875018,-0.03348927980293179,-0.00494755071885171,-0.004985925182896297
survivor_1861_basin_1890_candidate_2381_gencluster_328_conf_096708_implicit_min,-0.027278250771922568,-0.016143695816667192,0.029545505155759145,0.030516019680531952,-0.007581409822871522,-0.023329455251815658,-0.044988098455368566,-0.007051267942471234,-0.014943496602257317,-0.006988665758801288,-0.011905334500762801,0.026704069286642276
survivor_1862_basin_1891_candidate_2591_gencluster_618_conf_024521_implicit_min,-0.00251523595272032,0.015045637360025368,-0.04077226029214185,-0.008775174203931419,0.0014271360716855874,-0.034194014566635914,-0.0225433555995581,0.007584508064130432,-0.0018831514856214062,-0.011460050833299327,0.004846867783940436,-0.012462169314317423
survivor_1863_basin_1892_candidate_1392_gencluster_1392_conf_005068_implicit_min,-0.007948651441839195,0.014116219790818677,-0.002382864976123079,0.03516175615684729,0.0528626865003577,-0.027727859156003874,-0.008212753435568968,-0.032913497204647084,-0.017313690565002732,0.03375267461721742,0.030650964808144696,0.008750566916793916
survivor_1864_basin_1893_candidate_2201_gencluster_109_conf_100050_implicit_min,0.013233949557272008,-0.019978871039528487,-0.045488859280519406,9.174275058478682e-05,-0.012023500034696124,0.045041648082315144,-0.00043842235132656707,-0.015308419552939934,-0.021052940472771817,-0.05758052606013456,0.008730144700517183,0.014526482069624263
survivor_1865_basin_1894_nma_bh_candidate_2136_gencluster_029_conf_073146_implicit_min_hop_002_mode01_p1.35A_implicit_min,0.03228147363058329,0.002031811027128931,-0.02512641852329913,0.013376436369001732,-0.018146766267968087,-0.016306133767635993,0.005523205700828558,0.00020997490142253287,-0.0168600112974856,-0.04289810855758773,-0.01615529664208372,0.004388791255507172
survivor_1866_basin_1895_candidate_1853_gencluster_1853_conf_062467_implicit_min,0.049130470244309214,-0.00811543704456214,-0.001754221102418384,0.006572565399905758,0.003475744395727057,-0.0034552385365709047,0.021555392151671543,-0.013610110779487494,-0.043931016651028144,0.010019017597495438,-0.004582219720762703,0.007558345495081126
survivor_1867_basin_1896_nma_bh_candidate_109_gencluster_109_conf_041191_implicit_min_hop_002_mode02_m1.35A_implicit_min,0.021909198258128846,-0.01769188744986476,-0.04409925778410004,0.015558167475617708,-0.006013961628755063,0.03766420215541125,0.0018995015084564088,-0.002206489926655055,-0.027013348690712927,-0.03219829689586568,0.029524809399217197,0.00403681332222132
survivor_1868_basin_1897_nma_bh_candidate_781_gencluster_781_conf_154971_implicit_min_hop_002_mode02_m1.35A_implicit_min,-0.027034114203432404,-0.015693900709007988,-0.020883199138080514,0.006604332594241861,-0.015975532455826467,0.011950724592376045,-0.015912056697747482,-0.011454932120397174,0.012213519265185204,-0.010818823869985022,0.01028739054674281,0.03617005035010847
survivor_1869_basin_1898_candidate_2806_gencluster_898_conf_188260_implicit_min,0.027266139729607432,0.004606199339839519,-0.009699474724212934,0.010610246719245,-0.013892003336405277,-0.012467204652093382,0.017448696975602637,-0.0018755562357383572,-0.0137396494836277,-0.008713231430733458,0.03637132518368206,0.008813222452686554
survivor_186_basin_190_nma_bh_candidate_2293_gencluster_217_conf_180539_implicit_min_hop_000_mode02_p1.35A_implicit_min,-0.034096538873836034,-0.02109043924911314,-0.0024083616913595273,0.022482521595443578,0.01733113314819319,-0.043168277467785066,-0.06447810892038486,0.001804353397960425,-0.0007047786807445702,0.01038540541086981,-0.023767269846950333,-0.0024258490650938655
survivor_1870_basin_1899_candidate_258_gencluster_258_conf_176855_implicit_min,0.013460145411045326,0.011026953922416725,-0.014056392042971157,0.029234329671939945,0.0022720110612028327,0.0032222386158850505,2.942828772700722e-05,0.027573242912538026,-0.022322828860400566,-0.02665280003097254,0.0041580520371361975,0.01692991468828461
survivor_1871_basin_1900_candidate_2808_gencluster_900_conf_137777_implicit_min,0.0013430987653808599,-0.01849893071671168,-0.0041986253777850655,-0.03040383141280163,-0.010192742873858409,-0.02238750176787047,-0.015978616841828087,-0.013379597988034167,-0.008447645960980956,-0.0037233517553568927,-0.030045152340286266,-0.008056080053366051
survivor_1872_basin_1901_explore_r03_hit_0047_conf_021891_implicit_min,0.03430438186105595,0.004613844913606793,-0.018246654044791255,-0.03285696561657955,0.04730390575773153,-0.0007103179100848703,0.02744833549199164,0.01100538681040679,0.01596524955391487,-0.002703571094864015,0.005921057290865512,-0.045964587021824176
survivor_1873_basin_1902_candidate_136_gencluster_136_conf_010209_implicit_min,-0.005120046225756363,-0.020663016093824482,-0.0024064751557579026,-0.02937634935403597,0.003004489766506361,-0.062059004169690644,-0.028688570675441408,-0.037475502879463704,-0.0040911771070390205,0.018615191222205486,-0.0022442269209317386,-0.03185081609387625
survivor_1874_basin_1903_nma_bh_candidate_1114_gencluster_1114_conf_035202_implicit_min_hop_001_mode01_p0.75A_implicit_min,0.012180634752938098,0.039733142859676794,0.0019483143454037608,-0.006503860740862225,-0.04124545700751634,0.016300560654771458,0.018516576551787955,0.002925776762221601,-0.011130924447247356,0.006269618765720083,-0.018320055472847083,0.033428434315732336
survivor_1875_basin_1904_explore_r03_hit_0023_conf_019060_implicit_min,0.024055866196657564,0.009902725689287814,0.02333841659377928,-0.0015888796969326028,0.020348579055066367,0.0035324357232451864,0.027871151772438717,-0.006549043571339045,-0.0037389392839689015,0.036051850786734986,0.014235546518209229,-0.038169708841780815
survivor_1876_basin_1905_candidate_450_gencluster_450_conf_045125_implicit_min,-0.06034711396848631,0.006030577091698102,-0.00323112425834518,-0.007919310414788295,-0.00633735055404824,-0.005245941251712903,-0.06841936709066046,0.008729109099288705,0.007356666818233088,-0.0018716250699939165,-0.026191259112944204,-0.0022472739383287603
survivor_1877_basin_1906_nma_bh_candidate_1908_gencluster_1908_conf_138911_implicit_min_hop_003_mode02_m1.35A_implicit_min,-0.03503475519489649,0.024198941765300446,-0.026223961333038174,0.008894773725056739,0.022175563575605392,0.01062410429589221,-0.030959692358482574,-0.03073341541380823,0.010518035178870878,0.0038651064420392803,0.038053150221213465,0.015565855037847132
survivor_1878_basin_1907_nma_bh_candidate_2577_gencluster_598_conf_071976_implicit_min_hop_003_mode01_m0.75A_implicit_min,0.010740062720455622,-0.04073913183771477,0.048278238035046765,0.005378995893672826,-0.008712843154039356,0.01945437252072366,0.018127095227437096,-0.03200321614832758,-0.005522142384368429,0.03891059921198864,-0.012321189188257423,0.01129832298377874
survivor_1879_basin_1908_candidate_1142_gencluster_1142_conf_002750_implicit_min,-0.029667818604943753,-0.015008079018894102,0.014696469100821532,0.024270762417887514,0.00022502763671307014,-0.029723505304023297,-0.0286157733282317,-0.015420652811485752,-0.01075869515027885,0.0010147604492556543,0.0058321138350280665,0.04712563290995563
survivor_187_basin_191_nma_bh_candidate_2663_gencluster_717_conf_014249_implicit_min_hop_003_mode01_p0.75A_implicit_min,0.008158183236139625,0.018758578779646616,-0.04626557806698867,-0.005681348510505446,-0.007562694935229829,0.019827150419802802,0.019196621907662043,-0.012922904709607731,0.02044859465512561,-0.03873290662508014,-4.9068231878189174e-05,-0.0051114760495709856
survivor_1880_basin_1909_candidate_2877_gencluster_986_conf_145645_implicit_min,-0.0081386857454103,-0.009876925565533164,-0.011345986887327872,-0.005189565173448381,-0.003166686419050824,0.011418310091877769,-0.010089722923440066,0.04747257248218259,0.02335225823248772,-0.022704534827119163,-0.017211019695470075,0.008424022178528617
survivor_1881_basin_1910_candidate_1028_gencluster_1028_conf_063210_implicit_min,0.006576371381100011,-0.028656588644490225,-0.000822837967908454,-0.01681931384764605,0.004778795112167651,-0.027677726083387897,0.009607118440108031,-0.008117153309408704,0.01864484323150263,-0.0027411912028492964,0.023031177537827546,-0.004240494704283289
survivor_1882_basin_1911_candidate_2338_gencluster_275_conf_100749_implicit_min,0.007256495907002016,0.03071972226264222,0.05440451515537054,0.020049792606752746,0.01804015684738458,0.0009656663727637908,0.008573396109026864,0.015062312131304743,0.017981044053808855,0.0006998069703955067,0.039971119626537446,-0.030316446290207015
survivor_1883_basin_1912_nma_bh_candidate_583_gencluster_583_conf_027260_implicit_min_hop_001_mode02_p0.75A_implicit_min,0.004692176021078931,-0.029600597036289703,0.00751637140409194,-0.009170671507459564,-0.03209708394895545,0.006354841314697724,0.021746835771454507,0.010916731707755985,0.019351023885401678,-0.0002521532700915781,-0.03722365752048462,-0.010850800222251412
survivor_1884_basin_1913_nma_bh_candidate_2548_gencluster_554_conf_187437_implicit_min_hop_002_mode02_p1.35A_implicit_min,-0.02483122889594783,-0.027076162745339135,-0.0005343079867224668,0.00982759114564384,-0.019862728198191668,-0.008077951536598953,-0.03135381033347843,0.040486346821128935,0.001376111817378242,0.03673512231705795,-0.003446713656612695,-0.012116366266438357
survivor_1885_basin_1914_nma_bh_candidate_2390_gencluster_342_conf_095022_implicit_min_hop_002_mode01_m1.35A_implicit_min,-0.006125554036806224,-0.0019042318514462698,-0.013971113878543972,0.0012400498931935656,0.04080864757653564,0.029584762851463647,0.014481111771350324,0.027913405585995227,-0.017641125183002645,0.034382530537719364,0.01596791027751067,0.007356005935200159
survivor_1886_basin_1915_candidate_2717_gencluster_792_conf_154276_implicit_min,-0.002546761188218761,-0.00867532971951449,-0.005302448295923029,0.007033390976926499,0.023946319489934937,0.022389945601326153,-0.00253579265326387,-0.008304713028038356,-0.025625551490597726,-0.026373878178050744,0.0032278491275655754,-0.01940688959261464
survivor_1887_basin_1916_candidate_1444_gencluster_1444_conf_061386_implicit_min,-0.0071618407961642205,-0.013237471815558899,0.017071871369436626,-0.01593145761290806,-0.05122839328579394,0.03949268883980104,0.01077880735293949,0.03771623863314581,0.028873105428291804,-0.0276646433880115,4.243422406061194e-05,-0.001374713820885248
survivor_1888_basin_1917_candidate_1339_gencluster_1339_conf_088413_implicit_min,0.034074168228989364,0.009431568579122189,-0.004689011065664715,-0.021002374605907297,0.03417854408670222,0.0007168916694819688,0.031143452990963313,-0.008115009506287591,-0.0009971362440060177,-0.012902099976253278,-0.015546235402277864,-0.03061527011451685
survivor_1889_basin_1918_nma_bh_candidate_768_gencluster_768_conf_013652_implicit_min_hop_000_mode02_p1.35A_implicit_min,0.02461521562069952,-0.0038064587446878036,-0.0225510540384977,0.03434320042166324,-0.01108650803659683,0.015242604761380205,0.017817987760960823,0.020209072205687836,-0.03002300417740418,-0.03325708957346275,0.006775256397027344,0.02255539687302543
survivor_188_basin_192_explore_r04_hit_0064_conf_046996_implicit_min,0.02279278856676111,-0.01400356690019472,0.0005240158264363989,-0.038975864824383304,0.02418282885718944,0.008865942657580365,0.025360707014351745,-0.03842459519743443,0.00948026514216258,-0.0022122336683049735,0.012693029510550598,-0.02838047944928069
survivor_1890_basin_1919_candidate_1786_gencluster_1786_conf_010385_implicit_min,-0.018631929246210426,-0.000956870815709012,0.014809345613746321,-0.011003413498019528,0.004549216894178552,0.03492749666153247,-0.05248975856107043,0.008250634166901256,-0.0016358337420989495,0.0019015166709529436,-0.01638327092809761,-0.012953928494558804
survivor_1891_basin_1920_nma_bh_candidate_231_gencluster_231_conf_058839_implicit_min_hop_003_mode01_p0.75A_implicit_min,-0.014891862185732735,-0.010738726390017665,-0.019403296944723602,-0.010002664816016606,-0.025122491131796612,0.015716426001528155,-0.004266360775317817,0.020350338129977955,0.03460976163792384,-0.02652208604557465,-0.030095562558940823,0.0002673239647583942
survivor_1892_basin_1921_explore_r05_hit_0017_conf_006679_implicit_min,0.022353453507192065,-0.038447390637822404,0.03536859782835002,0.0005296963150294127,-0.015873740865476924,0.012096068037609405,0.023329294353309,0.016290314834415953,-0.023810600277674718,0.022593319422027847,-0.007614659363818991,-0.01741932130203253
survivor_1893_basin_1922_nma_bh_candidate_1647_gencluster_1647_conf_134687_implicit_min_hop_003_mode01_p0.75A_implicit_min,-0.007932926983087374,0.04701377980335652,-0.0047460812678908225,-0.030883442389616517,-0.016313788335934068,0.014373070845263824,0.010372229792147185,0.01119298619184889,0.04175090413983815,-0.019147295334930745,-0.0004590674239593269,-0.012540433083335724
survivor_1894_basin_1923_candidate_932_gencluster_932_conf_143997_implicit_min,0.0230336439165257,0.041458675701547196,0.041773756438118745,-0.016737944250075066,0.000947418925101851,0.02029861961375916,0.0210079512517718,0.0017318979924372125,0.011338140467338918,0.004546742487973798,0.015271526282173143,-0.030179875513578133
survivor_1895_basin_1924_candidate_2919_gencluster_1034_conf_068335_implicit_min,0.0016274614456751992,-0.02410976602107748,0.03739503084061782,0.017952282558656114,-0.03404316326302942,0.0064189454275785825,0.021051040581572995,0.03095627945511852,0.002050150607497138,0.033853056834174965,-0.01495564872286377,-0.010549711696576907
survivor_1896_basin_1925_candidate_1121_gencluster_1121_conf_001033_implicit_min,0.017295705613707704,0.012399873216165735,-0.008050469872071616,0.006891255420951624,0.025007929066953035,-0.019771846974436385,-0.017345875920257946,-0.023580738530638645,-0.03161540768048313,-0.016818568940197565,-0.015231272475997933,-0.02628365156362252
survivor_1897_basin_1927_explore_r02_hit_0014_conf_015434_implicit_min,-0.02573625402581016,-0.010909751031209704,-0.02095577307896263,-0.022207914901422442,-0.021130861783039145,0.03756501702367245,0.02142024217262286,0.0035713431100694616,0.03827340495135676,-0.011693670994579053,0.04259545688413485,0.017093790048003186
survivor_1898_basin_1928_candidate_2002_gencluster_2002_conf_132048_implicit_min,-0.040707589098122,0.0016986571457969066,0.007017952513917549,0.028094366407301848,0.011969409021080943,-0.007921049309439524,-0.04357371472484067,-0.0281232733121147,0.015001407798283075,0.00164422559445419,0.01385276565280418,0.0157304725434697
survivor_1899_basin_1929_nma_bh_candidate_2577_gencluster_598_conf_071976_implicit_min_hop_003_mode01_m1.35A_implicit_min,0.011485641799120247,-0.04156993766568147,0.049187743030688985,0.005768831121374994,-0.008000422998248317,0.01967071766555061,0.018909826678774767,-0.03167844644559243,-0.004886401260765795,0.03622427046912318,-0.015135009025716064,0.013540650195009036
survivor_189_basin_193_candidate_377_gencluster_377_conf_029053_implicit_min,-0.01627469051493362,0.011154369247053106,0.03495160209024055,0.03485219007198366,0.0034151081701239406,0.0027646089952213584,0.00966004522192423,-0.016891679355591677,0.023891529488619362,0.029123076958097495,-0.00549637917296367,0.016370284740826743
survivor_1900_basin_1930_candidate_1065_gencluster_1065_conf_007251_implicit_min,0.026987329699350485,-0.03278677507397758,0.0035402170225581316,-0.017006880519580513,-0.03164614641487182,-0.034738055016976556,0.008768706802543057,-0.0007813063695577106,-0.029293200638411773,5.3381713075870144e-05,-0.033406205015862056,-0.01619255212462252
survivor_1901_basin_1931_candidate_007_gencluster_007_conf_028531_implicit_min,-0.0224744071845686,0.05264581491166332,0.028894981269959857,0.020321006391722737,0.0056264923794163355,-0.016129549096849414,-0.024023150468290757,-0.008213841364251058,-0.004745122234115375,-0.01574613801048797,0.022344825119790634,-0.005640660111252412
survivor_1902_basin_1932_candidate_1354_gencluster_1354_conf_125315_implicit_min,-0.027903077009204854,0.02519852300715437,-0.010108668298861262,0.019091475794870954,0.018043863930103016,0.021465065478029077,-0.020923761318723092,0.011122412816309952,0.008069308733000517,0.03513224193649514,0.020680808722281247,0.006002726604928332
survivor_1903_basin_1933_candidate_554_gencluster_554_conf_127331_implicit_min,-0.023718141281255066,-0.03670494458390418,-0.012356987717353747,0.013076830519639364,-0.008531772475333285,-0.024278244449487327,-0.01304660439921106,0.052268909343261415,0.002967569020779005,0.04280032761763495,-0.0009920128064982697,-0.0035492262260377002
survivor_1904_basin_1934_nma_bh_candidate_1714_gencluster_1714_conf_011260_implicit_min_hop_001_mode01_p0.75A_implicit_min,0.05002163017515002,0.0005967281771553004,-0.006844119280329284,-0.0037844062086454197,0.02660716064568473,-0.013567002081501016,0.023535862521346453,-6.818460571640441e-05,-0.013961795051852962,-0.015522812432648966,0.005438250250499686,-0.04270976167190857
survivor_1905_basin_1935_candidate_1598_gencluster_1598_conf_068225_implicit_min,-0.020121969274861304,-0.022059521458945172,0.010021977036421393,0.01209099461171787,0.008767433578811847,0.019864059157673485,0.010881564863523239,-0.01831757201710574,0.03619039048046868,0.015148232139879468,-0.007464144399293081,0.05219709518622508
survivor_1906_basin_1936_nma_bh_candidate_2792_gencluster_884_conf_057741_implicit_min_hop_000_mode01_p0.75A_implicit_min,0.02223133782046534,-0.034890041882288995,0.029979220304887942,-0.022361252005594814,-0.021586953415011365,0.008663149037842792,0.022364676837586576,0.02152661586720945,-0.010960844314139037,0.015740531322509285,-0.01503372293286257,-0.03391833343338194
survivor_1907_basin_1937_candidate_1894_gencluster_1894_conf_005292_implicit_min,-0.031003622138805646,-0.026949627814588418,-0.008960796889360485,-0.022727571287782272,0.017156248757210384,0.03164011788168043,-0.029617358395847934,-0.024812538793086238,0.015598948944040666,-0.00410434989001089,0.0400564234661851,-0.012194324104602704
survivor_1908_basin_1938_explore_r03_hit_0018_conf_038029_implicit_min,-0.005513325981422333,-0.040795040439565125,0.027588395897423113,0.007120296276847044,0.0016324820610737682,0.044785361725201145,0.022854457935665498,0.00924000580554594,0.015003677270870035,0.02053432587131033,0.012487102870990564,0.006786841235382598
survivor_1909_basin_1939_candidate_1181_gencluster_1181_conf_085879_implicit_min,-0.01195937939920263,0.02279082106514987,-0.029077729045184453,-0.004341506502877982,-0.015610912177719571,-0.009068288658175692,0.005374754278888909,0.020858671147807886,0.019980434862704306,-0.01436338398233646,0.038214766665162075,0.02746485359531906
survivor_190_basin_194_candidate_1147_gencluster_1147_conf_020654_implicit_min,0.0010748583779805795,0.0043830544389711155,-0.020649163027280856,-0.019095064346563943,-0.0011712179021956574,-0.01593547326109242,-0.019334275680324236,0.007555767164409681,-0.021557511751966442,0.014590105782613317,0.007324017969913757,-0.057460769736950926
survivor_1910_basin_1940_candidate_1843_gencluster_1843_conf_177339_implicit_min,-0.017320248729756592,-0.003920707420698741,0.03631415006419593,-0.0037788669765427374,0.026578058100407274,-0.006684864782217709,-0.03607279197864794,-0.0352480173776,-0.012843822513433117,0.019973499521335498,0.013879799966482476,-0.009184187251278002
survivor_1911_basin_1941_candidate_1890_gencluster_1890_conf_005281_implicit_min,0.020349360352599,0.00013311530204950872,0.012706684425098947,-0.014056365763989075,-0.021730733299303192,0.012442642884592243,-0.002390290570986821,-0.0009583464783921674,-0.017560827210944072,-0.05362196111642643,-0.003652863090535583,0.005620207962365679
survivor_1912_basin_1942_candidate_348_gencluster_348_conf_165773_implicit_min,-0.02364151101609809,0.0022502563450306243,0.01910386968707425,-0.009216471283827634,0.0004331426249935829,0.0275884445755111,0.003021927560508862,-0.02266786202938346,0.05655070188336298,0.0009160686401239736,0.009293481376151108,0.021729599558709685
survivor_1913_basin_1943_nma_bh_candidate_1391_gencluster_1391_conf_031128_implicit_min_hop_000_mode01_m1.35A_implicit_min,0.024117002622633506,-0.0073578484614243616,-0.036041588525507734,-0.011841543455403978,-0.0010812237496925943,0.04123930671216635,0.02213947559667132,-0.006623215627386098,-0.020815782656319965,-0.0366898515618665,0.011721783985198358,0.004010722862387997
survivor_1914_basin_1944_explore_r03_hit_0020_conf_011040_implicit_min,-0.031120098756794515,-0.017869401995575795,0.01292871987583671,0.028439243088621554,-0.0008557591466547616,-0.040275886656823336,-0.05762993215883549,-0.020973742247289703,-0.012777870652897677,0.03281263992816886,-0.0331776218968189,-0.0023562013420784355
survivor_1915_basin_1945_explore_r01_hit_0053_conf_043485_implicit_min,0.0032177154797466715,-0.021201489968017462,0.023353063894213648,-0.008300661164329745,-0.04283242632990009,0.001919243891466739,0.03209781774997844,0.009025233150403067,0.014038844403775511,-7.414489520712018e-05,-0.03211071766018691,-0.0029895877076216155
survivor_1916_basin_1946_candidate_1604_gencluster_1604_conf_142063_implicit_min,0.026765722844127163,0.0033155699988696562,-0.012964643964930802,0.0018240421591050732,0.017392087695864398,0.018295946073706985,0.016719492093614736,-0.0019933201491185307,0.007757399133079106,-0.015878321019181938,-0.005855810271920593,-0.03331419106569794
survivor_1917_basin_1947_nma_bh_candidate_2437_gencluster_400_conf_053256_implicit_min_hop_002_mode01_p0.75A_implicit_min,-0.022441550014953626,-0.034449476636903974,-0.047359557218285504,0.0036884495391256247,-0.014147533299685678,0.028565993308977,0.00955237736417081,-0.01830696186438772,0.027396722720038742,-0.006332960927654975,0.020870091477007538,0.051341369772240145
survivor_1918_basin_1948_candidate_2487_gencluster_467_conf_199774_implicit_min,0.004919004191436907,-0.0030915398286839807,0.011602396984356311,-0.019762945954425997,0.00270894180569999,-0.029225656789972233,-0.0018000550189182713,-0.025770271099448162,0.022487475557261695,-0.024978021959142272,-0.03860497171790281,-0.00035578736681732916
survivor_1919_basin_1949_nma_bh_candidate_109_gencluster_109_conf_041191_implicit_min_hop_003_mode02_p0.75A_implicit_min,0.010665407826592916,0.00015603166001936408,-0.03769532312642572,-0.010109400212752905,0.02817603448692547,-0.0008587769801638963,-0.00804718490843512,-0.023752762894478176,-0.010345606110432674,-0.02231888843320844,0.004187588277651858,0.0020267177600977746
survivor_191_basin_195_nma_bh_candidate_1168_gencluster_1168_conf_154905_implicit_min_hop_001_mode01_m0.75A_implicit_min,0.0011147955596487256,0.04628180695822916,-0.015546525077066695,-0.026194087797586307,-0.02812813035625789,0.0026246879360942643,0.02019227968719562,0.017502332911988987,0.05662898209245719,-0.0009056637476057426,-0.019509545429129003,-0.0052558578870234764
survivor_1920_basin_1950_nma_bh_candidate_2734_gencluster_813_conf_171932_implicit_min_hop_000_mode01_m0.75A_implicit_min,-0.01238989097345674,0.040901045708376715,0.005618873390379698,0.007617556824260896,0.002968305383413793,-0.026529760392427874,-0.027798071752020207,-0.01983093260669237,-0.002635739584189596,-0.00487943573111421,0.02464855470636724,-0.0012954364379704367
survivor_1921_basin_1951_candidate_2566_gencluster_583_conf_135901_implicit_min,-0.0037405823707168085,-0.024118657469095934,0.022045831177285247,0.0013847289586515947,0.02077666741814197,0.01616168979009527,0.014710609314538868,0.012127876096777221,0.0032387414756555617,0.01567347078066096,-0.0017765915678257913,0.0010288214129047827
survivor_1922_basin_1952_candidate_308_gencluster_308_conf_145766_implicit_min,-0.014893213424631445,0.007363041338069769,0.005125953236685963,0.009060661176131295,-0.008326911691132546,0.02720026039310004,-0.03268828167995385,0.055534718984449345,-0.013523676670298378,-0.002752901863732998,0.0008821795843816203,-0.0032068620707651468
survivor_1923_basin_1953_candidate_131_gencluster_131_conf_022378_implicit_min,-0.006524116716904973,0.0013864210593947787,0.03411582833118876,-0.01687991713575095,0.038196698269490084,0.006922550591205211,0.007717443809826938,0.017644750272156073,0.016386544494728518,0.009554829717589202,0.015254357767629257,0.0032981939534540714
survivor_1924_basin_1954_candidate_2500_gencluster_485_conf_139120_implicit_min,-0.041938665854607836,0.00671400392377211,-0.01409182447373046,-0.021386967887235625,0.0015993043947564788,0.008403636907346542,-0.05797269181359798,-0.010653284883729446,0.006510087367060167,-0.013865020305686083,-0.002330134940933336,-0.0009421818197581449
survivor_1925_basin_1955_nma_bh_candidate_2437_gencluster_400_conf_053256_implicit_min_hop_002_mode02_m0.75A_implicit_min,-0.02518272335140299,-0.02363569083431829,-0.053974340330207114,-0.0017929633720659415,-0.01583876609329988,0.025365887731117226,0.007362321530188264,-0.019878700400471034,0.027716282997747775,-0.00976615895848318,0.018849206876169842,0.052205646919579976
survivor_1926_basin_1956_nma_bh_candidate_862_gencluster_862_conf_049308_implicit_min_hop_001_mode02_p0.75A_implicit_min,-0.007610123040040818,-0.04213392397930988,-0.01390965582454764,0.004685168538216943,-0.015762565112988975,0.0025413898558850076,0.009523334040487014,-0.0005984569167442999,0.02778002431145116,0.00413752712742067,0.0214264270900176,0.008224663043306418
survivor_1927_basin_1957_candidate_146_gencluster_146_conf_010520_implicit_min,-0.0350200235630614,-0.019858254614198604,0.019211330261721216,0.015427335418207063,-0.015756275325547502,-0.03859642040668055,-0.02708368869133449,0.015552493555041326,-0.0038026291866383607,0.030728177280845283,-0.01986021899675611,0.03612928610226316
survivor_1928_basin_1958_candidate_2334_gencluster_266_conf_185364_implicit_min,0.009122042102536268,-0.04338707894811055,-0.022345885725407952,-0.004134088854515541,-0.0004372096039800639,-0.02773697283654833,0.012203218193779517,0.0012617025154704167,-0.013573130231424417,0.004887739337997154,0.024313970520424805,0.013443069517440927
survivor_1929_basin_1959_nma_bh_candidate_2364_gencluster_303_conf_151536_implicit_min_hop_001_mode02_m1.35A_implicit_min,-0.0215735899342996,0.02107556498719082,-0.011712429181543915,0.03450923296721423,0.010443402031381454,0.005909531779030203,-0.019728820662791937,0.034167748967086145,-0.02778842769336881,0.009669236783680035,0.04099044514953739,0.02047531198036132
survivor_192_basin_196_candidate_2749_gencluster_832_conf_108514_implicit_min,0.0018767814859307558,-0.005119403936733909,0.017288682497333965,-0.032069542483754834,0.00784287395557857,0.027049302521626614,-0.00398976553986747,0.022240503320855448,0.0242976685246794,-0.02951425709059187,0.00033115789284510465,-0.032413685167469605
survivor_1930_basin_1960_explore_r04_hit_0023_conf_041068_implicit_min,0.008879051586455385,-0.02872204749276657,0.0013547138245461657,-0.03949343890736779,0.009880341497671363,-0.04968715062970987,0.0175163170695215,-0.03738741047443181,0.012245648885499033,0.04065673349507383,0.009131077435524253,-0.025860248353340852
survivor_1931_basin_1961_candidate_665_gencluster_665_conf_037063_implicit_min,0.0356987705034656,-0.002886443596504863,-0.04518476195323242,0.009086858284494601,-0.019168553830582212,0.010875042529306541,0.019396551446766244,-0.0014180122154433179,-0.035205741000082134,-0.042547771491941465,0.013591551133797295,0.008127066600794437
survivor_1932_basin_1962_nma_bh_candidate_2234_gencluster_149_conf_175099_implicit_min_hop_002_mode02_m0.75A_implicit_min,0.03450392026728119,-0.02439724605965096,0.010817252442284537,0.0021134696238836277,-0.0055300293249601964,0.004011375252204278,0.010385992724676947,-0.024174697057991135,-0.026757178305142237,-0.01896473885427672,-0.04119201380074607,-0.006619552364749668
survivor_1933_basin_1963_candidate_2113_gencluster_003_conf_090213_implicit_min,-0.02775597025263763,0.0254168369910827,-0.026435422314646823,0.0058845154527208,-0.05066165061713618,0.0025557787503084485,-0.014996486722683406,0.043933806627652956,0.0018179634180802567,-0.010248944651421014,0.02282047489637696,0.016365331292132038
survivor_1934_basin_1964_nma_bh_candidate_541_gencluster_541_conf_145579_implicit_min_hop_000_mode02_m0.75A_implicit_min,-0.014157491492797216,0.020919009554398526,-0.013262787103984824,0.02366068128791782,0.043368153110300456,0.0037585552243070215,0.005177484487201469,-0.027976735859807502,0.01198658749233717,0.04595064260625763,0.019288974673482572,0.018446904854506393
survivor_1935_basin_1965_candidate_1361_gencluster_1361_conf_013748_implicit_min,-0.020348981313250674,-0.00806738411281108,0.01725293646215472,0.01711359026894061,-0.023664085984808635,-0.0026438647304075384,-0.005588006066717222,0.04325630836228907,0.01973852003233976,0.007287153852162245,-0.030908551198986934,0.02321345454133788
survivor_1936_basin_1966_nma_bh_candidate_2867_gencluster_973_conf_126544_implicit_min_hop_003_mode01_m1.35A_implicit_min,0.028517450609191725,0.0043521218865836455,-0.02962698488027067,0.027285497744281614,-0.034938512114154614,0.008147767477715527,0.01057706194904013,0.019396448449344534,-0.03795430951340749,-0.02448884001425909,0.014506998565424683,0.02157632224034351
survivor_1937_basin_1967_candidate_511_gencluster_511_conf_009123_implicit_min,0.006597737272523487,0.03248117045931799,0.01847540216627866,0.04105587693637187,-0.03118252262681993,0.020069138068005213,0.007932693600624641,-0.0062360421711475395,-0.030189454728463117,-0.013369889360965274,-0.0026351168026092103,0.04182327437624449
survivor_1938_basin_1968_nma_bh_candidate_2101_gencluster_2101_conf_074791_implicit_min_hop_000_mode01_p1.35A_implicit_min,0.013509441274896462,0.04749212211837892,0.0076149240036307575,-0.008411632316955494,0.003700236865693046,-0.008780560673554602,0.006060683890813041,0.0159557147742405,0.012935745548535707,-0.012486731946478069,0.011539847233728416,-0.008778436861117829
survivor_1939_basin_1969_candidate_2781_gencluster_870_conf_104183_implicit_min,-0.004749691342709598,0.011611765276389794,-0.0013902986724810156,0.02488018246592535,0.029323110223138518,-0.040094652658481146,-0.026333734627499,-0.008036844262953733,-0.025351795189430124,0.041741547866253795,0.0037084482454906864,-4.347191810243413e-05
survivor_193_basin_197_nma_bh_candidate_1139_gencluster_1139_conf_053753_implicit_min_hop_003_mode02_m1.35A_implicit_min,-0.0037314928620114764,-0.0076176680859028414,-0.019023408387620278,0.002744984913524382,0.00657971553569341,-0.01689334450732318,-0.020512520363749877,-0.03621820263627402,-0.009877311244593944,-0.014911390261547945,-0.024844654251809196,0.019226008977472803
survivor_1940_basin_1970_nma_bh_candidate_657_gencluster_657_conf_033799_implicit_min_hop_002_mode02_p1.35A_implicit_min,0.0012784894556649516,-0.017834232378472013,0.03477230335353191,-0.0035399431649677645,0.006636576567315296,0.01212537544950997,0.01066418342474794,0.010002946887500953,-0.008403890199162557,0.027085821303681704,0.01126919812838001,-0.02540082135912668
survivor_1941_basin_1971_candidate_238_gencluster_238_conf_135149_implicit_min,0.04071896920318208,-0.013826288438785372,-0.027674687473889858,0.008685679534457265,0.007987801419068772,0.02199748837272104,0.019531808931427756,-0.004597790380789099,-0.027295128007579973,-0.030923534770649103,0.0018671042907077555,-0.007981692261332454
survivor_1942_basin_1972_candidate_325_gencluster_325_conf_027120_implicit_min,-0.017455193559346657,-0.005130441572204686,0.008611838188206385,0.02515698119950729,0.044081619978970164,-0.020248394882089304,-0.01546384816272556,-0.007944387066199867,0.0006546091523259235,0.011422032394441136,0.046654115001337766,-0.04458447693193719
survivor_1943_basin_1973_candidate_1317_gencluster_1317_conf_149718_implicit_min,-0.021818941888330216,-0.02205118935732779,-0.036022600989730376,0.008552020672486832,0.023197878981188785,-0.017340573915670184,-0.04910642356518836,-0.01784976956090519,-0.004654625347754351,-0.02183872807152494,-0.011481460943951555,-0.013313396227143708
survivor_1944_basin_1974_candidate_1575_gencluster_1575_conf_040754_implicit_min,0.004926389678898059,-0.02394707214205666,0.019324198253631224,-0.05045624874913183,0.021736213226830118,0.02347164244171686,-0.0016134138152544672,-0.002143155036610232,0.02496255712859552,-0.04355451326249957,0.004450408483645086,-0.024910633435610664
survivor_1945_basin_1975_nma_bh_candidate_1519_gencluster_1519_conf_015687_implicit_min_hop_003_mode01_m0.75A_implicit_min,0.021180886879478916,0.010042792183518588,0.037403900597376846,0.028170994656356484,-0.013917955869235814,0.03345108797330147,0.014600554819477633,-0.009001257844567522,-0.013517353875734672,0.014689759009709667,-0.0010175995388612721,0.03386379303942215
survivor_1946_basin_1976_nma_bh_candidate_2395_gencluster_349_conf_060719_implicit_min_hop_000_mode02_p1.35A_implicit_min,0.015265396234943267,0.024981076626109728,0.044110434385041565,0.01326425785414505,0.019771915705761794,0.008721694993130722,0.024170955251984382,0.008396358064907546,0.001807310761282321,0.010446449300178655,6.104482755507755e-05,-0.03207275167170191
survivor_1947_basin_1977_nma_bh_candidate_1533_gencluster_1533_conf_017890_implicit_min_hop_003_mode02_m1.35A_implicit_min,-0.015195054290995162,-0.024903295750522445,0.02621844348564524,0.010759145349859495,-0.0462796221623782,-0.012602758132282425,-0.03747626798749193,0.006846174033371221,-0.014508196640061638,0.011964894688569056,-0.003207963114325471,-0.00815254253829015
survivor_1948_basin_1978_candidate_322_gencluster_322_conf_032845_implicit_min,0.04055618793581758,0.008064451197640527,0.006104909200651738,0.01604967025311696,-0.01144440771709793,0.0027205523059913353,0.025304081855159408,0.0060867622758075035,-0.02531510484893433,-0.020181877540267203,-0.02095024750431444,-0.000780578927625632
survivor_1949_basin_1979_candidate_1653_gencluster_1653_conf_167772_implicit_min,0.00012636966245073322,-0.028872573914169978,0.02437733536712837,-0.013659456320495112,-0.02052825025298405,0.03247653436392809,-0.021773840430256666,0.019825696550998674,-0.008924710117082657,-0.03031083021757941,-0.015479466845189806,-0.021486670443563918
survivor_194_basin_198_candidate_2750_gencluster_833_conf_194878_implicit_min,-0.00856810324338946,0.02622105388517961,0.01809395364835543,-0.010130084182962735,0.0010268655395027884,-0.0011065011674767388,0.009473715012811298,-0.021592645902964468,0.043773184030969255,-0.007327426412313589,-0.0033636594141828705,-0.0007415410413470445
survivor_1950_basin_1980_candidate_1226_gencluster_1226_conf_005750_implicit_min,0.02205944788239685,0.006824637134206947,-0.03876914763910587,-0.006466361570338156,-0.013271806582170306,0.023689933679400626,0.015500636781593797,-0.013688599144282748,-0.015365038425717948,-0.03694262108473095,-0.009433431338032153,0.01843798531993885
survivor_1951_basin_1981_nma_bh_candidate_1549_gencluster_1549_conf_001708_implicit_min_hop_001_mode01_p0.75A_implicit_min,0.029890887802975892,-0.01865093198657075,-0.022309984796029823,0.021852776783831757,-0.023875382808813475,0.051565261572767015,0.012559747927472227,0.0021167644549437074,-0.023833236326136605,-0.05016359635468891,-0.0028651847946480594,0.0009719942758362512
survivor_1952_basin_1982_candidate_2262_gencluster_182_conf_180734_implicit_min,-0.014301338338807286,0.0035300106361470392,-0.022268010048624304,-0.029708146656499887,-0.0008821613850306936,-0.022582337713814526,-0.03249095523830218,-0.011859869036912456,-0.010009084087292643,0.009889816110691613,-0.005671392906394874,-0.05188351483256491
survivor_1953_basin_1983_candidate_2167_gencluster_066_conf_172158_implicit_min,-0.038570238616369386,0.031151731675757757,-0.0227352768063233,0.009042127722204552,-0.00032132878820448585,0.017963077874294013,-0.03840127845874421,0.03395422956514084,0.02023950660656249,0.0020329412012056102,0.0009196260289696933,0.0024412683143553095
survivor_1954_basin_1984_nma_bh_candidate_1228_gencluster_1228_conf_073136_implicit_min_hop_001_mode01_m1.35A_implicit_min,-0.010080897954888306,0.016530220964355774,0.029630004895991123,-0.05567340808257999,-0.039366527235023416,-0.007599702537658643,0.012197816460246135,-0.006914330702974661,0.04704070806930794,-0.02308775765135697,-0.030948210711568912,0.013243507704911884
survivor_1955_basin_1985_nma_bh_candidate_1992_gencluster_1992_conf_005930_implicit_min_hop_002_mode02_m0.75A_implicit_min,0.008459990491248003,0.030164809927926514,0.0036522944160011822,-0.01350164741029689,0.005786312548363042,0.028710821382961455,0.00489371003022993,-0.02587183298910327,-0.023210288006972266,-0.018104829124621438,0.017837626355783,0.014207540289057045
survivor_1956_basin_1986_nma_bh_candidate_1822_gencluster_1822_conf_005041_implicit_min_hop_001_mode02_p1.35A_implicit_min,-0.011166722091649152,-0.01858703191538712,0.017166953769669226,-0.009009194364255839,0.01409222593656604,-0.03505794775023941,-0.04457127357064458,-0.021273142231206,-0.02366343206892634,0.04300329380240166,-0.021077507255547016,-0.02565740008244109
survivor_1957_basin_1987_candidate_1924_gencluster_1924_conf_002042_implicit_min,-0.018768097281006244,0.03916376772964891,-0.029120858454260743,-0.005003711035323419,0.004901565898522399,0.01668441515199689,-0.027029414294290677,0.003979509606444173,-0.0019591241088024033,-0.01881708940340192,0.02198795756485658,-0.010458549732067272
survivor_1958_basin_1988_nma_bh_candidate_659_gencluster_659_conf_039862_implicit_min_hop_002_mode02_m0.75A_implicit_min,0.01370209857925246,0.027312289485181624,-0.010115174364523676,-0.015541668108872322,-0.01827322756606854,-0.02379594255159549,0.010457016937119975,-0.009720181991887074,-0.005911614217371989,0.02155282570783068,-0.024078272293090085,-0.006354040111700083
survivor_1959_basin_1989_candidate_1623_gencluster_1623_conf_101108_implicit_min,-0.017566392116859952,-0.018968115255739278,-0.00040029669939749436,0.005400534523189371,-0.02934211516747362,-0.029073621073693715,-0.004384389931470198,0.00018390398037150784,0.023939026705033027,0.004739250253613203,-0.0014787486410856791,0.01042000868140706
survivor_195_basin_199_candidate_106_gencluster_106_conf_049554_implicit_min,0.017384191049854367,-0.024413972714301176,0.003250176470623315,-0.00743034200017293,-0.04067821226358619,-0.04125355073424421,0.027023936807003525,-0.0009348116359697277,0.006881559385907137,0.006752298030788894,-0.0606940402022051,0.02363806109787914
survivor_1960_basin_1990_candidate_2173_gencluster_073_conf_010318_implicit_min,0.024936219354331175,0.004546574046220108,0.024509546378667337,0.02904527358409665,0.01951717051386258,0.014649963326294474,0.013677999755385995,-0.024024890438544076,-0.04604185046027332,0.027249358549693434,0.000753973536391306,0.004008763444719477
survivor_1961_basin_1991_candidate_716_gencluster_716_conf_074768_implicit_min,-0.0038858732899309,0.003833278122840326,-0.01673123096062106,0.027560758845172777,0.01105947082650563,0.025507666132957296,-0.0024346749964638662,0.009366517889585708,0.0033554575057390804,0.0032083393165863515,0.014777367838481988,0.040575956097191224
survivor_1962_basin_1992_explore_r01_hit_0045_conf_000070_implicit_min,0.04119054650723386,0.02105301039441498,-0.016918633285218716,-0.015528137309026413,0.017660302700495803,-0.021532778952701052,0.025522589658327797,-0.012757958514031508,0.0028799881909846218,-0.008408707079843621,0.0006870282856812058,-0.012401241021704432
survivor_1963_basin_1993_candidate_965_gencluster_965_conf_034571_implicit_min,-0.01954474224361225,-0.02448359950737186,-0.03491106420951099,-0.01742196087487548,0.008935359817869604,0.018305223740550814,-0.0072047493473314265,-0.04864614828737534,0.021238849876524274,-0.01614122206360112,0.024610107590738433,-0.007242462335267642
survivor_1964_basin_1994_candidate_656_gencluster_656_conf_146554_implicit_min,0.022278704714480995,0.031170336353755025,0.013641798915203809,-0.026869751774846483,-0.01655621252852711,-0.00032480091879862175,0.028872557251025534,0.006596640849742274,0.0326821151814128,-0.0019508489885514287,-0.028486786447700137,-0.024443806200778264
survivor_1965_basin_1995_explore_r04_hit_0048_conf_029954_implicit_min,-0.0020868757917578535,-0.009257556183742122,-0.01183880250473003,0.0067930078073336845,-0.024432174220487334,-0.014397886695597422,0.01957574024424,-0.019358628487057543,-0.0004679127956578839,0.03730150553878187,0.005859688086921777,0.01001898552748426
survivor_1966_basin_1996_nma_bh_candidate_2659_gencluster_710_conf_112081_implicit_min_hop_002_mode01_m0.75A_implicit_min,-0.014436022609479822,-0.0289577867526472,-0.010958540341287536,-0.01837781305048746,0.0385197841707774,-0.02393467170912641,-0.011155226135624668,-0.013152707401344213,0.0036793475290629782,0.0023814375231743443,-0.03062657392877215,-0.0354657257260687
survivor_1967_basin_1997_nma_bh_candidate_2863_gencluster_967_conf_115824_implicit_min_hop_001_mode01_p1.35A_implicit_min,-0.010698564316640935,-0.0301275399496505,-0.004282942040269788,0.0304884348492826,-0.022161466499688413,-0.027793405024899097,-0.010240424566242589,0.0035561133808069394,-0.0007790115269248512,0.027236923230019763,-0.019601706494186497,0.0020477623731027057
survivor_1968_basin_1998_nma_bh_candidate_2867_gencluster_973_conf_126544_implicit_min_hop_002_mode02_p0.75A_implicit_min,0.01878033100507277,0.023089605964131617,-0.027167118121291006,0.009076055042131435,-0.03978090065535376,0.026863057651175536,0.008598500282935526,0.01071158187565597,-0.03625483102910652,-0.04451767473414495,0.0110022617693782,0.004394628792596434
survivor_1969_basin_1999_nma_bh_candidate_2137_gencluster_030_conf_063074_implicit_min_hop_000_mode02_p0.75A_implicit_min,0.005306484554557834,-0.014950312824583176,-0.008928692025648052,-0.031014393459958742,-0.005128995799888787,-0.059899003169836075,-0.011795316025972754,-0.05364704893610854,0.0036196603858083625,0.016904307855825227,-0.020106404812234004,-0.017334087630008765
survivor_196_basin_200_nma_bh_candidate_181_gencluster_181_conf_004749_implicit_min_hop_001_mode01_m0.75A_implicit_min,-0.01571394459764783,-0.01681464638204613,0.021415045600198333,0.015155848859565267,-0.021643359578320316,0.00801642475030372,-0.017288371786720193,0.04363443073591415,0.01597026429823249,-0.02197464490973325,-0.03249742174289437,0.022665984891981298
survivor_197_basin_201_candidate_2817_gencluster_910_conf_113944_implicit_min,-0.03544134246476064,0.013091022514918192,-0.026796343993963117,-0.03293583033279363,-0.02092917881833292,0.022073905399368866,-0.004775301998842407,-0.04055476792422679,0.05676734843531897,-0.016485426577988484,0.028117766059533474,0.02454799390662867
survivor_198_basin_202_nma_bh_candidate_2149_gencluster_045_conf_000812_implicit_min_hop_001_mode02_m0.75A_implicit_min,-0.02523996481657904,0.03815890711054092,0.009859039024313001,0.028327069994437844,-0.0057945318969497015,-0.007788092635698915,0.0025804962137342697,0.033033408042133054,-0.004153326785614535,0.023079434184355672,0.04366130607528962,0.03260378628359041
survivor_199_basin_203_nma_bh_candidate_2792_gencluster_884_conf_057741_implicit_min_hop_003_mode02_m0.75A_implicit_min,0.015392756323903276,-0.02151152967659868,0.035674099314099046,-0.018331815055043943,-0.017544836338006006,0.0071995756302650265,0.023592828677592263,0.0007505571680849672,-0.01165565687892619,0.01797294721511819,-0.004802642200304859,-0.02950556691886255
survivor_200_basin_204_candidate_909_gencluster_909_conf_011121_implicit_min,-0.023016254470870353,-0.006595427747235282,-0.04267623063888044,-0.037579557562338446,-0.014155893691625211,-0.03857685749098385,-0.03263140108664738,-0.022188955050844276,0.023867381670542184,-0.021308002442230033,-0.018414306271686595,0.008753439625973369
survivor_201_basin_205_bh_candidate_896_gencluster_896_conf_007510_implicit_min_hop_002,0.0074489867134554764,0.015102377418573135,-0.028781453109208707,-9.747520380978593e-05,-0.0028906890050390227,-0.012329177616436067,0.006816864323969064,0.03093827543479663,0.0460447241209798,-0.0076373296268961634,-0.012756277810208397,-0.007557629142885982
survivor_202_basin_206_explore_r05_hit_0012_conf_000852_implicit_min,0.03673723139171106,-0.032491398445340026,-0.0036381807639634177,-0.026363739513925122,-0.011486361160081978,-0.0005301754061696743,0.032245055137877995,-0.0010952410121061289,-0.022200524423534724,-0.005890788181654534,-0.015843989866346775,-0.013663202486933066
survivor_203_basin_207_nma_bh_candidate_2799_gencluster_891_conf_103935_implicit_min_hop_002_mode02_m0.75A_implicit_min,0.023188918352696444,0.029550706645456632,-0.015602933588097974,-0.01940232541558454,-0.0058469208050973085,-0.04927599281401301,0.00733321742654014,-0.020227233179530082,0.004070354632898731,0.022812982048349317,-0.014498792723171403,-0.0013524542250497216
survivor_204_basin_208_explore_r01_hit_0009_conf_036211_implicit_min,-0.0016734621620554516,-0.009156672004416172,0.022927187338946192,0.0046121616834841166,-0.033141265792742125,-0.006587866458287902,0.02293134889771161,0.008509263196628189,0.019759910569017013,0.026452918266943123,-0.03295871022397646,0.032300976021864845
survivor_205_basin_209_candidate_2909_gencluster_1021_conf_012853_implicit_min,0.015867912334128185,0.013866349119188189,-0.03441829749250154,0.021498771470691826,-0.016059727431560197,-0.038206666346254636,0.014967975169224637,0.008051641671750221,-0.018172876112755906,0.0025834787379882605,0.02853142527364719,0.017092898032468006
survivor_206_basin_210_nma_bh_candidate_2167_gencluster_066_conf_172158_implicit_min_hop_002_mode02_p0.75A_implicit_min,-0.03869048401537773,0.02805201709821607,-0.020300072850020737,0.0076168657743489595,0.0031126852767559415,0.024852272948454223,-0.039621118233286894,0.04036209436575908,0.009764341851733312,0.0073212165684390625,0.0038423303400576614,-0.0032761038741427324
survivor_207_basin_211_nma_bh_candidate_2918_gencluster_1033_conf_098844_implicit_min_hop_002_mode01_p0.75A_implicit_min,0.006003046698666811,-0.015644956733281104,-0.01986339210686764,0.029458756376415596,0.013238644426811542,0.013233656937948205,-0.009933763617882731,0.059276499034675,-0.0045615821436179,0.004996173103231975,-0.02281247447987959,0.002332773724211365
survivor_208_basin_212_candidate_1070_gencluster_1070_conf_035695_implicit_min,-0.027114725255411216,0.011860715598348913,0.024733913644110532,0.032282218799041265,0.014021895026850797,0.024112916411815198,-0.03363948502355106,0.018163479989011643,0.0007447870189078191,0.027215393393011836,0.05426282418580722,-0.0229127885322295
survivor_209_basin_213_nma_bh_candidate_1139_gencluster_1139_conf_053753_implicit_min_hop_001_mode02_p0.75A_implicit_min,-0.01809566906403161,-0.006967305289729477,-0.015052930252306704,0.010710327554149864,0.009551425191411826,-0.014077699366114823,-0.03092654873529449,-0.021090214742564534,-0.005144280909618359,-0.0008129579418394865,-0.043763505008021425,0.016027756301727158
survivor_210_basin_214_candidate_1767_gencluster_1767_conf_009341_implicit_min,0.02448034477720909,-0.008116368311543878,-0.03062591181416085,0.03008264298272384,-0.01624814575091092,-0.004692571813583466,0.01715560839636215,-0.006923273521340362,-0.020034611651795275,-0.008790399425342358,0.028318708518982622,0.019000818898384026
survivor_211_basin_215_nma_bh_candidate_2190_gencluster_093_conf_183542_implicit_min_hop_003_mode01_m0.75A_implicit_min,0.028686111100312203,0.01954353170063973,-0.0014106397948541517,-0.02785676822493497,-0.010964169534415981,-0.03250150006216304,0.031732302126496095,-0.010900730223884455,0.023494000047200612,0.01309932898126103,-0.04532759892165731,-0.023664628408481138
survivor_212_basin_216_explore_r01_hit_0060_conf_041295_implicit_min,0.0022085512671498413,0.04422654881839334,0.027753210527565207,0.01593133800563472,0.009800331333611852,0.01129195725109174,0.01637934262894426,0.019579445408902905,0.012640053105199351,-0.0026357004829586396,0.029140877375848726,-0.016004266436268785
survivor_213_basin_217_candidate_2645_gencluster_694_conf_147558_implicit_min,-0.01713905766364447,-0.03511219120007468,-0.030289996964793772,-0.015933829819445647,-0.025646034519650893,-0.03695852542546694,0.004421152378838232,-0.0036450804412114595,0.05536141598577196,-0.0027713827908816898,0.0038237553055767283,0.03574859980535931
survivor_214_basin_218_candidate_1823_gencluster_1823_conf_004933_implicit_min,-0.014143384435354118,0.03880755249275558,0.01618227440290075,5.378137006694494e-05,-0.016904300310206104,-0.02840116582960823,-0.040091843822368516,-0.02395541986584425,-0.003610479096934004,0.015655726285423128,-0.013128257154963647,0.002016839871565857
survivor_215_basin_219_nma_bh_candidate_2299_gencluster_224_conf_076689_implicit_min_hop_002_mode02_m0.75A_implicit_min,-0.021954816671672896,-0.006858208874308008,0.01688661815552107,0.014874495068913331,0.013028246267656933,-0.03136263635356488,-0.02802631973303982,-0.0521019208905075,-0.014828360087983758,0.04031618817072261,-0.0045517316662719316,-0.0007842021091565329
survivor_216_basin_220_nma_bh_candidate_2537_gencluster_535_conf_063339_implicit_min_hop_003_mode01_m0.75A_implicit_min,0.034911788110981744,-0.05050184605093086,0.003011003822845671,-0.0172766056475984,-0.005519150901707055,-0.01039480811682489,-0.00670444817596415,-0.011153607037763923,-0.029176180463104474,-0.033117778276218826,-0.00023281613199459947,-0.022150845053977457
survivor_217_basin_221_nma_bh_candidate_2635_gencluster_682_conf_091883_implicit_min_hop_003_mode02_m0.75A_implicit_min,0.023676887523202163,-0.014297741537758035,0.007477301344281679,-0.016212860569527122,0.04501851623106598,0.000685561525876012,0.01966012297210686,0.004678038787120719,0.0010502118030281885,0.009298008967891434,0.025477080438073944,-0.055668879257891817
survivor_218_basin_222_nma_bh_candidate_703_gencluster_703_conf_042424_implicit_min_hop_003_mode02_p0.75A_implicit_min,-0.017965277389503036,0.009431923678378433,0.03709341919332824,-0.02018714055067797,0.004749957709509056,0.0180646817115576,0.010076577621964622,-0.004830385693001533,0.01563045276368814,0.019173878836657332,-0.011647958827183105,0.05357256419913971
survivor_219_basin_223_candidate_1672_gencluster_1672_conf_120492_implicit_min,-0.0012744030635721286,0.03652799259091456,0.0454836150746326,0.0004961653191896409,-0.010475539260032859,0.004454316302739786,-0.007481704983466248,0.018436051406637986,0.01161319792210959,0.012780629655641463,-0.017315121638510768,-0.030354401103323336
survivor_220_basin_224_candidate_410_gencluster_410_conf_035022_implicit_min,-0.04306299630982893,-0.006033336290100596,-0.02001305099643829,-0.009346243088265095,-0.04695345248791456,-0.00754558711671051,-0.005606656783760651,0.015973853446501714,0.04670716177682955,-0.011481957465124076,0.016343135532338543,0.048257351464117186
survivor_221_basin_225_candidate_2306_gencluster_232_conf_132234_implicit_min,0.00971396397034759,0.007113408692015529,0.002906970362079065,0.00651490940794727,0.002642912922923605,-0.025255857132896808,0.011725829562936475,0.006391989949218605,0.0038862214944398003,0.01984648615837588,-0.021432871625874858,-0.05767567727506628
survivor_222_basin_226_candidate_983_gencluster_983_conf_133057_implicit_min,-0.022634488508576554,-0.00857027772968926,0.01710471427829159,-0.0003819889803831006,0.017581075390436976,0.020508697513908793,-0.0035657684848559457,-0.0213072786807226,0.03200949875628328,-0.0054764525629252825,-0.021686541092225772,0.036223500860064956
survivor_223_basin_227_nma_bh_candidate_2478_gencluster_456_conf_103120_implicit_min_hop_000_mode02_p0.75A_implicit_min,-0.022730254738101256,-0.020414132313981457,-0.0266160413567065,-0.038704256067124694,0.025671371596558277,0.02042123484867959,-0.0027468218243948514,-0.046956581935446655,0.03584718534769374,-0.005026603004539847,0.044981326641832346,-0.0034155429344436463
survivor_224_basin_228_nma_bh_candidate_2867_gencluster_973_conf_126544_implicit_min_hop_003_mode02_p1.35A_implicit_min,0.0148412102785195,0.015947385231732485,-0.03527145053730004,0.008401235155928853,-0.04340689137707701,0.016551843297437516,0.008592567471324572,0.018404215341759393,-0.03135581719503034,-0.03668206105069947,0.010056272922566813,0.020127057110450874
survivor_225_basin_229_candidate_129_gencluster_129_conf_036695_implicit_min,0.04405464643762521,-0.004302354673444119,-0.016402318235498013,0.009698604097408681,-0.030982816652572277,0.015463167823953452,0.02672865397328713,-0.011178081304023493,-0.03480791119904612,-0.023529514989524776,-0.0036359979506706283,0.005314351587466257
survivor_226_basin_230_nma_bh_candidate_1614_gencluster_1614_conf_058900_implicit_min_hop_003_mode02_p1.35A_implicit_min,0.028820345917604646,0.010920754774076386,0.02688011239098283,0.019552159712772414,-0.023965136686564588,0.03946170271004827,0.020819636831142345,0.010476468156022507,-0.03995502462740826,-0.017070934542893622,0.00015982492305267534,0.018393279484212398
survivor_227_basin_231_nma_bh_candidate_2364_gencluster_303_conf_151536_implicit_min_hop_001_mode01_p1.35A_implicit_min,-0.01595462826441599,0.01639658055106611,-0.009421675343681999,0.03404517777680445,0.007726474334119545,0.010411384128524392,-0.010368492348902985,0.029812921558142,-0.022791604836251984,0.0046570154284520495,0.029330383065693286,0.025908661044389412
survivor_228_basin_232_candidate_2583_gencluster_606_conf_194015_implicit_min,-0.03854343806541946,-0.021890716887355114,0.021677492527215535,0.015692845539657423,-0.04162512931351165,0.025912525521865935,-0.0028405482094513925,0.06058142088361736,0.03595949938589688,0.003149957627649089,-0.013005238682403959,0.025498010299945015
survivor_229_basin_233_candidate_1549_gencluster_1549_conf_001708_implicit_min,0.026954250777003266,-0.00756438095803212,-0.04314043166470524,0.012190855725880585,-0.021332277455487235,0.0334590161077775,-7.084467410128685e-05,-0.0011801697456612923,-0.022477615218982026,-0.05868575722455062,-0.016210444266214298,0.0009193160050366048
survivor_230_basin_234_nma_bh_candidate_2734_gencluster_813_conf_171932_implicit_min_hop_003_mode01_m0.75A_implicit_min,-0.008603408214011168,0.043245985452746806,-0.012689026477899169,-0.0009692545085555268,0.00773076746617591,-0.031204926938312148,-0.03134307468923488,-0.014200429397827185,-0.0035358834213321043,-0.005619325880522013,0.01569595346179317,-0.009243716035086374
survivor_231_basin_235_candidate_1421_gencluster_1421_conf_070705_implicit_min,-0.013704202081084565,0.002244210012642207,-0.0470599937905619,0.021060654429310044,-0.002753305226109244,-0.0069720645164288815,-0.0064254937116154905,0.038124988393138506,-0.00352962852575572,0.017064069342002053,0.03396788042336704,0.02096638942646488
survivor_232_basin_236_nma_bh_candidate_1154_gencluster_1154_conf_003210_implicit_min_hop_002_mode02_m1.35A_implicit_min,-0.00804577587954867,-0.028879311266641384,0.035407019626308045,-0.02354323515441336,-0.042279283339185965,0.03206553198068458,0.010522813720346927,0.04970053931346963,0.0367528409641685,0.004186402395044878,-0.010935146364240462,-0.016227741735180618
survivor_233_basin_237_candidate_2941_gencluster_1063_conf_077202_implicit_min,0.026037622703210018,0.003998740123019068,-0.0033434525698732465,-0.018084964838364862,-0.0073283765152795995,-0.01430097270024752,0.012747856321950324,0.014307172506407105,-0.01676565665494964,-0.028046169964935634,-0.029220838615295706,-0.016672499054565092
survivor_234_basin_238_nma_bh_candidate_2395_gencluster_349_conf_060719_implicit_min_hop_003_mode01_m1.35A_implicit_min,0.013073141579359626,0.01468056631115072,0.036261637920580216,0.037307007769723274,0.025546951762075217,-0.011174143987890874,0.025063404855108797,0.006546883314050555,0.0028766261941142774,0.017387886772584123,0.007331890780697101,-0.028149780115489503
survivor_235_basin_239_nma_bh_candidate_583_gencluster_583_conf_027260_implicit_min_hop_000_mode02_m1.35A_implicit_min,-0.00957439510066335,-0.028557779267091462,0.006082169058490275,-0.02273389453370261,-0.020156206938208503,0.010058533813489983,0.01881551918415225,0.03410125280726582,0.03220582936627949,0.007020402488508779,-0.028913656593024674,-0.00013555700636757155
survivor_236_basin_240_candidate_1136_gencluster_1136_conf_157476_implicit_min,0.005571810742440406,-0.03201187287474352,0.013698178829230866,-0.004124213850905292,0.035024680727206665,0.012257196214983506,0.00893299380690811,-0.046171285213783976,0.007908671962695152,0.01417601440536865,-0.005083698450613957,-0.013508570823621766
survivor_237_basin_241_nma_bh_candidate_181_gencluster_181_conf_004749_implicit_min_hop_003_mode01_p1.35A_implicit_min,-0.0249566791221647,0.0007838094522000834,0.005197980167928187,0.005370212719950504,-0.0411118657518615,0.010676568249123086,-0.022662297778064246,0.03242224451004376,0.009527310448012919,-0.00708287887368923,-0.027062537737926794,0.03327749459631406
survivor_238_basin_242_nma_bh_candidate_366_gencluster_366_conf_085244_implicit_min_hop_001_mode02_p0.75A_implicit_min,-0.04222086024996048,0.029137244097217616,-0.014442389405969884,0.010599647463979626,-0.0008947318545366391,0.004371755276125074,-0.013239469837075307,0.028630936402804976,0.017099571680195633,0.0291258368960449,0.015226354789610201,0.03388612524570027
survivor_239_basin_243_candidate_1422_gencluster_1422_conf_021259_implicit_min,-1.847751810591852e-06,-0.024525977543445328,0.014993808047606392,0.01855826599119469,0.0038291567117382263,-0.015809787247862955,-0.015216383569476293,-0.0117322096571955,-0.004067322671296963,-0.0053922392117147005,-0.026316006062951845,0.03511818065300614
survivor_240_basin_244_candidate_2128_gencluster_020_conf_048846_implicit_min,-0.0348539173501772,-0.009152653201634157,0.03726408409691187,-0.0029519441896964805,0.0011829736566796925,-0.023296485550726415,-0.059089764375792414,0.002346298136124876,-0.013521592438045552,0.02254107395013829,-0.008465988017984635,-0.033987283593428064
survivor_241_basin_245_nma_bh_candidate_2395_gencluster_349_conf_060719_implicit_min_hop_000_mode01_m0.75A_implicit_min,0.017715892097673443,0.015207588533609267,0.045140989782620926,0.030220967905783366,0.015405446098811771,0.006608718274028316,0.02412420147708681,0.015018839546978613,0.00044754355557600806,0.01348581995907221,-0.003560979682788498,-0.019606903738466908
survivor_242_basin_246_candidate_1972_gencluster_1972_conf_013574_implicit_min,-0.010824265882131957,-0.042080962253654555,0.012720066617973393,0.02327502972599209,0.006341552595421288,-0.05296477063594744,-0.01331119670784262,-0.003137064597040091,-0.022685802892625218,0.046746574967016466,-0.01396419604776326,0.011251938492646104
survivor_243_basin_247_nma_bh_candidate_2390_gencluster_342_conf_095022_implicit_min_hop_002_mode02_p0.75A_implicit_min,0.005206722870427315,-0.0030755979069262496,-0.007888872877094869,0.006222335531077759,0.047001245267784035,0.02528193314558053,0.01689578868411521,0.027201707053780395,-0.024162492783939105,0.030008845950431115,0.015357891945002528,0.004748019591684447
survivor_244_basin_248_nma_bh_candidate_1191_gencluster_1191_conf_097898_implicit_min_hop_000_mode02_m0.75A_implicit_min,0.024737173449047172,0.01582890923022379,0.014678070117328646,-0.008974032923835083,-0.03457241300852129,0.015158510850332063,0.025752852339170598,0.010077797763833848,-0.0043325629137934965,-0.006274410706055244,-0.021206377618323273,0.014733596903794194
survivor_245_basin_249_candidate_860_gencluster_860_conf_085096_implicit_min,-0.0048714535175419385,0.009816992497048357,-0.021360483152846586,-0.026001926289213818,0.02652567442791529,0.026637498931206007,0.011065230082853041,-0.0035085249587062835,0.01435517685621133,0.004862956318627897,0.0687868602567306,-0.02591756017460129
survivor_246_basin_250_candidate_2046_gencluster_2046_conf_145106_implicit_min,-0.006195392107584823,-0.021452089074026563,0.015394192041744194,-0.04234888131273396,0.0008192458604372061,0.02654151083196515,0.010959347000789639,-0.01443678037649479,0.022236672936080722,0.008536762601069536,0.011110694505223086,-0.03084818838637316
survivor_247_basin_251_candidate_585_gencluster_585_conf_070735_implicit_min,-0.013869316299319224,0.021609802052855724,-0.0016517161246222282,0.003687167083941596,0.007246250382581659,0.0429234151106599,0.011801738726499849,0.008234562913200317,0.03988661159631139,0.009169685314989979,0.026536397949081934,-0.01360331391723303
survivor_248_basin_252_candidate_077_gencluster_077_conf_013178_implicit_min,-0.012786151170805234,-0.026863888996072782,-0.026563569456305745,-0.021099100092620296,0.0022384517692791554,-0.03476800694039485,-0.043714803635633535,-0.011962567342165328,0.010419865282935776,-0.01725474977308279,-0.006331855841535003,-0.02936062021212083
survivor_249_basin_253_candidate_952_gencluster_952_conf_093586_implicit_min,-0.023549129782846744,-0.0561884227189916,0.0050002412604892455,0.008873659021779242,-0.0038985952381247785,-0.0008460412874370485,-0.002968531002274129,0.0625717484453384,0.006756295715426777,0.03551492069608351,0.00019917354963235268,-0.0054081237648129265
survivor_250_basin_254_nma_bh_candidate_2517_gencluster_509_conf_118702_implicit_min_hop_000_mode01_p0.75A_implicit_min,-0.0022589669045371373,0.014518039459330667,-0.023219251189069944,-0.014641498774950348,0.03314060841719538,-0.010859449248360744,-0.02812707505796041,-0.008593134031895213,-0.03207777572761758,0.0009810572769844987,0.002515014258866432,-0.003361554120396004
survivor_251_basin_255_candidate_958_gencluster_958_conf_018149_implicit_min,-0.012873686371837566,0.0014380818802128424,-0.04918948427513379,-0.005783739712887729,0.00044346405393127304,0.017758161115318236,0.008652965833937926,-0.036380484088152476,0.017651391276427772,0.015875789770960144,0.03224596575858728,-0.026673288235870472
survivor_252_basin_256_nma_bh_candidate_982_gencluster_982_conf_053435_implicit_min_hop_002_mode02_p0.75A_implicit_min,-0.03038904218423097,-0.016075607698902716,0.049923287815497076,-0.010356700429962866,-0.008661655953260182,0.004557937175494857,-0.012529773237527535,0.012198138542867628,-0.006915111139259925,0.0378541554020715,-0.011538996280848127,0.006421129277820249
survivor_253_basin_257_candidate_1686_gencluster_1686_conf_050279_implicit_min,-0.030840994444372386,-0.015049566956282961,-0.04158180344654298,-0.016937662753461872,0.00287292999402894,0.004069365487998455,-0.01566680206907572,-0.050376713703902794,0.03010881403954678,-0.01312890840340414,0.026172521058757742,0.02156619651692859
survivor_254_basin_258_candidate_2130_gencluster_022_conf_060842_implicit_min,0.0059537484669829905,-0.03461828158458207,-0.014644099027227343,-0.0049904036595537484,-0.008700150152060972,-0.030044657081777903,0.008684137313842,-0.014493753857285326,-0.0005368810248936594,-0.012437931800879994,-0.0053962710034199425,0.031928761329370406
survivor_255_basin_259_candidate_2830_gencluster_926_conf_095820_implicit_min,0.006205146119222761,-0.012875599817033108,0.012492037601018332,0.016917040010633284,0.00898296130544324,-0.005564371456879665,0.015529645078864146,-0.020406889647178357,-0.0018011114280106764,0.012757356383451289,-0.018313431358551062,0.042329358036840806
survivor_256_basin_260_candidate_2066_gencluster_2066_conf_035535_implicit_min,-0.06104129299543267,0.00676574190271675,0.014264204125449908,0.00047988742383124443,-0.013219772636216995,-0.008304847790917627,-0.0661724353971695,0.0017555743268955828,0.006938001145635873,0.006378429432235103,-0.02441541688529198,-0.0017212367284049777
survivor_257_basin_261_candidate_1573_gencluster_1573_conf_002046_implicit_min,-0.020738169111913445,-0.03693984870915877,0.00822034635814959,-0.02004380373419807,-0.018369544633727294,0.03559108196116264,0.0056213945716220405,-0.010285684298307491,0.036759584151074234,-0.008549045153171083,0.039544162964339644,0.02319439557860002
survivor_258_basin_262_candidate_1752_gencluster_1752_conf_174860_implicit_min,-0.01652453663531332,0.0010321822384426024,0.01633423294016705,0.0012287439962246406,0.019477516490347953,0.018102119749980845,-0.02780559335358243,-0.016110443495233228,0.013322433292099395,-0.009596420778383965,-0.001582064051634833,0.01730776242008475
survivor_259_basin_263_candidate_1314_gencluster_1314_conf_051643_implicit_min,0.015459840888806626,0.0313023939381997,-0.006690601325314006,-0.01505025890201875,0.01085258880977409,-0.03547021602043301,0.010879746437257457,-0.024714887132775427,-0.0018534181496268009,0.00700912384727885,-0.03293612599809283,-0.002734569318111142
survivor_260_basin_264_nma_bh_candidate_369_gencluster_369_conf_030202_implicit_min_hop_000_mode01_m0.75A_implicit_min,-0.006321720029405893,0.0058492202520179755,0.04060526362615835,-0.0014013983041692582,0.03377088987653861,0.022939066586109464,0.00972231785950535,-0.03553863670295006,0.020470082807723857,0.021236337780273774,0.02666681199718697,0.001206511458585118
survivor_261_basin_265_nma_bh_candidate_1228_gencluster_1228_conf_073136_implicit_min_hop_003_mode01_p0.75A_implicit_min,-0.0105480024706892,0.025432370207647964,0.02570102541926907,-0.03849349161201586,-0.04676810644835833,-0.004662276357564752,0.005697732303511959,-0.005984368572042275,0.054836003102118905,-0.02318387758923444,-0.03040603751932898,0.00832265335922849
survivor_262_basin_266_nma_bh_candidate_2478_gencluster_456_conf_103120_implicit_min_hop_003_mode02_p1.35A_implicit_min,-0.024873918187692887,-0.004153155855670891,0.0026124925112384484,-0.034966604897521805,0.021786933127499068,-0.0028329174449724594,0.0023148443617256767,-0.018537835069737024,0.03479698361219546,0.015069581678148028,0.01640033458767457,-0.0002491623549887055
survivor_263_basin_267_nma_bh_candidate_1908_gencluster_1908_conf_138911_implicit_min_hop_000_mode01_p1.35A_implicit_min,-0.024203485788768644,0.018913395279063005,-0.020735277623189385,0.02483216152707887,0.03319562497370008,0.004728446448812521,-0.014365137443172983,-0.021924226435896903,-0.000200623088127081,0.02123238148872673,0.055958822732748284,0.02140272005080686
survivor_264_basin_268_nma_bh_candidate_2432_gencluster_394_conf_196710_implicit_min_hop_002_mode02_p0.75A_implicit_min,-0.01906229958848585,0.010891855783651703,-0.00918733386545196,-0.01211338651740862,0.010114413978294582,0.014099978799016552,-0.02362163215250212,-0.017909880536067797,0.006480528110190714,-0.006373867923914694,0.0442213046409908,-0.03439067309883803
survivor_265_basin_269_candidate_1447_gencluster_1447_conf_055115_implicit_min,0.00187731994927644,0.03691004532593035,0.021508684601786725,0.021762493059334375,0.004315861001691163,-0.006127974679983554,0.007297651801287546,0.011473677325538131,0.009377454592003813,-0.0059893726959735875,0.0037127954223765474,0.004011980062306371
survivor_266_basin_270_nma_bh_candidate_631_gencluster_631_conf_003162_implicit_min_hop_002_mode02_m1.35A_implicit_min,0.016918630501472826,0.01685022387523668,0.030739632388751388,0.03155234973890175,0.0006415260084186303,0.012833116008064742,-0.0033079387265469566,-0.003250970776360089,-0.02364868161768439,-0.01633945594289369,-0.007002102063955313,-0.006960898446978266
survivor_267_basin_271_candidate_1830_gencluster_1830_conf_079943_implicit_min,-0.021528042631818227,0.008593114210459378,0.018401012747230126,-0.01839190061418069,0.02129890314056964,-0.027224081560142215,0.013187044748299643,-0.03842063206503577,0.031130496527716094,-0.02398504825210407,-0.004262069807867883,0.00926802459511001
survivor_268_basin_272_candidate_2454_gencluster_428_conf_117395_implicit_min,0.030527246468772716,-0.010435212349066636,0.029606561967694456,0.06433078892562112,-0.0010080444400787673,0.011467402167890994,0.023746526367506585,0.00520147698182106,-0.03281956428558286,0.024545812042586837,-0.0032501062717919344,0.020637511316152126
survivor_269_basin_273_candidate_856_gencluster_856_conf_009446_implicit_min,0.012861789933229846,0.0003213985200736876,-0.009082761404057572,0.0063480971619636496,-0.04349905703982896,-0.006973668904841669,-0.010715749643574184,-0.008520204101926462,-0.027977289124284453,-0.012803263267128395,-0.025380360490231596,-0.0036686116175333526
survivor_270_basin_274_nma_bh_candidate_659_gencluster_659_conf_039862_implicit_min_hop_003_mode02_m0.75A_implicit_min,0.02259480788909942,0.023878025491701205,-0.006100111015408724,-0.001350793948289427,-0.007364999879790742,-0.04427989060476588,0.022976433955473403,-0.00845231020715928,0.009516402857880657,0.016603227630631746,-0.025436767802697848,-0.01720543034982366
survivor_271_basin_275_nma_bh_candidate_1266_gencluster_1266_conf_074504_implicit_min_hop_002_mode01_m0.75A_implicit_min,0.025274508406447214,-0.0014597280776416607,0.04063126772695324,0.036860935399646695,0.023609610113010087,0.0026943356166734124,0.02347711322831108,-0.007949191405959642,-0.01809378291008883,0.039606845682540213,0.0008718485504614722,-0.03408002725074856
survivor_272_basin_276_candidate_534_gencluster_534_conf_102757_implicit_min,-0.0036539835035363333,0.014555410043051803,-0.03588209569577978,-0.012185721654083423,0.004085679949203447,0.033849344500945684,0.019380480281738607,0.009811140035909539,-0.0028854238772226992,-0.013371291103087327,0.04310212501686977,0.03287120262106041
survivor_273_basin_277_candidate_1493_gencluster_1493_conf_025123_implicit_min,-0.007751117528486009,-0.008888093957493173,0.056124544518140855,0.01724831766582344,-0.007213188658696129,0.007975180487123534,0.02273465315243248,0.015679792655558248,0.023463491110715853,0.009504695425659376,0.01879650252576746,0.001170623562142358
survivor_274_basin_278_nma_bh_candidate_1549_gencluster_1549_conf_001708_implicit_min_hop_003_mode02_p0.75A_implicit_min,0.03237534943256781,-0.012241219807780899,-0.030649158883171518,0.013192514087889462,-0.02332612131950185,0.04320528281758135,0.0012407905092698495,0.007713017779245263,-0.024980698674419512,-0.05475190594936719,-0.0031846000178091384,-0.010972388486067885
survivor_275_basin_279_nma_bh_candidate_1519_gencluster_1519_conf_015687_implicit_min_hop_003_mode02_m0.75A_implicit_min,0.01806793827292919,0.008476406776813671,0.037820347358780634,0.03326639911159839,-0.014608004870297479,0.032858329244660735,0.01391359660077276,-0.01153517789220494,-0.01092302241122918,0.014454394285095713,1.4058546770518766e-05,0.035408471587475836
survivor_276_basin_280_nma_bh_candidate_2918_gencluster_1033_conf_098844_implicit_min_hop_000_mode02_p1.35A_implicit_min,0.015407049053079495,-0.010533990174405936,-0.022923650939374214,0.030614358220264815,0.004739422815725928,-0.014126653639064516,0.006172908912836096,0.04801999064249462,-0.011338954187358346,0.0040830298650268455,-0.01600242419040877,-0.002163650818433488
survivor_277_basin_281_candidate_2385_gencluster_336_conf_135145_implicit_min,-0.014385878263218877,0.01978994558069474,-0.01143898151396122,0.03903856652634314,-0.027275339162174887,-0.0334913547057232,-0.008657480131100044,0.03147336149142141,-0.025597114459831854,0.04685720469454914,-0.004711156328829059,0.02727721117113279
survivor_278_basin_282_candidate_2546_gencluster_551_conf_061574_implicit_min,0.0022118383610795237,-0.0001688858153937349,-0.014998826308846396,0.048549257506433664,-0.0021603507756340805,-0.04921411576409704,-0.0024610796015000834,0.01866677654423718,-0.03789890973248709,0.043702749040842336,0.007231955873515412,0.012382344064894826
survivor_279_basin_283_nma_bh_candidate_706_gencluster_706_conf_010197_implicit_min_hop_002_mode02_m1.35A_implicit_min,-0.01416421719631181,0.012826580219006987,-0.03274138533707523,0.013132398389578996,0.010911358728988815,-0.01098840824440517,0.004544864830260096,-0.013554316913490667,-0.03689988386061937,0.0073457066419350655,0.019364852113089692,0.03817137994150452
survivor_280_basin_284_candidate_1485_gencluster_1485_conf_038165_implicit_min,0.01618450898510669,0.022532274404677075,0.004088459192083559,-0.0376607031438116,0.011826664184900677,-0.01769623272282382,0.029373919743147348,-0.0027858679734926294,-0.008235552221578592,0.029371096595133258,-0.020934825215863113,-0.01901160202299301
survivor_281_basin_285_candidate_2911_gencluster_1024_conf_034716_implicit_min,-0.044627056703663716,-0.003614512263216483,0.0010334169163214422,0.01627871920419985,0.01275341073347819,-0.0015785798346669884,-0.048349141424976594,-0.028010139371243692,0.007932058351842408,0.01798990878006387,0.000561550239176792,0.027659913276951706
survivor_282_basin_286_nma_bh_candidate_369_gencluster_369_conf_030202_implicit_min_hop_002_mode01_m1.35A_implicit_min,-0.0052853208459255775,0.007930969486235152,0.04066534052499792,-0.014357832413783446,0.037940553439341974,0.029547853014104404,0.013574819616619669,-0.021902662677068738,0.034558688141127336,0.0027755772580697435,0.02843883920864981,-0.013947003384397355
survivor_283_basin_287_candidate_384_gencluster_384_conf_005000_implicit_min,0.00342179692651183,0.006867094005728041,-0.006727544048926953,0.014593595182941711,0.016362114191639323,0.01910596985016394,0.013520446978419778,0.01998828276668729,-0.00766036051078946,-0.027432341944221054,0.023445390510433265,0.0023333018897759134
survivor_284_basin_288_candidate_1097_gencluster_1097_conf_013360_implicit_min,0.024876074683430074,0.0081477524011675,-0.0011794681709649017,0.052111482414673276,0.005723424166262852,-0.012490225036996016,0.022006330769110998,-0.0011290498754004618,-0.04868623562623278,0.024845978874138256,-0.004239266146957992,0.024493813479935064
survivor_285_basin_289_nma_bh_candidate_1549_gencluster_1549_conf_001708_implicit_min_hop_002_mode01_m0.75A_implicit_min,0.022074372571821883,0.0005674485332369995,-0.044028378924548216,0.009741632298316084,-0.02769891930201954,0.04085418357358918,0.0012253326579711977,0.005039799443331055,-0.021738958722467894,-0.055825470258492556,-0.00471904453588742,0.008906697664356244
survivor_286_basin_290_candidate_2865_gencluster_970_conf_130950_implicit_min,-0.02769648340292779,0.008702347174204584,-0.016907129365100613,0.033485098151759866,0.02935780616963094,-0.03533094969974204,-0.05031886334733048,0.032437929325057645,-0.013150427144857736,0.028960788629176566,0.006767783521758078,-0.010009230912488029
survivor_287_basin_291_explore_r02_hit_0048_conf_047698_implicit_min,0.008153631604100157,-0.014028278490195984,-0.0004425905694406695,-0.016179292868816145,-0.018704984279770666,-0.010016452514580658,0.015215358101143071,-0.022031860861727568,-0.008028042964466948,0.014863023214419539,-0.021720173693470773,0.017129275544006343
survivor_288_basin_292_candidate_1775_gencluster_1775_conf_068374_implicit_min,-0.006743721613058888,-0.0052461781208873026,-0.017823934925150185,-0.006371169064333026,-0.004515384687800578,-0.03462445513391527,-0.03728662882500502,-0.01833411599953156,-0.012955339160522439,0.012079044408017995,0.0003820055133209129,-0.02923628212505938
survivor_289_basin_293_candidate_1152_gencluster_1152_conf_196507_implicit_min,-0.014001533291699748,0.04265052229375746,0.027536977921341983,0.005187532748062333,-0.006966436304694552,-0.0019112742084258774,0.006564504232914347,0.025216293711032733,0.032411825469633775,0.03118100701314533,-0.025579670580682723,0.005897328401920464
survivor_290_basin_294_nma_bh_candidate_375_gencluster_375_conf_010225_implicit_min_hop_003_mode02_p1.35A_implicit_min,0.037637787603646645,-0.049328590886098346,0.024789303200103023,-0.016724633533380006,-0.009155369627706718,-0.007638178533965824,0.022206990331033034,0.0010974701130828514,-0.02763161177690582,-0.00760912999387991,-0.021381037458883794,-0.025067529341511904
survivor_291_basin_295_nma_bh_candidate_631_gencluster_631_conf_003162_implicit_min_hop_001_mode01_m0.75A_implicit_min,0.024285632266982285,-0.000922794288848606,0.021981043557015616,0.03745229116025378,-0.0016527671016386524,-0.005883112236792662,-0.0029499250701618728,0.009072942533656708,-0.03930951294174176,-0.002175075873791814,-0.010456138351792033,0.001408399776671126
survivor_292_basin_296_candidate_1411_gencluster_1411_conf_069137_implicit_min,-0.014954426792670762,-0.015151089023195473,0.021131307376269632,-0.015089045385249703,0.04345144410345989,0.024720417893214844,-0.005093650512198299,0.0036906653571429165,0.018443552052258633,0.018809133529134072,0.009995954960757152,0.0038657375521117276
survivor_293_basin_297_nma_bh_candidate_2136_gencluster_029_conf_073146_implicit_min_hop_000_mode02_p1.35A_implicit_min,0.02911305081838856,0.017716645979086093,-0.020682409734431206,0.005884218627583678,-0.02289298571982776,-0.030692058968667713,-0.0040914263784447066,-0.006052197210582654,-0.02624985093693676,-0.04129062374314465,-0.039042018240053454,0.007224656179958274
survivor_294_basin_298_nma_bh_candidate_705_gencluster_705_conf_003845_implicit_min_hop_000_mode02_m0.75A_implicit_min,-0.03261202306501013,-0.025895896786545882,-0.018855990998480104,-0.0005984980893787604,-0.010056636718180516,-0.03433204822245511,-0.004256933671516626,-0.0045789803619421835,0.01359721926001706,0.003039467765236886,-0.034482577086441694,0.03177140723977661
survivor_295_basin_299_candidate_1602_gencluster_1602_conf_003013_implicit_min,-0.02403728917940651,0.040079827217341976,-0.012278047694134417,-0.014238772438115332,0.0018402277071299447,0.013700673252591118,-0.033215923642596755,0.044598442764578215,0.018782808058600647,0.009253791171747064,-0.00814137843045053,-0.008776459834378176
survivor_296_basin_300_candidate_544_gencluster_544_conf_190102_implicit_min,0.0036459997209319296,0.00027728037742434116,-0.021273405153340582,0.011874336027285182,0.038712334424702094,0.01925172691955636,0.011918312246215207,-0.0237088119269208,0.012117379928368427,0.02708530520320758,0.03595072905984796,-0.010502457859006003
survivor_297_basin_301_explore_r02_hit_0072_conf_032537_implicit_min,0.038348160701109246,0.007245627597878327,-0.015210700121367332,-0.020069991016155527,0.032335082627703154,0.006699693664379024,0.032995267658072897,-0.009626112007670022,0.0018465976973130217,0.013296312878386472,0.015053408564620778,-0.03852452793580801
survivor_298_basin_303_candidate_506_gencluster_506_conf_011031_implicit_min,-0.012977317731968254,0.015535155847410997,0.02582644789114359,0.035484521944655956,0.033152460551005264,0.017921869395179802,0.009960882259098271,0.010285874406398821,0.0386724312372442,0.008215102209679852,0.0481309860825942,-0.015212481033828284
survivor_299_basin_304_explore_r03_hit_0030_conf_041655_implicit_min,0.00814356511213093,-0.015570630953495476,0.039580697023816856,-0.015950769588435467,-0.05192020248286173,0.0011089261686559873,0.03293696123084782,0.0003944854898658124,0.0242614573236427,0.014314364890457305,-0.03825223124311731,-0.007510543727679613
survivor_300_basin_305_nma_bh_candidate_1123_gencluster_1123_conf_005004_implicit_min_hop_001_mode01_p0.75A_implicit_min,-0.0340781947086199,-0.013481015992611074,-0.025145619833314963,-0.011549396185690192,0.03497790644995844,0.014561325428874854,-0.03377628634806027,-0.02944245995474257,0.005959838783136332,-0.005010192871507524,-0.00013531946612359421,0.026525836863119018
survivor_301_basin_306_nma_bh_candidate_1306_gencluster_1306_conf_001572_implicit_min_hop_002_mode02_p0.75A_implicit_min,0.002628691514613539,-0.02601960225485432,-0.016415958027579433,0.01580636496602148,-0.03833226042866496,0.010207551164305285,0.01211626989911009,0.02089928198107555,0.009490715709204693,-0.025827341033488806,-0.03315624306606423,0.013483289320457314
survivor_302_basin_308_nma_bh_candidate_1891_gencluster_1891_conf_036811_implicit_min_hop_003_mode01_p1.35A_implicit_min,0.027808556050566938,0.01630585401254369,0.004090328638210852,-0.006584927740496856,-0.010572521872398113,0.034105408450432695,0.011508111570768902,-0.016638420259366595,-0.019259470332602276,-0.03833806662684685,0.02831372594946645,-0.0010913957136268308
survivor_303_basin_309_candidate_1949_gencluster_1949_conf_088865_implicit_min,-0.031582488215833725,0.0021621349767372115,-0.028415797596435467,-0.03864899900569836,-0.00413201500873949,0.0014779871680804205,-0.0032091860050642807,-0.04910010068702474,0.05775484457891745,-0.01313690634627941,0.025972536697009278,0.023340545309706355
survivor_304_basin_310_explore_r02_hit_0027_conf_024848_implicit_min,0.017829054573641798,-0.019670110506381244,-0.030584210561812895,0.016361147653179912,0.0061924855283379335,-0.03469961304391882,0.020256345406980902,0.0011055465218210824,-0.00958873350264964,0.006866831154971324,0.03298653870031222,-0.006628637087394969
survivor_305_basin_311_nma_bh_candidate_2799_gencluster_891_conf_103935_implicit_min_hop_003_mode02_m1.35A_implicit_min,0.004799117157028809,0.003434185579250983,0.022694424907260164,-0.03209442335318409,-0.015098743012162777,-0.03712578987057478,0.001046624213701466,-0.035879647211040436,0.015441618814354276,0.01272807201940216,-0.026139492258051306,-0.029947135849019025
survivor_306_basin_312_nma_bh_candidate_1143_gencluster_1143_conf_019885_implicit_min_hop_001_mode01_p0.75A_implicit_min,0.005681305930106627,0.0026593217366586187,0.016641311237453917,0.0024814939482233856,-0.00011048411111858197,0.0437095172788724,0.011463663627118379,0.014222784544636248,0.0020504375457331926,-0.0019199378312293994,0.03697207043781426,-0.01114282738934719
survivor_307_basin_313_nma_bh_candidate_1005_gencluster_1005_conf_032431_implicit_min_hop_002_mode02_m0.75A_implicit_min,-0.010312216058931413,-0.005850771033374651,-0.029507908665659638,-0.048475099485857584,0.022700062028979822,0.020642411277091464,1.6634838171212697e-05,-0.031948329159501604,0.01626769838784884,-0.047406827157904556,-0.007277431671353165,0.008465885482510347
survivor_308_basin_314_candidate_576_gencluster_576_conf_160942_implicit_min,0.006131962285936738,-0.031214045500896518,0.026455989890264,-0.015640045876354914,-0.03650952136745492,-0.01606756388513515,0.019365326918519072,0.0003926281591756178,0.03920863594289972,0.021359203697879626,-0.012601243475485309,0.005407634358297635
survivor_309_basin_315_candidate_2069_gencluster_2069_conf_192079_implicit_min,-0.001121967404601722,0.020060663657038565,-0.013136550607334839,0.005221638890671259,-0.04011499402735689,0.0051862413876514095,0.011625783010110805,0.03502719159854987,0.00467793487776377,-0.041834343119727536,-0.0075700371338708276,0.019483943904048322
survivor_310_basin_316_nma_bh_candidate_731_gencluster_731_conf_049995_implicit_min_hop_001_mode02_m0.75A_implicit_min,0.018507732481358348,0.03689984224575476,0.024098878519868697,-0.02587397712127099,-0.0018714038220106037,-0.015499543798883322,0.014231246580694126,-0.020747762142470733,0.038199465233833496,0.0056479026405172805,-0.022622201409685003,-0.005224107827453652
survivor_311_basin_317_nma_bh_candidate_1920_gencluster_1920_conf_068917_implicit_min_hop_003_mode01_m1.35A_implicit_min,0.0239420333243231,-0.038691961306963556,0.01061958906959692,-0.011834482108791303,-0.03120618390830086,-0.028880791564812058,0.031005207163558417,0.012616190599877905,0.009381258623626385,-0.0009054529851890491,-0.03862897650705804,-0.00601501726565176
survivor_312_basin_318_nma_bh_candidate_2233_gencluster_148_conf_073474_implicit_min_hop_002_mode02_m1.35A_implicit_min,-0.0494156613973014,-0.012870143806039356,-0.003558871463778321,-0.011579721818420333,-0.012406333861501351,0.017278895953562842,-0.023298675014878752,0.026982462665025686,0.040241615709395724,0.01221827703297018,0.0058496528631851565,0.022395047339620767
survivor_313_basin_319_nma_bh_candidate_2293_gencluster_217_conf_180539_implicit_min_hop_000_mode01_m0.75A_implicit_min,-0.03419974969769157,-0.022573520624431877,0.0005237758484457068,0.026578566686696486,0.01486996675715086,-0.0429648976171658,-0.06170034270199461,0.002082422287487345,0.004215022453442974,0.010115215282854069,-0.022585584064745996,0.002484704624289407
survivor_314_basin_320_explore_r01_hit_0085_conf_025538_implicit_min,-0.0097797978507766,0.004676641940749348,-0.03751714547576091,0.010557481227215615,-0.029374917699601513,-0.034876381293967425,0.022700995126249714,-0.003892044596283901,0.0016649878097774833,0.026426270965449892,0.00256610918464211,0.035464901768160535
survivor_315_basin_321_candidate_347_gencluster_347_conf_010411_implicit_min,0.0028968653699393086,0.0005605923195553487,-0.016919021971409386,-0.02124792243887189,0.04976963561631467,-0.0016656345573259374,0.0003984531500274147,-0.0238597671127262,-0.036876529909305046,0.020767873676571215,0.03571834618188824,-0.030233581909175574
survivor_316_basin_322_candidate_390_gencluster_390_conf_034121_implicit_min,-0.02595367331651339,0.009086297779164735,0.0025021685092334947,0.006351563468997181,-0.005625412506718039,-0.03652641657108707,-0.03398408888821317,-0.04256026895587678,0.0019825512727458185,-0.008397186835614351,-0.00751414008368301,0.010168447937054379
survivor_317_basin_323_candidate_722_gencluster_722_conf_044290_implicit_min,0.012504864515603486,-0.017327225556092892,-0.028902910503665186,0.02894796445189543,0.0023994434777887146,0.025380797459114153,0.01098636640472623,0.03236083510062052,-0.012587089244646446,-0.028961184856680384,-0.0023193731256764345,0.017137597489305816
survivor_318_basin_324_candidate_646_gencluster_646_conf_092686_implicit_min,-0.0013171701203828616,0.004691146002238473,-0.015740286836045572,0.01277062711359909,0.017260940503264616,-0.032810273110778845,0.025070463522265968,-0.009959006517303623,-0.0060495796820011155,0.025136017440457886,-0.028349361733497423,-0.03170339946895312
survivor_319_basin_325_candidate_1770_gencluster_1770_conf_012078_implicit_min,0.0455780347366925,0.0003439236620869169,0.010258740486838612,0.01350940584225685,-0.002551140582022549,-0.007213691338149499,0.026882796936821225,0.0025537865256389583,-0.028680765001676232,-0.013017813923350139,-0.011968151081167323,-0.0010828050842707818
survivor_320_basin_326_nma_bh_candidate_2879_gencluster_988_conf_169931_implicit_min_hop_001_mode01_p0.75A_implicit_min,0.0450654252173022,0.0010812554689805785,-0.007766942830034029,-0.012008109442889747,0.028165377365356563,-0.015671860996573257,0.015602734850076986,-0.015093306053228442,-0.02731809240320745,-0.005891483510109333,0.017377433896721237,-0.028837298318159423
survivor_321_basin_327_nma_bh_candidate_1744_gencluster_1744_conf_080354_implicit_min_hop_003_mode01_m1.35A_implicit_min,-0.022404270027991176,0.01787533955345413,0.0020853288664838855,0.05304937489116991,-0.003094793713710691,-0.009928852292561555,-0.0052730065353449665,0.02042638230696547,-0.02029723122520738,0.018633220182680856,0.03203865577806563,0.01879853345322966
survivor_322_basin_328_nma_bh_candidate_1168_gencluster_1168_conf_154905_implicit_min_hop_003_mode02_m1.35A_implicit_min,0.016313262866661824,0.0449227845614918,0.001838635240655795,-0.026232666012866886,-0.01499889875723494,-0.031067004079302785,0.02333369817902808,-0.0009421827197453358,0.03308367595714517,0.01674818570801439,-0.018298541180398812,-0.0019725547181195535
survivor_323_basin_329_nma_bh_candidate_1228_gencluster_1228_conf_073136_implicit_min_hop_002_mode01_p0.75A_implicit_min,-0.004357380506050541,0.02678617290210207,0.021121343423762685,-0.05463758106619909,-0.031366428281238125,-0.022285537142767077,0.001376119269469283,0.004947021993952287,0.051463944845362236,-0.029079275264971862,-0.031270113569764585,0.010442612445784445
survivor_324_basin_330_candidate_2253_gencluster_171_conf_194035_implicit_min,0.015015469135851788,-0.03826018985381191,-0.0065810333291145395,-0.010279277123522194,-0.014178303904607373,-0.006421603278777399,0.005756792080931591,0.01862565959176942,0.006173577537040409,-0.03194841663663609,-0.023500151236562527,-0.005836338374387236
survivor_325_basin_331_nma_bh_candidate_1742_gencluster_1742_conf_052620_implicit_min_hop_002_mode01_m0.75A_implicit_min,0.04113798797325545,0.006092389077861201,0.019478950652542303,0.00951675655993877,-0.02861254327511997,0.034698477962971236,0.013448188770139303,0.02647892699517606,-0.03801304377278495,-0.04260070128195818,0.011333608753330258,-0.0015369614692814753
survivor_326_basin_332_nma_bh_candidate_1744_gencluster_1744_conf_080354_implicit_min_hop_001_mode02_p0.75A_implicit_min,-0.016377193989203113,0.01274341915091283,-0.01842301250772884,0.04854664820210381,-0.03208061960415143,-0.01306940367135322,-0.0072784174298322875,0.034259227308318076,-0.019496243675054998,0.024653739540385047,0.030151072511914994,0.01758955046657561
survivor_327_basin_333_nma_bh_candidate_1920_gencluster_1920_conf_068917_implicit_min_hop_002_mode02_m0.75A_implicit_min,0.031296241328411425,-0.03249719874704498,0.01839707264864506,-0.009266507603163372,-0.030700916195100125,-0.02871482523877932,0.032199962342845376,-0.002881231990478869,0.0034469799019817816,0.011592983284364748,-0.054075643060393176,-0.0024949301298357466
survivor_328_basin_334_candidate_2814_gencluster_907_conf_171194_implicit_min,-0.005939830717135666,-0.044672264710893625,-0.03198214022444644,-0.017024149182959365,0.014603890314446892,0.0036979119899507567,0.015006596268252702,-0.03014158185154948,0.009086107960859504,0.012128016611426066,0.03422209931194967,0.008650655607793059
survivor_329_basin_335_candidate_057_gencluster_057_conf_072407_implicit_min,-0.01657401913946934,-0.007915772983834134,0.03072909454032958,-0.015701582287421335,0.04241932499894793,0.021272803840837202,-0.033122988591847674,-0.007085852060910495,-0.006590000500668461,-0.01109083372062855,0.020458815587299128,-0.02736170972125031
survivor_330_basin_336_candidate_104_gencluster_104_conf_005795_implicit_min,-0.0166792128072344,0.004183880339250608,0.017579540279260165,-0.022409908865733262,0.008567403940578026,0.012541420519207602,0.004801494219083724,0.009472677556532992,0.015358923414287858,0.01956399559227537,-0.009912592365029895,0.009371983833168649
survivor_331_basin_337_nma_bh_candidate_2967_gencluster_1102_conf_125121_implicit_min_hop_002_mode01_p1.35A_implicit_min,0.00434133173302867,0.022117011499146164,0.0024575065557248836,-4.874854411652298e-05,0.023040428282944482,-0.0005545252181830972,0.0029727135184851173,0.009307793011972782,0.01998347068688996,0.02171884566788508,-0.014373940884440288,-0.04896770068657033
survivor_332_basin_338_candidate_992_gencluster_992_conf_038278_implicit_min,-0.04966354041784534,-0.02450853463848699,0.004317721392091834,0.019274303064711427,-0.027443620141210694,-0.00700853000791182,-0.023113165490744398,0.042980657240619786,0.020867078690447773,0.015223367350860098,1.2558907940141533e-05,0.02943878729712739
survivor_333_basin_339_candidate_307_gencluster_307_conf_159960_implicit_min,0.008643194866481017,0.0014821245559728565,-0.0075901723419959065,0.01115743859236658,0.053280066442456794,0.01758486657593136,0.017962650166673786,-0.00604769220136969,0.01300405359305726,0.038130194884678725,-0.0050296531059885975,-0.018554784334771385
survivor_334_basin_340_nma_bh_candidate_2734_gencluster_813_conf_171932_implicit_min_hop_001_mode02_m1.35A_implicit_min,-0.012066047274974385,0.049374422622518836,-0.007874803639625411,-0.0127070339042076,0.0002951581679788002,-0.027881397681662642,-0.03909255332318307,-0.015957675210313167,-0.007473322407836888,-0.00974176008390232,0.008143185247084893,-0.0044954468616836794
survivor_335_basin_341_nma_bh_candidate_2739_gencluster_819_conf_086560_implicit_min_hop_002_mode01_m1.35A_implicit_min,0.01857745813839553,-0.0032527639556724428,0.013327307221714085,-0.018579878835308063,-0.018208716331212734,0.04130077985114025,-0.011871786650643491,-0.009716078749174684,-0.012551239253817728,-0.053050038164277495,-0.004895909050009703,-0.010163077471207158
survivor_336_basin_342_nma_bh_candidate_2792_gencluster_884_conf_057741_implicit_min_hop_003_mode02_p1.35A_implicit_min,0.02338406309113349,-0.0275248565931366,0.03152660801974151,-0.02309341690420661,-0.014433950854522698,0.003265239738874122,0.02537717524064513,0.004176861481533291,-0.004564061352203043,0.019549986000402687,-0.004286299823137939,-0.033607933773643885
survivor_337_basin_343_nma_bh_candidate_1992_gencluster_1992_conf_005930_implicit_min_hop_001_mode01_p0.75A_implicit_min,0.028009380583930994,0.0021700605119192346,-0.024821927448939535,-0.006341167021149132,0.02056172921186196,0.004076604315543029,0.016544363557338657,-0.026066776962664195,-0.03681845311885234,-0.0018408345293090518,0.017538276467647895,0.019599575586426096
survivor_338_basin_344_nma_bh_candidate_1138_gencluster_1138_conf_004095_implicit_min_hop_002_mode01_p0.75A_implicit_min,-0.012344174393230633,-0.0040515820289025156,-0.02455611828896501,-0.02367913542811976,0.008030000475558982,0.017931765636699064,-0.006769374611286039,-0.0018752655417145442,0.001114960766532929,-0.02072019610266138,0.009724716188212235,0.037397292686116385
survivor_339_basin_345_explore_r03_hit_0036_conf_015676_implicit_min,-0.01588308385753813,-0.03901312256376035,0.03362657519341647,0.010436798009613401,-0.00718714049377768,0.04431018669064935,0.014195644959768727,0.036145307138744524,0.02118983888470915,0.023281564505433755,0.01911995779780263,-0.003944594885042058
survivor_340_basin_346_candidate_2296_gencluster_221_conf_024866_implicit_min,0.01421789938901861,0.010111894461245713,0.04070209050902789,0.0152513704040611,-0.023074320627604252,-1.4530680226722566e-05,-0.009797447177115896,0.023558566037088557,-0.007721189444507554,-0.021612036371196797,-0.030277899992769537,-0.011827963479189548
survivor_341_basin_347_candidate_2207_gencluster_117_conf_171505_implicit_min,0.010663648616554087,0.026425508103606846,-0.0038973848020322117,0.023923058290340447,0.017802865702053736,-0.017810066189471997,-0.008161978110894214,-0.024343479886309697,-0.016784012533156673,-0.018709490515480206,-0.0005485059233513078,-0.0111553889615393
survivor_342_basin_348_candidate_2805_gencluster_897_conf_151423_implicit_min,0.018445687240654422,0.010260117985301834,-0.021299243228794677,0.016506452950813922,-0.01189044034937211,-0.03729497378341666,0.00612803196376193,-0.005400043143639754,-0.013405078512926022,0.00464270461386872,-0.04470712569459479,0.01501023722535631
survivor_343_basin_349_candidate_1576_gencluster_1576_conf_039162_implicit_min,-0.0341394887193356,-0.01882824820128034,0.020899724652105427,-0.015013406994418813,-0.017319691039018478,0.006212441447403932,-0.02401695213444135,0.06168454933880628,0.0017473786824026148,0.028425394152192956,0.012332951226724941,-0.011528675679681358
survivor_344_basin_350_nma_bh_candidate_1614_gencluster_1614_conf_058900_implicit_min_hop_000_mode01_p0.75A_implicit_min,0.03604572797671808,0.0015013224906830125,0.02091894538384021,0.030443567279848434,-0.02064078855108655,0.02878419614532938,0.027928108610123927,0.004795107502670138,-0.04369364113201907,-0.008850119561477477,0.00036170444384624336,0.0003180757545142736
survivor_345_basin_351_candidate_026_gencluster_026_conf_038547_implicit_min,-0.006536510080551636,0.0021912407188402197,-0.05397613186735225,0.014378530321872812,-0.005796627429784727,0.01555282484947303,0.016416867618003705,0.0186073215518034,0.002959429489643251,-0.003018217981331435,0.053620280846002705,0.023049452442011686
survivor_346_basin_352_explore_r03_hit_0062_conf_008543_implicit_min,0.006992218879111404,0.0072416070100747455,-0.01257392628358501,-0.024635210531838606,0.012506898390246572,0.02505762350631496,0.02312859473971409,0.010171676540426418,0.013282361024505092,0.014559796219460441,-0.010205675002291612,-0.05058186573034802
survivor_347_basin_353_nma_bh_candidate_694_gencluster_694_conf_053743_implicit_min_hop_000_mode01_m1.35A_implicit_min,-0.0319196336230418,-0.034241009519281725,-0.018141861669124914,0.009529257411999318,-0.0026897307820193143,-0.0168417483409986,0.010107740131207606,0.02172304379456504,0.05890954038651817,0.006821241561993407,-0.005671877356643476,0.03408644572060375
survivor_348_basin_354_nma_bh_candidate_1187_gencluster_1187_conf_135333_implicit_min_hop_002_mode02_m1.35A_implicit_min,-0.04449570270581527,-0.0002805427974820481,-0.0025666497132239875,0.003553707173538925,0.020824225848011937,-0.023403659754544035,-0.061594406743360496,-0.006573252472706059,-0.007766263422746006,0.020375547198567812,-0.037766916057776545,-0.0035306233656165692
survivor_349_basin_355_candidate_1095_gencluster_1095_conf_000160_implicit_min,0.006697683255030981,-0.03314063303947583,0.0172298614422517,-0.025367371866199653,0.020124623945459667,0.0013834304095410956,-0.01716651000783087,0.0026537840224139767,-0.010993226921243144,-0.03486636476315911,-0.00802794724658228,-0.03629124213447722
survivor_350_basin_356_candidate_2189_gencluster_092_conf_154079_implicit_min,0.017770311904298137,0.010719553236135023,0.028218580873198625,0.014966142134932331,0.02340222374759474,-0.033783234460259284,-0.00639083879260345,0.013521073656345693,-0.025410535180283272,0.039516186806785945,-0.0027953905241331783,-0.04863034824088217
survivor_351_basin_357_nma_bh_candidate_2684_gencluster_753_conf_185631_implicit_min_hop_000_mode01_p1.35A_implicit_min,0.006355664710757068,-0.012245426485829268,-0.012046491022419968,0.015314505291509654,0.030303606951084215,0.024834934049466396,0.005643957733211036,-0.0179067158915199,-0.01771817596253417,0.027099737857409736,-0.03771577757779778,0.01778817556974158
survivor_352_basin_358_explore_r02_hit_0076_conf_032753_implicit_min,-0.025213589942963143,0.008231709662661405,0.020541013152368615,0.01215204170046948,0.008526318291604076,-0.011281096670024204,-0.04255482432632531,-0.039123263088959886,-0.006166801967391177,0.00024729358290476275,-0.0015775229543828404,0.008023758908432432
survivor_353_basin_359_nma_bh_candidate_2967_gencluster_1102_conf_125121_implicit_min_hop_001_mode01_p0.75A_implicit_min,0.03278885058531695,0.006716293706075623,-0.012138004850246584,-0.012332937514864115,0.04310423843902172,-0.00473002534258492,0.016941535120782662,0.0035730563675633797,0.005471873879173546,-0.00043091008689046147,-0.013071240042338731,-0.04607617586643409
survivor_354_basin_360_nma_bh_candidate_659_gencluster_659_conf_039862_implicit_min_hop_001_mode01_p1.35A_implicit_min,-0.006845300051729084,0.03926041888879693,-0.007593822568973099,-0.010576693796432465,-0.014179372373667351,-0.026264027078348788,0.01641161629807409,-0.005606514405747664,0.004673500753307235,0.024966829367789305,-0.029176836495730513,0.004534749171683465
survivor_355_basin_361_candidate_1642_gencluster_1642_conf_091857_implicit_min,-0.02311309406205768,0.025658068874118985,-0.03590023442331314,6.111298544239113e-05,0.011336999097336152,0.010662283220042406,-0.011890954843223979,0.0030890964974016623,-0.007272351845446575,-0.019485658610783444,0.0616910189629206,-0.01347688527236981
survivor_356_basin_362_candidate_1583_gencluster_1583_conf_101920_implicit_min,-0.006355071215771578,0.004394863424637472,0.057877100644768364,-0.004471618050525035,0.025659150508924172,-0.005762208032889028,0.019881074546646543,0.02689419016053612,0.017489673593121768,0.00676687178492971,-0.00021277592134281886,-0.02235968935294676
survivor_357_basin_363_nma_bh_candidate_2923_gencluster_1040_conf_172799_implicit_min_hop_002_mode01_m1.35A_implicit_min,0.0298421037988442,0.013152724117378238,0.006309249267643512,-0.016584246069488107,-0.03396517300457115,-0.011719008627470658,0.023182109009267694,-0.009475003072840325,0.0027934811640162103,-0.011817594169879788,-0.04137892954091384,-0.017560193116825232
survivor_358_basin_364_candidate_1644_gencluster_1644_conf_198279_implicit_min,-0.03731145599077853,-0.010397656864335605,-0.017620237135743698,-0.02331815366308945,-0.011312939976216579,0.002765716654079113,-0.009801620110530741,0.01054241056402292,0.04922085007243171,0.0060705730640397354,0.032833484003722706,-0.01103210567050785
survivor_359_basin_365_nma_bh_candidate_1647_gencluster_1647_conf_134687_implicit_min_hop_003_mode02_p0.75A_implicit_min,-0.011262818948769918,0.047679432751352856,-0.005315663600133267,-0.03215925705184361,-0.020418986606461405,0.006278518930075995,0.007394621088740468,0.010633752158150076,0.04751549354222213,-0.01607814409309319,-0.005732067184982936,-0.010975543088376087
survivor_360_basin_366_nma_bh_candidate_1684_gencluster_1684_conf_111666_implicit_min_hop_001_mode02_m0.75A_implicit_min,-0.0013532880097564708,-0.0068913290063724285,-0.014125943938274795,-0.024292961728297813,-0.003302357771880134,-0.011998223138084596,-0.02838958031511536,-0.028652125713921513,-0.018739437380805905,-0.03117174285432759,-0.020242776941577813,0.022510529034237736
survivor_361_basin_367_candidate_008_gencluster_008_conf_011677_implicit_min,-0.013203421567919966,0.014715834477842927,0.04360952493928399,-0.002909282913349641,0.011647804190298396,-0.00347892711258701,-0.008798761854764702,-0.044170810433764904,0.012122701602608227,0.010725702263927137,-0.01642473008236697,0.01870325120438534
survivor_362_basin_368_nma_bh_candidate_2684_gencluster_753_conf_185631_implicit_min_hop_001_mode02_m0.75A_implicit_min,0.004484327200385354,-0.0014745722391232168,-0.020412215751941507,0.02044686742718986,0.02715958049118211,0.03570672451772288,0.017953107182989814,-0.01269849857293223,-0.022176354347521462,0.022050112852662725,-0.026789691170546782,0.025395733404556982
survivor_363_basin_369_candidate_435_gencluster_435_conf_002598_implicit_min,-0.0032859942615262277,0.027098104731217605,-0.0335887133187235,-0.023256350878846886,0.00794234734476867,0.05192267389005859,0.0169330854693368,-0.01706357531691378,0.043485974542757856,-0.024878074718096027,0.023574444909054214,0.01369635825148591
survivor_364_basin_370_candidate_2740_gencluster_820_conf_080253_implicit_min,0.0071118351334392696,-0.0054952585368094565,0.017884852662442517,0.039716036233187736,0.005984269544273251,0.05939035721972578,0.01332674409727319,0.03654974001830964,-0.014187785081429016,0.0151258767644941,0.02238802612919897,0.018125203030701025
survivor_365_basin_371_nma_bh_candidate_2863_gencluster_967_conf_115824_implicit_min_hop_003_mode01_m0.75A_implicit_min,-0.0118880165264801,-0.030536456161891642,0.005449613730967954,0.010533887639555421,-0.0021160270247434954,-0.021427172811260727,-0.02640690072616754,0.009487250250477287,-0.023184608818440824,0.03572482071179696,-0.015343364576955962,0.0022335332654397216
survivor_366_basin_372_candidate_1941_gencluster_1941_conf_086638_implicit_min,-0.012931912833405047,-0.022113724489590814,0.037928462667444186,-0.005507803149394946,0.003906588053356313,-0.026512015449404083,-0.040853431239201425,-0.012093454202783939,-0.026440641997049763,0.0535082983399817,-0.020506610729618388,-0.029423321396035394
survivor_367_basin_373_nma_bh_candidate_659_gencluster_659_conf_039862_implicit_min_hop_002_mode01_p0.75A_implicit_min,0.014856276971897116,0.029198613873048725,-0.010477169448436794,-0.013371442499273679,-0.016321548231270595,-0.023131212183298396,0.012109991916122154,-0.010713202568458383,-0.006347075096779991,0.023791369468384716,-0.028267489597065168,-0.016386289666826887
survivor_368_basin_374_candidate_272_gencluster_272_conf_163123_implicit_min,-0.008910565997340435,-0.02250046861270837,-0.040696926640658236,-0.02059714396259321,0.0011431790066528619,-0.004212053097116607,0.020595250741268254,-0.003009579091502235,0.008861588763479606,0.0030848290143556346,0.029529963560613146,0.013544565982897513
survivor_369_basin_375_nma_bh_candidate_2622_gencluster_663_conf_094041_implicit_min_hop_003_mode01_m0.75A_implicit_min,-0.039580339109980135,-0.00940168043023326,0.01730496259367144,-0.004700283960557198,-0.030110108774223272,0.027426010730967898,-0.050503239566126526,0.04055622501081558,0.005215668295285025,0.006424539642939221,-0.01792560519082731,-0.02010841731561577
survivor_370_basin_376_nma_bh_candidate_082_gencluster_082_conf_089503_implicit_min_hop_001_mode02_m0.75A_implicit_min,-0.005063893396733572,-0.0016725304862351379,-0.038112030244904074,0.04418790689031436,-0.014792431775251915,0.006625848259743074,-0.00510913025355762,0.060836923215066056,-0.00990617504602473,0.012599264684776606,-0.0032707639575437772,0.005122530709330154
survivor_371_basin_377_candidate_2349_gencluster_287_conf_145691_implicit_min,-0.021986093540731867,0.04227166412296362,0.007633011457301619,0.011922313216755548,0.02232224199826574,0.02107511484575232,0.004142460325158387,-0.003016618455128447,0.04202271842733812,-0.014318414609563342,0.03816236831518877,0.012738045327012412
survivor_372_basin_378_nma_bh_candidate_249_gencluster_249_conf_007818_implicit_min_hop_003_mode01_m0.75A_implicit_min,-0.014823934057076441,0.004716404396204153,0.023680530596391428,-0.048246179992869107,-0.0019417649316428554,-0.008964509338673923,-0.005079092152859277,0.0012994344521157744,0.0014379467709026493,-0.011875422809815257,-0.046935431438944665,0.015225378237083332
survivor_373_basin_379_candidate_1036_gencluster_1036_conf_046224_implicit_min,0.027827378796440594,0.03356180276503305,0.012007389143905133,-0.017219126847028643,0.015675342899484957,0.004818154130156566,0.0184439417510962,0.02401519126508379,0.010554292271451835,-0.0038182893841016315,0.009519892404751176,-0.033379370851876415
survivor_374_basin_380_nma_bh_candidate_2083_gencluster_2083_conf_036478_implicit_min_hop_002_mode02_m1.35A_implicit_min,-0.03560145297203127,-0.009069657392367252,0.015151970198562273,-0.027125597427722564,0.009272772753856679,-0.0442289362020266,-0.06577707504418248,-0.0015066263210953604,-0.006525066648157969,0.021184235450351818,-0.039383686701249844,-0.007701298979065613
survivor_375_basin_381_nma_bh_candidate_2989_gencluster_1124_conf_159390_implicit_min_hop_001_mode01_p0.75A_implicit_min,-0.018809055094134913,-0.012205676285740241,-0.018268072120844858,-0.006656402839533013,-0.0045807979166969616,0.014723088157247379,0.0013305562604625026,-0.027248643589442817,0.02124711718803329,-0.012573004556128205,0.0352401535702963,0.017207153868328016
survivor_376_basin_382_candidate_687_gencluster_687_conf_014505_implicit_min,0.002406856485634013,0.02026876524264303,-0.014144336252506669,0.00853073689979246,-0.0023466376735925736,-0.03211566004863708,0.017610270202523193,-0.016632394572752566,0.009903306258485034,0.046773101857479495,-0.013239320405369617,-0.010452019859286935
survivor_377_basin_383_nma_bh_candidate_862_gencluster_862_conf_049308_implicit_min_hop_000_mode02_p1.35A_implicit_min,-0.02205452342695187,-0.02882478273164222,-0.018432481451079386,-0.03521611416329602,-0.018448778729903425,0.019379602067854586,-0.0011873294900163296,0.006280002530922451,0.03354768155708689,0.00555730479475204,0.02287426296929584,-0.002063750877543122
survivor_378_basin_384_nma_bh_candidate_2577_gencluster_598_conf_071976_implicit_min_hop_001_mode02_m1.35A_implicit_min,-0.000362876580737003,0.01089488911441685,0.033482516310148085,-0.005367064709802265,0.017961866975010708,0.01217114515198632,0.01794052421141488,-0.028474918299106266,0.0071854518325176215,0.029642344668006724,-0.008251631363973482,0.012196565948915345
survivor_379_basin_385_candidate_2218_gencluster_130_conf_198359_implicit_min,0.03160695271126618,0.03061502230847078,0.024701818507496417,-0.021760812934988348,0.017688797823044135,-0.010432710476329196,0.013682357559184722,0.011408556007462026,-0.008178246854390458,0.018939872058599323,0.0006386496626025891,-0.04691354283515676
survivor_380_basin_386_candidate_1437_gencluster_1437_conf_047621_implicit_min,-0.013061381589778818,-0.03124266008937688,-0.028011170129611355,0.02022071303725733,0.007377176853165736,0.014158972763635176,-0.0068496276500471095,-0.008933550514081871,-0.0005463755100365867,-0.0013329122988280536,-0.00230885264562814,0.04714413358345326
survivor_381_basin_387_nma_bh_candidate_2684_gencluster_753_conf_185631_implicit_min_hop_002_mode02_p1.35A_implicit_min,0.0020237318231399377,0.014399094185283472,0.029436136982623182,0.03431601305855383,-0.015322676696886485,0.00943032829979696,0.009175567958886337,-0.01668920172086287,-0.016552069646602656,0.012847889569795717,-0.01101320746542644,0.028291566549773158
survivor_382_basin_389_candidate_2931_gencluster_1051_conf_011636_implicit_min,-0.004175561487993766,-0.03506675665245294,0.016224851652368418,-0.012428202652654803,-0.00763920960069179,-0.0023843963695820165,0.0014952982629400813,-0.020925349850221635,-0.0031170301231057402,0.002582575837335852,0.031985590672320416,0.007623622220479074
survivor_383_basin_390_candidate_2925_gencluster_1043_conf_182002_implicit_min,0.014311933089088688,0.0025916936477675973,-0.004049856535060386,0.016455724263075237,0.0015433068604450918,-0.00884035228798843,0.00805371806063668,0.0221000284431794,-0.01694229548516094,-0.0185793541184723,0.039197005651782704,0.008786893488547125
survivor_384_basin_391_explore_r04_hit_0039_conf_039127_implicit_min,-0.0116798204641736,-0.012601993866914019,-0.040169248691397645,-0.009979926628542286,-0.007976275358810568,0.029335360897081282,0.01930133445324117,-0.019971203970031593,0.029362854115821204,-0.012119615491821742,0.03631540357821532,0.009874782403349998
survivor_385_basin_392_candidate_1586_gencluster_1586_conf_152233_implicit_min,-0.014199792484794537,0.0010631387261062256,-0.007472978294893932,0.009843308329775579,0.006602158646160209,0.0364818304324227,0.00969550331754912,-0.026941073385931946,0.022886022497505265,0.006270745671272619,0.02099666479508924,0.0021409725025877315
survivor_386_basin_393_candidate_2701_gencluster_771_conf_123112_implicit_min,-0.019399815067233473,-0.016788789581666092,0.013355778035265206,0.009098864444314654,0.010330998800557325,-0.0005521844990384795,-0.02222330097350095,0.010840123509065448,-0.017456807603478477,0.015261825600892426,0.01769825556262379,0.005567445104029436
survivor_387_basin_394_explore_r01_hit_0038_conf_029050_implicit_min,0.02957431680436826,0.0020126059309168633,-0.0003881143257207928,0.03709630233611856,-0.021346278867085705,-0.030474917771753204,0.026686147888484123,0.006987028265423222,-0.02041711800003342,0.018116016562261833,-0.044439089887003284,0.008898806607237564
survivor_388_basin_395_candidate_947_gencluster_947_conf_154939_implicit_min,0.014682543506512836,-0.017232442609331294,0.02703117297241491,-0.02618852030779511,-0.03472555992775232,-0.008285327647118238,0.026485471809623108,-0.00397777250991114,0.016024347188733235,0.015903164405398965,-0.022243397822225192,0.0015433176488754603
survivor_389_basin_396_nma_bh_candidate_2328_gencluster_260_conf_086582_implicit_min_hop_002_mode02_m1.35A_implicit_min,0.018179720846882106,0.03119889767836321,0.01456828680099324,0.010033568624397091,-0.0372926558505625,-0.0026477054706113396,0.013787376718101502,0.03367459430513518,-0.01666597032650467,-0.02479244636951334,-0.007686711589218536,0.016840441886627887
survivor_390_basin_397_nma_bh_candidate_188_gencluster_188_conf_172172_implicit_min_hop_000_mode02_m1.35A_implicit_min,0.01585156256648064,0.027197262536510475,-0.020281733555424626,-0.019294922624533858,0.010967354195296453,-0.010161287810038245,0.031131480293708873,-0.004635690640722746,-0.01662022810940387,-0.0001856262450371881,-0.0160458410543088,0.013799744420716248
survivor_391_basin_398_nma_bh_candidate_416_gencluster_416_conf_072635_implicit_min_hop_000_mode01_p0.75A_implicit_min,0.025165068074980996,0.008309847775583405,-0.019134838802209425,-0.0342862329077151,0.04610592136497249,-0.006713789242874416,0.025168633873462458,-0.0071985862991176125,0.02337577569167202,0.0049564488381790535,0.024237653209641427,-0.03432593358113693
survivor_392_basin_399_candidate_949_gencluster_949_conf_055958_implicit_min,0.03914465274096242,-0.011098825201321978,-0.008562195669354239,0.024010858240545305,0.012042519539835837,-0.0014500301866234996,0.023597609239553664,-0.004611456044443202,-0.019344448451469116,-0.02133958081894658,-0.01166495075093065,0.002034318402821009
survivor_393_basin_400_explore_r04_hit_0050_conf_036366_implicit_min,0.002522595627412138,0.012761983978101039,0.027961873883925903,0.017773795271040213,0.021410569023607016,0.033337365750695756,0.012004598442124542,0.03636847722434398,0.009578170673652393,0.016857745769630828,0.023619024807346355,-0.038693705059497374
survivor_394_basin_401_candidate_960_gencluster_960_conf_031779_implicit_min,0.013696099275269475,0.0056284499483188095,0.01421434059733992,0.03047506836262959,0.02226310987387274,0.017452761897723868,0.0251781564264969,0.0022787280130357455,-0.032505455711341724,0.03463260840619463,0.003891052272406862,0.018669208956826135
survivor_395_basin_402_candidate_212_gencluster_212_conf_010400_implicit_min,-0.008649414707929749,-0.027011733458828662,0.013487624813864927,-0.021262763157933292,0.06494828888344392,0.021236934816027283,0.022995632728740376,-0.017695312854395358,0.0056215989491214926,0.046135240304474155,-0.013037230934040986,0.006287701674088299
survivor_396_basin_403_candidate_1021_gencluster_1021_conf_020924_implicit_min,0.009013057924839888,0.006550657008085723,-0.02897019865638309,0.02244095374563313,0.006666166333473917,-0.051244915955890584,0.021067166324766278,0.0052334060235822,-0.003636314262205371,-0.002109020429884263,0.025808849715232805,0.022738233689087377
survivor_397_basin_404_nma_bh_candidate_1139_gencluster_1139_conf_053753_implicit_min_hop_003_mode02_p1.35A_implicit_min,-0.007996525600499328,-0.009542714827657789,-0.026997939961025588,0.0005696787095951384,0.005545883153082676,-0.014393527556098257,-0.015149438050167023,-0.03539737219700129,-0.002755537090867389,-0.010591070188750634,-0.020052254057203227,0.03421536116188628
survivor_398_basin_405_nma_bh_candidate_2577_gencluster_598_conf_071976_implicit_min_hop_002_mode02_p0.75A_implicit_min,0.015069898658150905,-0.045904718882047495,0.05423978428064435,0.02220913867384491,0.010610348716940237,-0.010479808660071354,0.023633270473833828,-0.02825985816682348,-0.004111438434194171,0.05021385604212382,-0.005067059367430672,-0.0022453439995185178
survivor_399_basin_406_candidate_664_gencluster_664_conf_026775_implicit_min,-0.004026000570526969,0.018806378388636913,-0.013005824825386944,0.008230393104672726,0.028932452960767352,0.015738906772119515,0.0014130304555206147,-0.017011872475958912,-0.0021057776202218956,-0.03579920536904748,-0.008793439653542434,0.011521284888649966
survivor_400_basin_407_explore_r02_hit_0015_conf_022034_implicit_min,0.026207026487676047,-0.04638461225388697,0.012320058425331855,-0.004668758635148108,-0.027194881815645118,-0.031437621475999045,0.03127007234593988,0.006175123528058903,-0.015411673418854126,0.015548478187615747,-0.0441879366839642,-0.003370165509038357
survivor_401_basin_408_nma_bh_candidate_583_gencluster_583_conf_027260_implicit_min_hop_003_mode01_m0.75A_implicit_min,0.0018398666584666466,-0.01953271086763515,0.017508592349741035,-0.018822342825679083,-0.03152778275428262,0.026669720925786938,0.016972956222160312,0.017840506588329225,0.023746283865468922,0.005171656908081171,-0.017043063147040138,-0.0008936110183148772
survivor_402_basin_409_nma_bh_candidate_2577_gencluster_598_conf_071976_implicit_min_hop_003_mode02_m0.75A_implicit_min,0.011774916834872135,-0.045045422590459495,0.05135643656292082,0.018398924555285592,-0.008566363456280306,0.009630929626599938,0.02030795790898568,-0.025297865098949743,-0.005879799177974026,0.04025696733147623,-0.012359354135081886,0.012779971443832899
survivor_403_basin_410_candidate_1667_gencluster_1667_conf_007464_implicit_min,-0.042347291841394755,-0.024333300377318418,0.02508440822315313,0.0013845950942392427,0.015049278402787131,-0.019639324136223716,-0.0640853806611832,0.01469996851975988,-0.004141984690342637,0.021971372660906072,-0.00971007220189972,-0.03155002644321879
survivor_404_basin_411_candidate_1178_gencluster_1178_conf_023091_implicit_min,0.013224318092787742,0.011352625380671959,-0.041361168616222986,0.013545790164301906,-0.025053873302953663,-0.05033882290221175,0.025138459176880845,-0.00718532049758699,-0.002009965763570692,0.038252334456517115,0.004045710601654617,0.026485597797965294
survivor_405_basin_412_explore_r02_hit_0060_conf_019516_implicit_min,-0.002073905765878499,0.01650059424852436,-0.028608423063685353,0.019688691652017788,-0.019956933966106608,-0.029571610417339612,0.02914838606841576,0.00841494320327297,0.008435254689179507,0.01861516220048454,-0.016142269695761477,0.0034976396597541123
survivor_406_basin_413_explore_r02_hit_0070_conf_035148_implicit_min,0.012651647772998693,0.039728757923633,0.015693046934319783,-0.013350002738397265,0.01548721916553318,-0.008798529665793208,0.027084242826742114,0.011525777629889608,0.03292613091012268,-0.0024216339626557445,-0.006107119542788085,-0.02222127097936364
survivor_407_basin_414_candidate_2213_gencluster_124_conf_117589_implicit_min,0.041338509457044974,0.001837238220358574,0.012556056307751551,0.016485491445786996,-0.013168397695415767,0.008437942807614875,0.024786199332849073,0.010554705624318771,-0.032814209704436895,-0.020463478021929122,-0.012962691232510272,-0.0017690865316891808
survivor_408_basin_415_nma_bh_candidate_926_gencluster_926_conf_015915_implicit_min_hop_000_mode02_m0.75A_implicit_min,0.007470316858053585,-0.0004937433553928576,-0.0060174993414142215,0.035351768301381606,0.03242711388116954,0.017569730027760834,0.011141577263859594,-0.007626171811644568,-0.020662466730049508,0.00020724755983271938,-0.007876390838363327,0.030091814559132384
survivor_409_basin_416_candidate_907_gencluster_907_conf_003486_implicit_min,0.0025823768954594123,-0.04686255012796822,-0.026527285245850418,0.004228389774652388,0.0048125922705786715,-0.01057046757963769,0.015991446362664728,-0.01570200331758855,0.00598222336859983,0.014795678458584809,0.028265970296447163,0.002566883424202692
survivor_410_basin_417_nma_bh_candidate_1114_gencluster_1114_conf_035202_implicit_min_hop_003_mode02_p0.75A_implicit_min,0.008092883857376299,0.032905617482961544,0.016189007387420015,0.015206653682733296,-0.05924233024599339,0.019078041629351367,0.011194575409266414,0.021239563154824517,-0.009469762574880504,-0.018046257311555004,-0.03380983618904948,0.01805293934764387
survivor_411_basin_418_candidate_2206_gencluster_116_conf_166702_implicit_min,0.005164197038960954,0.016544862018499133,-0.03764673557843669,0.003823224682581603,-0.03159913116992288,-0.047818490955606564,0.02529124264023199,0.013377811889649276,-0.004393350520145641,0.019287630987488896,0.01734120834280533,0.020578699330822892
survivor_412_basin_419_nma_bh_candidate_1143_gencluster_1143_conf_019885_implicit_min_hop_003_mode01_p0.75A_implicit_min,-0.015183115244743552,0.0046146883028820055,0.012336370215000484,0.0012794785307963304,0.027789259826417063,0.0011431517936544083,-0.008979830586966013,-0.017908111985148974,0.0241206670235796,-0.006889130508459264,0.03099502269227638,-0.00592133506778058
survivor_413_basin_420_candidate_2175_gencluster_075_conf_061020_implicit_min,-0.00014942917180445746,0.04143288474310092,-0.00975568586989855,-0.020512649871379574,0.026109131004613165,0.008126874145555785,0.013153432057009978,0.003983479492680583,0.03630192416329066,-0.020724081389828848,-0.00028071097467277276,-0.00046965207788714957
survivor_414_basin_421_candidate_2751_gencluster_834_conf_178569_implicit_min,-0.01912001081040116,0.0021365050919302064,0.013744449890460803,-0.028691922754342413,0.01172692132679825,-0.00029340372540432246,-0.03272717319782099,-0.044336496457220514,-0.011587657292109562,0.01133568380674712,-0.0006843375113379987,-0.012603546525000156
survivor_415_basin_422_candidate_2293_gencluster_217_conf_180539_implicit_min,-0.03409882259833194,-0.02025888563867016,2.4690376172283606e-05,0.02616731466879665,0.014491695272593459,-0.04232174380781089,-0.06296956012662806,0.0015182655076246582,0.0022032070959155194,0.009657008147756123,-0.024622041141258797,0.0012417771456231994
survivor_416_basin_423_nma_bh_candidate_249_gencluster_249_conf_007818_implicit_min_hop_002_mode01_m1.35A_implicit_min,-0.011030998472245052,0.002191951849557357,0.019031023003142078,-0.04518351360359958,-0.019196748963296654,-0.01036844717379555,-0.0237462852625628,-0.010592818531949601,-0.002851233340261902,-0.018037819127301707,-0.04460280927073689,0.012021384051818825
survivor_417_basin_424_candidate_2187_gencluster_090_conf_120006_implicit_min,-0.04058256490070715,0.03752769218144098,0.008939516634066917,0.02287689918584812,-0.010458181444718764,0.005896207773914591,-0.04584522985453079,0.023062356421640548,0.013626595218441133,0.008674151198673239,0.016013185341239217,0.000758640973345414
survivor_418_basin_425_nma_bh_candidate_794_gencluster_794_conf_015756_implicit_min_hop_000_mode01_m0.75A_implicit_min,-0.006320682197608986,-0.014151162231003002,-0.00435678072824305,-0.0002744797177065612,0.06335142967054845,0.00526792699447692,-0.015535801471470483,-0.007723006777513547,0.007604895919873298,0.012392181635641855,0.0013910761235936839,0.008745116318793657
survivor_419_basin_426_candidate_945_gencluster_945_conf_141273_implicit_min,-0.01731997624943146,0.004373788804953137,0.05034753321344274,0.027952197611991646,-0.04771793684423739,-0.006612863000704441,0.003195195975827148,0.028345904076847724,0.02531502927668269,0.00659853931106701,-0.038794932083398626,0.03286095240768162
survivor_420_basin_428_nma_bh_candidate_541_gencluster_541_conf_145579_implicit_min_hop_001_mode01_m1.35A_implicit_min,-0.011730563236828652,0.02779261037682833,-0.00821970081115206,0.026185619636460707,0.022858900584611166,0.00794894715065943,0.0049416498481441445,-0.015592338629302418,0.02725449846099183,0.02941145472655507,0.023452548325852113,0.02047224069995695
survivor_421_basin_429_nma_bh_candidate_484_gencluster_484_conf_150688_implicit_min_hop_002_mode02_m0.75A_implicit_min,0.005109627426260138,0.036858894936695245,0.009610352346489751,0.0061581253740035,0.048700674398076474,-0.014426207500420177,0.015790500866473264,-0.03245545344862411,-0.017309135442616877,0.03291782188973663,0.021796100250781693,0.01936644888427057
survivor_422_basin_430_candidate_827_gencluster_827_conf_120272_implicit_min,-0.00784078526868392,0.007059554921254605,0.03247326325680362,0.0018701180865311868,-0.0015198440518112437,0.01490363353430714,-0.011094194361435139,-0.00287268875401441,-0.018680580033989685,-0.03330531106270678,0.006712929374638916,0.014901969729222527
survivor_423_basin_431_candidate_2833_gencluster_929_conf_136378_implicit_min,-0.005144923177641906,0.029076199285403028,0.015715579707836887,0.005035615690114471,0.00014560831060140425,-0.002338272878419463,0.00035737363085325675,0.04410851745596021,0.023487039469308506,0.00872410419875346,-0.007087587843969776,-0.013618091109590462
survivor_424_basin_432_candidate_200_gencluster_200_conf_010756_implicit_min,0.034413594428180684,-0.04832792646631132,0.01790444042007928,-0.02894647187045714,-0.018364114715409573,-0.002475314605694573,0.025022219450521493,-0.005388926080219256,-0.02846265212029284,0.0001316966330340677,-0.009733503513813706,-0.014329959962077954
survivor_425_basin_433_candidate_439_gencluster_439_conf_001393_implicit_min,0.004145910904217776,0.01717348991828075,0.005523413994669227,-0.04913125401486716,-0.0020304007187499414,-0.010745338727994866,-0.0016779417197820947,-0.044379790561844316,0.01472158296755127,-0.03540204912252627,-0.023806790276111774,0.007184635215336784
survivor_426_basin_434_candidate_400_gencluster_400_conf_101646_implicit_min,-0.019926880822085047,-0.030181900700623012,-0.057470899982057566,0.00045189656207375963,-0.018518563002895862,0.021118152131366662,0.013033890187551701,-0.02726055736967361,0.03425393463716501,0.0017398220127200655,0.023978127899721948,0.05321136529430295
survivor_427_basin_435_candidate_1844_gencluster_1844_conf_060663_implicit_min,-0.03584395217004803,-0.008555692167717746,-0.024800024989877597,-0.010655485906051159,-0.03826301142462798,0.03084832742696039,0.006983298281347592,0.007704380385428997,0.05164954977505624,-0.019571398368499797,0.032801858181255986,0.04963973227842786
survivor_428_basin_436_candidate_2077_gencluster_2077_conf_116678_implicit_min,0.017186239693452874,0.011182289720977704,0.0033555533604110307,0.003316122080133367,0.0031385941688050916,0.006609580484562535,0.011002592178039781,-0.014808928536616561,-0.022984161201245166,-0.01674649423756913,0.03540707699298861,0.001531081208169773
survivor_429_basin_437_candidate_1763_gencluster_1763_conf_170371_implicit_min,-0.007675996094341817,-0.04314513201577061,0.029015701837430068,-0.002432234847391583,0.00265419984429999,0.0474052353971879,0.02179868893242442,0.008342491783580729,0.013284921759241815,0.018871041736207586,0.012516134648939605,0.008396119449647325
survivor_430_basin_438_candidate_1953_gencluster_1953_conf_044733_implicit_min,-0.006166972886615939,-0.02118475828038737,-0.009720946642914868,0.0026208471613165764,-0.010305176610243964,0.02501766877563742,-0.015147505620907591,0.0005267841386575649,-9.561632762103611e-05,-0.0397974396773732,-0.016668103476614925,0.029613233859611645
survivor_431_basin_439_candidate_671_gencluster_671_conf_029751_implicit_min,-0.012978990149914868,0.021805897197354884,-0.023056027576452573,0.02131264861704682,-0.0443837440331329,-0.0063824693256934175,0.013205911660421182,0.03556804550686975,0.015394565810843973,0.015298514800033093,0.0228711177992233,0.02881001050189656
survivor_432_basin_440_explore_r01_hit_0067_conf_031923_implicit_min,0.023825153894241835,-0.04126479921032201,0.01928237781155711,-0.005546758908705743,-0.015473027822839564,-0.006596483035599681,0.028557000273244804,-0.0013999096908519336,-0.012043883070094557,0.012138961893893203,-0.020828628926732647,-0.013825540505485052
survivor_433_basin_441_nma_bh_candidate_2923_gencluster_1040_conf_172799_implicit_min_hop_003_mode01_p0.75A_implicit_min,0.014041678764584354,0.027229857061833784,0.018248731979007938,0.0025662805153825177,-0.0073603566216967,-0.012144104393688376,0.023024606367380778,-0.02043043158753732,-0.0008684599938347981,0.0019023611962988743,-0.03045412164122378,0.009610881893894155
survivor_434_basin_442_nma_bh_candidate_323_gencluster_323_conf_140845_implicit_min_hop_002_mode01_p1.35A_implicit_min,-0.00885277049894379,-0.006101043912216261,-0.014954943403303125,0.008665326243759095,-0.030870019501111724,-0.017581792426102884,0.02219621309566682,0.02239651681480008,-0.008128960077967175,0.03602372688619241,0.01104412442364224,-0.004355001414860522
survivor_435_basin_443_nma_bh_candidate_1549_gencluster_1549_conf_001708_implicit_min_hop_001_mode02_m0.75A_implicit_min,0.02416523450520324,-0.015961498377622008,-0.028626320255444447,0.026955421370968822,-0.026812699846339542,0.05095095078756683,0.011629078373867405,0.0024055869844803687,-0.023695442984126767,-0.051334663854466035,0.0010752508125936677,0.006359759775759485
survivor_436_basin_444_nma_bh_candidate_2967_gencluster_1102_conf_125121_implicit_min_hop_003_mode02_p1.35A_implicit_min,0.03137353686498481,0.011494974128890027,0.0012740731220098388,-0.007634873150850667,0.022832224589444287,0.01569880750404248,0.014373039123725126,-0.005195228402763951,0.028767548452167318,0.0017006960053957492,0.011172328228496453,-0.04458344203196225
survivor_437_basin_445_candidate_2944_gencluster_1068_conf_021036_implicit_min,0.009204697839038324,-0.04112192331612086,0.031230086899914414,0.030649827594858764,0.004101818417850551,-0.018921592156825193,0.023346399980342197,-0.008300177808847054,0.0010822063995755645,0.028046445766458438,-0.016483931948036646,0.015021491186466956
survivor_438_basin_446_nma_bh_candidate_1908_gencluster_1908_conf_138911_implicit_min_hop_001_mode02_p0.75A_implicit_min,-0.027957895873148054,0.022513273611042203,-0.01644795683096331,0.0207572940332678,0.022472119166910005,0.01841590162679942,-0.033547013547698123,0.00011776640471379276,-0.009892936837161073,0.02405838003623764,0.04079665726614075,-0.0016373732547082197
survivor_439_basin_447_nma_bh_candidate_2478_gencluster_456_conf_103120_implicit_min_hop_001_mode02_m1.35A_implicit_min,-0.04256370802475831,0.002360512589684307,0.013280783083791266,-0.01599337421355746,0.024965270715451078,0.03789221803579691,-0.017487170123025777,-0.0271312026596725,0.031345315987683205,0.0071323147287135884,0.051441152233209546,-0.0030191524556432677
survivor_440_basin_448_nma_bh_candidate_731_gencluster_731_conf_049995_implicit_min_hop_001_mode01_p0.75A_implicit_min,0.007727430544682576,0.016368246726397206,-0.008010306130984428,-0.022979145659172633,0.021770776183897462,0.008093001924731846,0.015553305029626421,-0.017620417798739737,0.03224271840915806,0.008799869388054759,-0.027511551837284223,-0.005362396479467521
survivor_441_basin_449_candidate_573_gencluster_573_conf_010954_implicit_min,0.012567381850404041,-0.02318656239771386,0.05183553605325697,0.013670887867180277,0.0022601993651655454,0.015028250131443424,0.010028553616031652,0.003933353722142072,-0.0090530115143129,0.013658856542135335,0.00893908423433072,0.006292610003765935
survivor_442_basin_450_nma_bh_candidate_2432_gencluster_394_conf_196710_implicit_min_hop_003_mode01_p0.75A_implicit_min,-0.01913747858602002,0.006151866630179718,-0.011183216288388708,-0.008396483151906012,0.011373688355715728,0.011918315860743526,-0.04217181260684476,-0.006621220317122655,-0.0026018866884677874,-0.0055856970880330805,0.029351846587127504,-0.03241383246720276
survivor_443_basin_451_explore_r04_hit_0016_conf_009847_implicit_min,-0.002715584998297892,-0.0239318321451793,0.014921446365131251,-0.0005936345595569121,-0.04146511224213839,-0.014062847303115732,0.02196030528507019,0.024660949245083608,0.015786033271550547,0.0305218596167713,0.007514112775792364,-0.0006048304565314257
survivor_444_basin_452_candidate_119_gencluster_119_conf_052453_implicit_min,0.005938431380984628,0.03066350048475257,0.00596926209878296,-0.021571229870392065,0.004895809959990597,0.020390621003356244,-0.001431378206569846,0.029172891790498843,0.019605492046847212,-0.023637628540438892,0.007558386840263345,-0.03388876796452251
survivor_445_basin_453_candidate_328_gencluster_328_conf_028276_implicit_min,-0.03446355382328701,-0.010017714594620869,0.026502049752904863,0.03285454550049147,-0.012953433070483043,-0.0194078331916863,-0.028646313089105736,0.00460969542155576,-0.007528091209467332,0.0010615559111045788,0.0034982119415188527,0.04221135376411034
survivor_446_basin_454_nma_bh_candidate_2364_gencluster_303_conf_151536_implicit_min_hop_000_mode02_m1.35A_implicit_min,-0.017050763527161283,0.010959190449009103,-0.011063673397255317,0.039307368383532784,0.025805300285772347,-0.01444145557842443,-0.020975084891939094,0.038343263400524304,-0.018788530524792447,0.01650680074533208,0.03334118981273486,0.02716669811622266
survivor_447_basin_455_candidate_1393_gencluster_1393_conf_147745_implicit_min,-0.01543227268606603,-0.02101138673807546,-0.050021140952541676,0.001433330845580312,-0.022754335162635538,-1.1865076762136517e-05,0.011516525789221934,-0.02803037178652196,0.027665155147228483,-0.0006757808578526153,0.014130569106649494,0.04469619591824831
survivor_448_basin_456_candidate_1556_gencluster_1556_conf_093970_implicit_min,-0.04494248288382936,-0.019615491266823767,0.0050704326584147886,0.0025067551543963224,0.018498017501119075,-0.0025604378097501806,-0.056286372276695244,0.02210645577193388,-0.0008869695679134699,0.026245912722441932,0.004515111849774289,-0.029559322747011892
survivor_449_basin_457_candidate_1055_gencluster_1055_conf_043001_implicit_min,0.005050009984304999,0.011614752293014398,-0.033922559234810655,-0.0035836945068244263,-0.021314672446713055,-0.05068483719330264,0.021522608696251614,0.001427942761594474,0.014712598417365745,0.023256598605422993,-0.0021655423898720555,0.02022777176429045
survivor_450_basin_458_explore_r03_hit_0074_conf_031381_implicit_min,0.014274093821441024,-0.02916175658543354,0.024152444715078953,0.011904751293598411,-0.008526103608048547,0.013945952211270688,0.028292081882588218,-0.02091422880434698,-0.017733435869021735,0.026480720392850758,-0.011964559498342811,0.012772726047819786
survivor_451_basin_459_nma_bh_candidate_1891_gencluster_1891_conf_036811_implicit_min_hop_000_mode02_m0.75A_implicit_min,0.04723870553054197,-0.007767039394844417,0.003158249703124378,0.0018170460015747682,-0.017172176016973593,0.017917767331980666,0.021364096681663877,-0.006342830032410439,-0.03935003948036598,-0.028815111796449366,0.0030635061386867254,-0.016768481380200633
survivor_452_basin_460_candidate_1237_gencluster_1237_conf_122228_implicit_min,0.023421886749647486,0.005205240007356077,-0.02588581318727826,0.036239892612623,-0.010869848819299734,-0.006671202258979754,0.010033302925614865,-0.006703366646438126,-0.033939940476518805,-0.030353278513281894,-0.0026026483403711535,0.030093343837196664
survivor_453_basin_461_candidate_2632_gencluster_677_conf_053922_implicit_min,-0.01047818497314511,0.007937319013306113,0.04220464939743954,0.0011731734348129756,-0.03905235648727277,0.0026399382134438807,-0.014911803936406542,0.023459680026139667,-0.0009118207424750581,-0.00678530161758747,-0.03624203758363605,0.013126021165653264
survivor_454_basin_462_nma_bh_candidate_2083_gencluster_2083_conf_036478_implicit_min_hop_002_mode02_p0.75A_implicit_min,-0.034562470919904734,-0.0085269706246259,0.013703963101162144,-0.0239270739345146,0.010525871798630017,-0.046398018393633146,-0.06566258418216867,-0.00537971753322435,-0.00456662437294191,0.020375679999755408,-0.04054157601618764,-0.005354504640131386
survivor_455_basin_463_candidate_2120_gencluster_011_conf_176874_implicit_min,0.054912530685737176,-0.010277594645348812,-0.0040574187265688365,0.01006082217124515,-0.0060708158905602985,0.007228873159180149,0.018763641325927748,-0.010878703825401199,-0.050885391706464986,-0.019570655526213378,-0.0026043234377569327,0.0033241139339637397
survivor_456_basin_464_nma_bh_candidate_1045_gencluster_1045_conf_012052_implicit_min_hop_002_mode01_m1.35A_implicit_min,-0.016746672653152064,0.039806112016348434,0.010893239185227478,0.019377726830609777,0.002794904382608953,-0.009440658676239905,-0.0069956638786425164,-0.010955490321542147,0.014591332597786591,0.03180961296062369,0.012197338775428931,0.018572181436787034
survivor_457_basin_465_candidate_2734_gencluster_813_conf_171932_implicit_min,-0.01198236227456601,0.03923207745690072,0.005743383867937148,0.009724987571020494,0.001200284112048053,-0.023676416802425944,-0.030123139316066902,-0.020012914784058245,-0.004576258605248416,-0.007519515491760227,0.022486889751026598,-4.0343060189504934e-05
survivor_458_basin_466_nma_bh_candidate_1006_gencluster_1006_conf_003848_implicit_min_hop_001_mode02_m0.75A_implicit_min,-0.0010229142802434025,-0.005958107287581952,-0.002342312612056567,-0.031137212793485292,-0.030184842226305162,0.007756878700412537,0.0034364959753830884,0.008646700564709807,0.0333201269211104,-0.03172120219164926,-0.01843515451831983,-0.023026144296882378
survivor_459_basin_467_nma_bh_candidate_369_gencluster_369_conf_030202_implicit_min_hop_002_mode02_p1.35A_implicit_min,-0.012481139321144242,0.011210182532276092,0.04094436534075083,-0.016313005665297402,0.032240861763960245,0.040887724227472694,0.01531520228720617,-0.025453019985963294,0.038319413959332284,-0.0005812035240887577,0.03259273561777942,-0.022126499885234612
survivor_460_basin_468_candidate_199_gencluster_199_conf_021991_implicit_min,-0.0038465441801126977,0.011378736169013318,-0.030602120055307606,0.012644627193801716,0.02130107043367143,-0.02030134436648533,-0.0299755888933162,0.0166620610325194,-0.013827348553726795,-0.012593467228844073,0.01322738911348149,-0.02054891509976126
survivor_461_basin_469_nma_bh_candidate_2101_gencluster_2101_conf_074791_implicit_min_hop_003_mode02_p1.35A_implicit_min,0.005292601110237665,0.04475272339978959,0.005110224071791529,-0.010523635414827174,-0.006725033282534234,0.0010144036172911053,-0.000511289071064282,0.0010595659996900763,0.016488105867291505,-0.006487804639370659,0.01814902025019388,0.0001596549500476501
survivor_462_basin_470_candidate_595_gencluster_595_conf_026162_implicit_min,0.04044043696588313,0.019397656976238548,0.01996415612985395,-0.013153474743469853,-0.01943801264200131,0.024292853222123087,0.009932898740685186,-0.0013195633846553659,-0.03323211079620618,-0.0490809235208172,0.008994693630994458,-0.0074197060322497696
survivor_463_basin_471_nma_bh_candidate_982_gencluster_982_conf_053435_implicit_min_hop_001_mode02_m0.75A_implicit_min,-0.015488503786996781,0.009593121878519077,0.035669929801671905,-0.04463319236640942,0.0058827054566059425,-0.009929765970765695,0.007400229934005105,0.012712577809693594,0.0014072919739554878,0.04564544213605524,-0.031216203698930925,0.003237982811625648
survivor_464_basin_472_nma_bh_candidate_2622_gencluster_663_conf_094041_implicit_min_hop_003_mode01_p0.75A_implicit_min,-0.03856109906028459,-0.013192072195757288,0.01745265937137842,0.0038061916123040473,-0.026146465969324795,0.029390977871216622,-0.04495719520844662,0.04157438024561804,0.007703636654664592,0.004674185742433841,-0.014484437081316602,-0.018622478648959842
survivor_465_basin_473_nma_bh_candidate_694_gencluster_694_conf_053743_implicit_min_hop_003_mode01_p1.35A_implicit_min,-0.03915884854926778,-0.00786122553159801,-0.03752593456647784,-0.009711909236053612,-0.02780713761586182,0.010375278593215506,-0.0004797814488036191,0.026012785688653124,0.0433054601748747,-0.007102819087402934,-0.005717359734354133,0.0387872205728734
survivor_466_basin_474_candidate_2737_gencluster_816_conf_139669_implicit_min,-0.0027630567920390796,-0.03526791868250639,-0.010984584602492466,-0.020720939844831362,0.027869744507114737,-0.030353320783757683,-0.032331702843981805,-0.017336168951519126,-0.014072434343610878,-0.012547683342188714,0.022307357098693473,-0.04257592426612159
survivor_467_basin_475_candidate_1652_gencluster_1652_conf_048439_implicit_min,0.0010577244341134868,0.017137194659794717,-0.02935910085058363,-0.0024634848029919023,-0.028001850136315117,0.029169645533672427,-0.015347519933474182,0.040125231289661785,-0.007523513988617949,-0.0419666379807789,-0.01548357960998194,0.0016089243459920404
survivor_468_basin_476_nma_bh_candidate_2492_gencluster_473_conf_171315_implicit_min_hop_002_mode01_p0.75A_implicit_min,0.03863927463864953,0.01220356426010962,-0.012097522104329959,0.019116725288706164,-0.027744618987443563,0.02076385965748393,0.008432420034123035,-0.015395654689209498,-0.042406701643342544,-0.03681806926808438,-0.0072512090391128325,0.005903013208069752
survivor_469_basin_477_nma_bh_candidate_2328_gencluster_260_conf_086582_implicit_min_hop_003_mode01_m1.35A_implicit_min,0.018979980919869306,0.022824402720302634,0.00676103697158858,0.03769705246154577,-0.04044222120155531,0.013791815559746522,0.020283212160185523,0.03026697974649221,-0.018657378489439057,-0.01946845766535678,0.002597352048909569,0.030627007249750315
survivor_470_basin_478_candidate_2121_gencluster_013_conf_154458_implicit_min,-0.0507460346387354,0.0012568737711218026,0.0005029125285292394,-0.02652361522324509,-0.025771947771482947,-0.007435976428467895,-0.03367865355508081,-0.017873750643382015,0.04146189031292069,-0.004306894161185605,0.0033436661778474108,0.020094457671863096
survivor_471_basin_479_candidate_1783_gencluster_1783_conf_052416_implicit_min,0.007386059963531271,-0.04250410327777274,-0.03807956147125547,-0.011068937331090278,-0.008859981581112857,0.018219856401622946,-0.005514651954385494,-0.004515082943660514,-0.004534443161387123,-0.05281400791209566,-0.02241308291520977,0.016034388418626783
survivor_472_basin_480_nma_bh_candidate_1920_gencluster_1920_conf_068917_implicit_min_hop_003_mode02_p1.35A_implicit_min,0.019846975059258944,-0.03385621371137017,0.016595367404164698,-0.010932656718076401,-0.0311580621078147,-0.01197714113323805,0.030663539165295017,0.010466128024161416,0.005074078647883241,-0.00012838388483045858,-0.03699483073530946,-0.008867111242308972
survivor_473_basin_481_nma_bh_candidate_1519_gencluster_1519_conf_015687_implicit_min_hop_000_mode01_m1.35A_implicit_min,0.03403391683416196,-0.016793192018470675,0.0026256598807944845,0.03279031264807049,0.016922463245527996,0.007967511641115825,0.02055677212782506,-0.005272025126816527,-0.025962157136060114,0.020854991027189403,-0.002507930880735002,0.0187040819108864
survivor_474_basin_482_candidate_2103_gencluster_2103_conf_046054_implicit_min,0.013501657770134427,0.006852341534775199,-0.004338561970880042,-0.024103781096675807,0.0372407242339691,0.04324014100066922,0.01931214605270213,-0.001424291479900405,0.039469459172751166,-0.014240940017040219,0.02023655973079021,-0.03341321549903132
survivor_475_basin_483_candidate_035_gencluster_035_conf_139031_implicit_min,0.004365106128674162,0.03141865843751326,0.04439966941213846,0.00585009612773838,0.01731952057175267,0.001800270185604086,0.01579186633610545,0.02401059906044162,0.012888530630786479,0.02628647536147035,0.021650023656235775,-0.040652961440011
survivor_476_basin_484_candidate_108_gencluster_108_conf_057551_implicit_min,0.011471619404621438,0.027931963169212426,0.050107272369968495,0.016778047361116634,0.0065918522165961104,0.034215597251091724,0.021919038717019067,-0.0025382646343704582,-0.0004694348657124521,0.027395774718034217,0.011421822531446085,-0.006877367547396645
survivor_477_basin_485_candidate_2779_gencluster_868_conf_171044_implicit_min,0.00799604048051036,-0.022415140844942956,-0.0017887393358032916,-0.050113693035530434,0.048654751057815714,0.015681028876329065,0.02153501582830344,-0.04116572508027244,0.014743232830029162,-0.005015923818392241,0.005716909221547851,-0.031134424163076307
survivor_478_basin_486_candidate_1084_gencluster_1084_conf_027507_implicit_min,-0.004845803681037883,-0.014396777885819806,-0.052993249490774635,0.03790020595874351,0.008820006405396257,-0.007714992755444275,0.011961558353878687,0.02783203223930712,-0.009607962184671602,0.010854280002583504,0.03689565411468349,0.030677388958729783
survivor_479_basin_487_candidate_584_gencluster_584_conf_030869_implicit_min,0.012122293942404445,-0.013879236557898638,0.003013660604938486,-0.01622959930427984,-0.013373177598794923,0.0023866839338071415,0.0033282116741590044,-0.02367895863187656,0.015077862452275024,0.0006037644365907792,-0.005983251639337251,-0.026172002068476318
survivor_480_basin_488_candidate_016_gencluster_016_conf_039812_implicit_min,-0.012775567663230568,0.026660609951646923,0.01621978963811945,0.025444660977476444,0.0033265902735534194,0.03923007349432566,-0.0030375074782559826,0.021771677155494426,0.016018731102081754,-0.019357497145421686,0.03381187757770191,0.027797904062608327
survivor_481_basin_489_candidate_2000_gencluster_2000_conf_024825_implicit_min,-0.03708236165589944,0.00194012178653747,0.018786892395385373,-0.0085069718743624,0.03716936775903197,0.011104525904772752,-0.017083395498283777,-0.03232132253682954,0.04119353131241843,-0.005895986072095958,0.045783298143787336,-0.001202514790911162
survivor_482_basin_490_explore_r01_hit_0044_conf_021464_implicit_min,0.004577095627446605,0.008782272831770549,-0.01163515268095585,0.020210793851889095,-0.02975367867426059,-0.021636011112738184,0.02029845128142484,0.02223452741681029,0.011123235883254335,0.02143661995958126,0.01648132356768286,0.014488060508415631
survivor_483_basin_491_nma_bh_candidate_1088_gencluster_1088_conf_064565_implicit_min_hop_003_mode01_p1.35A_implicit_min,-0.04187055627893147,0.006272425150357127,-0.016109075520984544,-0.026330719048401334,0.0226410598121882,0.004527760301699659,-0.008541390138069122,-0.050574362443267,0.034343929269355,0.005557126675335433,0.022942129455614326,0.029671285652308126
survivor_484_basin_492_candidate_2165_gencluster_064_conf_056148_implicit_min,0.002000469240782055,-0.024218684268337613,-0.009061174383568973,-0.013613779536567856,-0.010646859700803788,0.02680817304171097,-0.001995220919434138,0.022922035947340023,-0.003321975709144242,-0.008072282051300969,-0.009885625365561257,-0.0073473079944034615
survivor_485_basin_493_candidate_1797_gencluster_1797_conf_046332_implicit_min,0.005033112174489491,-0.041760870479237495,-0.009626307875631242,-0.04296736815601763,0.01557948755368394,0.04572598921149155,0.017070767554633798,-0.02205475477030283,0.02288753623199559,-0.028084273347430466,0.0042208554362875616,-0.02456143369045637
survivor_486_basin_494_candidate_878_gencluster_878_conf_007081_implicit_min,0.03563532459398662,-0.014698283498710487,-0.02061778447243715,0.004222778041999465,0.004097822409538359,-0.005244660636285234,0.00721302718354502,0.02380339869276393,-0.03335873008106989,-0.03183394696616285,-0.01868261847660627,-0.003713208249969331
survivor_487_basin_495_nma_bh_candidate_2967_gencluster_1102_conf_125121_implicit_min_hop_003_mode02_p0.75A_implicit_min,0.032370013133432476,0.014063516024334777,0.011761986443083126,4.178478030314044e-05,0.024409688719572026,0.017986739430462945,0.016244337497868043,0.00016222652911015384,0.024994392512223892,0.0015639219329025358,0.00836203666564712,-0.03759744017993227
survivor_488_basin_496_candidate_1395_gencluster_1395_conf_008284_implicit_min,-0.04000234750569642,0.031874348933528265,-0.026698907989778687,-0.012210776406355978,-0.019901249983568115,0.002638150020583887,-0.03415619485829529,0.01609785702862813,0.03478441828739061,-0.013759699494025114,0.016402497911278673,-0.006204129571738161
survivor_489_basin_497_nma_bh_candidate_2028_gencluster_2028_conf_133119_implicit_min_hop_003_mode01_m1.35A_implicit_min,0.013947697269533979,0.0039880738241735054,-0.025480832462577777,-0.0038313320169959765,0.027974238170518265,-0.039970469537990806,-0.01194791999589355,-0.028654251000994918,-0.01766505137793923,-0.002970079993626701,0.02556279381741069,-0.021736292508249547
survivor_490_basin_498_explore_r02_hit_0020_conf_040043_implicit_min,-0.022860663270772977,-0.023731930729234293,-0.04451092728078647,-0.02687693460656692,0.03847985935878489,0.005603932826112792,-0.004501751304256595,-0.06333020807970907,0.016791136290689998,0.0012907682273339013,-0.0008480281160239269,0.0020378734076803838
survivor_491_basin_499_candidate_891_gencluster_891_conf_028072_implicit_min,0.02035428422042758,0.029051912151048995,-0.016677915438259465,-0.009869600926144598,-0.011919720284503258,-0.053642052790171875,0.014853940317896323,-0.029850930145770463,0.0020298636836793066,0.023076510132716537,-0.02700109540894948,-0.0009157323990092088
survivor_492_basin_500_nma_bh_candidate_926_gencluster_926_conf_015915_implicit_min_hop_002_mode01_m1.35A_implicit_min,-0.0027584484811349155,-0.007517544666631967,-0.0140960877173113,0.026927931805709366,0.029032499381106844,0.0068003640403921225,0.0068395656675956555,-0.01061679308012835,-0.017300777551064843,-0.006374820849601409,0.005642904902578393,0.03225828913964976
survivor_493_basin_501_candidate_332_gencluster_332_conf_021566_implicit_min,-0.055854947583160196,0.014552067605765906,-0.002346186794248192,-0.009370352391636685,-0.01934741987027233,0.012121786384616381,-0.06572870083961208,0.018454890372576995,0.009794166247395437,0.00039446088933308375,-0.024794264297888294,-0.001039200413472833
survivor_494_basin_503_nma_bh_candidate_541_gencluster_541_conf_145579_implicit_min_hop_003_mode02_m0.75A_implicit_min,-0.010508536928396648,0.01034803555046242,-0.0252059309460029,0.021665243907224813,0.03826570344919523,-0.004912776239175244,-0.004256204570166503,-0.02194678639112532,-0.0012713028608341821,0.03503395913004163,0.015512669546546462,0.0036906416498765342
survivor_495_basin_504_nma_bh_candidate_541_gencluster_541_conf_145579_implicit_min_hop_001_mode02_p0.75A_implicit_min,-0.011959463181359903,0.026842374709705717,-0.0118162287667346,0.027771952641913237,0.027529810102577552,0.006927382639485371,0.0032842815709396658,-0.02160823540087541,0.029237705270487364,0.02801097012792782,0.021785769362772267,0.01969716889554707
survivor_496_basin_505_explore_r01_hit_0072_conf_048312_implicit_min,-0.019109644366379665,0.0044589293801341676,0.037075976895955334,0.0019326691187545077,0.0333527140119708,-0.00107326297161596,0.012712823516964398,0.03398204187479212,0.02346854356759358,0.01061242036010668,0.007088585095383396,-0.0013040704698665257
survivor_497_basin_506_explore_r01_hit_0052_conf_003482_implicit_min,-0.02228276613246474,0.007481046812087177,-0.0021364276015861552,-0.01887078142571874,-0.005734269506075594,-0.020946711877734954,-0.013879065189478216,-0.05615080293478343,0.015876869620956753,-0.015724504317408804,0.02356836109276006,0.018303845920263573
survivor_498_basin_507_candidate_2272_gencluster_192_conf_080922_implicit_min,0.01874264906806896,0.024086738049860383,0.0043234158347142245,0.01627696414585082,0.0201258652192859,-0.007908247777233349,0.002762964114871997,-0.002754449719419908,-0.01560744692353081,0.021304829434032873,0.006908486293235929,-0.016158849834214593
survivor_499_basin_508_nma_bh_candidate_1714_gencluster_1714_conf_011260_implicit_min_hop_003_mode01_m0.75A_implicit_min,0.04316719944863972,0.018075158702058402,-0.003236436668219197,-0.01784496827257225,0.017108088060448907,0.008994857559889536,0.015163958626558999,-0.007902796452590122,-0.021588018636742402,-0.019111642977104507,0.011492589482868711,-0.036837551572192644
survivor_500_basin_509_candidate_1171_gencluster_1171_conf_021960_implicit_min,0.01849316443774975,0.0473314142843387,0.03109900582281146,-0.01681452731526769,0.0051972294142160844,0.0011153890250350876,0.021573823245492497,0.005405972491506154,0.025789446928550713,0.0007713817332635013,0.0005299264181627049,-0.0268899206161864
survivor_501_basin_510_candidate_1269_gencluster_1269_conf_060972_implicit_min,-0.04426466314974093,-0.009308320428208085,-0.004968789846848934,0.013484816811276274,-0.0047543193549807235,0.030673834867960027,-0.028321824191544814,0.0017302433249443982,0.0029439879601772952,-0.01502048056354249,0.015104976178064297,0.051436615688822046
survivor_502_basin_511_candidate_2391_gencluster_343_conf_057803_implicit_min,0.008837070460259954,0.010388889221327033,0.00681613588061045,0.06090240504019301,-0.030223833283268393,-0.019277796743597083,0.00441421311639031,0.03117055310389771,-0.029707725773013265,0.00788551815061738,-0.028848033603302202,0.02426224251399714
survivor_503_basin_512_candidate_281_gencluster_281_conf_003810_implicit_min,-0.020551462562869688,-0.019543392282889982,-0.025746991802873036,0.0049541274928940025,-0.010184543069814814,-0.004519369389064821,-0.0011892650381943358,-0.0195907835636712,0.038235968099157996,-0.02196191427321139,0.03128875716493339,0.04119811006917492
survivor_504_basin_513_nma_bh_candidate_1908_gencluster_1908_conf_138911_implicit_min_hop_002_mode02_m1.35A_implicit_min,-0.034883715479401244,0.03288562415058917,-0.017767154780562882,0.0033860878107166074,0.013674739304969194,0.029945815792657916,-0.038030322717193636,-0.024287403178142406,0.011590010015984907,-0.00832102311940728,0.033565052199284885,0.0002779434257488925
survivor_505_basin_514_nma_bh_candidate_416_gencluster_416_conf_072635_implicit_min_hop_001_mode01_m0.75A_implicit_min,0.03843276443985565,0.001974866663464444,-0.019160566557183973,-0.023359929242223767,0.04880696879525797,-0.005974169863181005,0.02182616545763169,-0.0008988259678141153,0.023570401202179816,-0.006498799138960365,0.003428160679752657,-0.0446521571195926
survivor_506_basin_515_candidate_310_gencluster_310_conf_134529_implicit_min,0.006545422384663076,0.03820091695771656,0.011320999533524116,-0.014294052093852726,-0.010428383651583736,0.0028281283994585193,0.03159874721912893,0.006145981972669885,0.0033258656432200444,0.021065044312729306,-0.02923612258946205,0.018529975672743736
survivor_507_basin_516_nma_bh_candidate_2779_gencluster_868_conf_171044_implicit_min_hop_003_mode02_p1.35A_implicit_min,0.015259843628808395,-0.021249946589810095,-0.0029101559175283473,-0.04042687630217129,0.047544433534006995,0.007630519836722241,0.017808358677082234,-0.03322113806671858,0.008174901818605654,-0.01376069652343188,-0.011244221380630347,-0.029147116919798523
survivor_508_basin_518_nma_bh_candidate_2328_gencluster_260_conf_086582_implicit_min_hop_001_mode02_p1.35A_implicit_min,0.024934496488129433,0.021599152602619447,0.0038491490161033405,0.006802563294796593,-0.03352205884028086,0.008801797042922251,0.012211931144543794,0.03278921117562778,-0.01786003244584976,-0.03644571566268036,-0.0039407874786339175,0.023190206631507483
survivor_509_basin_519_nma_bh_candidate_659_gencluster_659_conf_039862_implicit_min_hop_001_mode01_m1.35A_implicit_min,-0.0003239952362343996,0.03654366051292838,-0.000958577238298295,-0.00826623504607791,-0.00461778445606292,-0.02736291269512668,0.016045260545182086,-0.005424991520624116,0.00011528873315954647,0.03535591333639366,-0.03365076601276528,-0.003493194478023225
survivor_510_basin_520_candidate_2796_gencluster_888_conf_074147_implicit_min,0.0007213524829344553,0.010108324324556809,-0.016418984369726778,0.0009612277609195957,0.03871155804194664,0.043855208726843106,0.015571645246947312,-0.002558374523120568,0.007909487424993186,0.005735146599335254,0.008347753525542923,0.011601100715588822
survivor_511_basin_521_nma_bh_candidate_366_gencluster_366_conf_085244_implicit_min_hop_001_mode01_m1.35A_implicit_min,-0.03659762217972372,0.027530903240014053,-0.015826849983423676,0.009587159107281685,0.0040082067550301055,0.007201679317592832,-0.010921050865636614,0.026533161685422708,0.013644704458276447,0.02759318197621239,0.01484923939723432,0.03470510773292075
survivor_512_basin_522_candidate_1506_gencluster_1506_conf_003820_implicit_min,-0.008362785175461405,-0.005190604255270671,-0.038956560834230804,-0.007781197006066494,0.0254004960968063,0.003906003265662422,-0.015559584477566713,-0.04966006186569787,0.00473066886487279,0.0019990315433189975,0.03374024641817041,-0.009349779568516407
survivor_513_basin_523_explore_r01_hit_0016_conf_013420_implicit_min,0.031452319443934444,-0.007337822529256919,-0.006944109548976849,0.027988395481683824,-0.002505282185104501,-0.029525496902994972,0.03244515557985498,0.00903318527395817,-0.016694513078531866,0.03030588624369927,-0.032519275153528995,0.00677398495749438
survivor_514_basin_524_nma_bh_candidate_2622_gencluster_663_conf_094041_implicit_min_hop_001_mode01_m1.35A_implicit_min,-0.015230831229759875,0.010991074825396869,0.021330590051206015,0.015557579139465389,-0.020455417747771924,0.019447536315246882,-0.0362700270155313,0.036625083145608923,-0.002379989487114681,-0.004291026189544385,-0.033732155193754595,-0.008326036657322861
survivor_515_basin_525_candidate_2320_gencluster_248_conf_176560_implicit_min,0.036269692925580146,-0.031314631305749845,0.01179258297618184,-0.03452632461136727,0.023792203060779744,-0.016266125440589026,0.004899186956273465,-0.026282149426679013,-0.015012598027617102,-0.027248718221553565,-0.006975604702785355,-0.03811542853503092
survivor_516_basin_526_nma_bh_candidate_926_gencluster_926_conf_015915_implicit_min_hop_001_mode01_m0.75A_implicit_min,0.007489741062633334,-0.0014446241683262978,-0.006422159360690101,0.033355439103136146,0.0255171812916429,0.019082544146515105,0.00926883962204199,0.00048649824893914136,-0.024522080953266946,-0.0032307452563588267,-0.006573599712489565,0.027520601065274385
survivor_517_basin_527_candidate_074_gencluster_074_conf_081671_implicit_min,-0.02392578646253779,-0.03936722708884489,-0.009652937923839922,-0.01997770709957359,-0.00030154577858213053,0.031401863583372956,0.0063300229250843375,-0.0057653091538444915,0.015372200073581565,0.003236416466188262,0.044827004870635734,0.00297060255082235
survivor_518_basin_528_nma_bh_candidate_1143_gencluster_1143_conf_019885_implicit_min_hop_002_mode01_p0.75A_implicit_min,0.008622196750415199,0.013085671270352423,0.002656809141405586,0.007636589793229178,0.016643190394800347,0.018750749299270814,0.0026600130275960584,0.010343916402564768,0.008195690371692495,-0.019169640335462444,0.015700215315803314,-0.027678774840419054
survivor_519_basin_529_nma_bh_candidate_541_gencluster_541_conf_145579_implicit_min_hop_002_mode02_p1.35A_implicit_min,-0.018236728659341474,0.02919019791105104,-0.019110293079261393,0.020069064409261046,0.03473316846340516,0.005161452832419086,0.0019079516468966764,-0.013846454733966508,0.012731920116088397,0.04231167943925598,0.02176961376534798,0.0184648354652717
survivor_520_basin_530_nma_bh_candidate_706_gencluster_706_conf_010197_implicit_min_hop_002_mode01_m1.35A_implicit_min,-0.008457113284063867,0.004693876817158206,-0.022923469390319348,0.020573687515778264,0.02070190778340768,-0.013498287445464266,0.0010324944853319408,-0.0174176196665633,-0.03952540643657528,0.015880527179250266,0.025655155436876603,0.02902816149196225
survivor_521_basin_531_nma_bh_candidate_858_gencluster_858_conf_004120_implicit_min_hop_003_mode02_p1.35A_implicit_min,-0.012530099037084227,0.02946807708819226,0.023429237186508318,-0.008074880780783734,0.04097976328726496,0.016523390710753687,0.0017209536983372612,0.021669757846460254,-0.024176384221251828,-0.004922123438895931,0.0381879092252245,-0.022115464393743966
survivor_522_basin_532_candidate_1749_gencluster_1749_conf_002336_implicit_min,0.023935270882684608,-0.039293415400889514,-0.007046708003650182,-0.008445636112528389,-0.009400547110772144,0.018574658140145948,0.03199311540726244,0.007882230562355782,-0.0032507880542271416,-0.024888574402459052,-0.01468697013288261,-0.014175053595944138
survivor_523_basin_533_candidate_1195_gencluster_1195_conf_048833_implicit_min,-0.014519927317176436,-0.03308172499730417,0.027075190364520423,0.00963152413619791,0.02850573709179221,0.013002135485695638,0.006458031696044156,-0.03788153778491802,0.023358615629161087,0.025904664091086365,0.01638563018805111,-0.006858205240796614
survivor_524_basin_534_candidate_1189_gencluster_1189_conf_010989_implicit_min,0.0007430557389700585,-0.03614863523840434,-0.02914787755697762,0.0041197753818176435,-0.03067274682955135,0.03752863327614472,0.02495712059289947,-0.007938633247561595,-0.018791734586371865,-0.026836094028715233,-0.008996030890106716,0.012828974203212726
survivor_525_basin_535_candidate_326_gencluster_326_conf_017130_implicit_min,0.006936185584923257,-0.017751792840945076,0.02377119269297213,-0.03170342054934748,0.039921088238546,-0.012174790753964184,0.01794783806603254,-0.005508627040693851,-0.024985375772858066,-0.015352788907825302,-0.02871962427547918,-0.02592821786036998
survivor_526_basin_536_candidate_600_gencluster_600_conf_000902_implicit_min,0.02518957051348537,-0.015733568552331923,-0.03218246873933251,0.009087721345267306,0.020258331399990094,0.007782852996780478,0.01035751855086533,0.019019011328765833,-0.002908009102397899,0.004021233319491919,0.02657488546770703,0.008220606837575185
survivor_527_basin_537_nma_bh_candidate_082_gencluster_082_conf_089503_implicit_min_hop_003_mode01_m0.75A_implicit_min,0.0038641807201288607,-0.003924943807514028,-0.043640572029633645,0.029877125042569994,-0.007043275062070478,0.004261849236547094,-0.004895352110666096,0.05104624387981307,-0.013471283969358098,-0.008259934630625238,-0.009621999309553549,0.005971543532351731
survivor_528_basin_538_candidate_2995_gencluster_1131_conf_051347_implicit_min,-0.04118982555009009,-0.0252221828486822,0.014822958997076701,-0.02216784684884743,0.022797521946540285,0.008105651084156326,-0.058147249254793615,0.017165749997668314,0.002593515698515286,0.007854280124196611,-0.015324238741770104,-0.03427350548470646
survivor_529_basin_539_nma_bh_candidate_2684_gencluster_753_conf_185631_implicit_min_hop_003_mode02_p0.75A_implicit_min,0.005934827260748605,-0.010788756135081371,-0.016827214217927773,0.008047945180920939,0.0106081658138494,0.016272827301534027,0.0015616411152516276,-0.011938166594625464,-0.011079726293563276,0.030729372492460407,-0.045759414291214405,0.023668798181411998
survivor_530_basin_540_explore_r02_hit_0084_conf_029165_implicit_min,0.02813301053713148,0.020799756685064643,-0.027973826108835174,-0.01452659716473874,-4.579842692816694e-05,-0.015161955999591121,0.02731131014770676,-0.007106352803388282,0.021035436441460064,-0.011909532931758816,-0.005829980355138106,-0.007284513244475737
survivor_531_basin_541_candidate_2670_gencluster_732_conf_107280_implicit_min,-0.021403774735173377,0.008974651669226568,-0.01765997722521324,0.04868423970620184,0.023127886600464796,-0.0065267114903429305,-0.030217625264586895,-0.0022238750197845045,-0.00577012731046976,0.024570597379694196,0.026242571270458783,0.0024826441212149114
survivor_532_basin_542_candidate_209_gencluster_209_conf_029841_implicit_min,0.011171808466210378,-0.009396738338115301,0.03995275544379229,0.02727470824002432,-0.0005261093587862257,0.028394582285711973,0.01434178703611729,0.003290801949043206,-6.656789643188605e-05,0.01717640054827954,-0.007708598750474355,0.020740086541768836
survivor_533_basin_543_nma_bh_candidate_375_gencluster_375_conf_010225_implicit_min_hop_000_mode02_p1.35A_implicit_min,0.03649264125137412,-0.04721473796843205,0.02081297680590265,-0.02047523312940456,-0.012813508841312462,0.0001957106621480919,0.023394517809741767,-0.007499810825556616,-0.02662147110131289,-0.01037542686124721,-0.011427936458909186,-0.019907945855496153
survivor_534_basin_544_nma_bh_candidate_1992_gencluster_1992_conf_005930_implicit_min_hop_003_mode01_p1.35A_implicit_min,0.03072716648020335,0.001377600074110887,-0.004348079738857593,-0.0123214795369335,0.018435574351747426,0.012790796690140155,0.01362619681763218,-0.025560624100091047,-0.041506769623876075,-0.00853271567561511,0.01365327639811578,0.01164619093746807
survivor_535_basin_545_candidate_1483_gencluster_1483_conf_140688_implicit_min,-0.019295879484835885,0.006011737934596285,-0.016511546318468764,-0.037453303476528095,-0.007457253718770276,0.04083516528900277,-0.015493822458804672,-0.017925015695827405,0.025372317298481363,-0.057957322484797354,0.0011603215034665874,0.007924801484903737
survivor_536_basin_546_nma_bh_candidate_1519_gencluster_1519_conf_015687_implicit_min_hop_001_mode02_p0.75A_implicit_min,0.03690293614651519,-0.010127433905002502,0.007241214435143057,0.036677683774518625,0.013332042815975846,0.002573645401233077,0.023479822058266556,-0.019877470988946915,-0.023319702208854917,0.02223865934028496,-0.006359368643498042,0.02296618075767136
survivor_537_basin_547_nma_bh_candidate_2867_gencluster_973_conf_126544_implicit_min_hop_003_mode02_m0.75A_implicit_min,0.018502560100705584,0.004364380936172914,-0.040319554179146795,0.02029601231412258,-0.03588014403851758,0.013943916379965521,0.009203180334138318,0.022288361038681256,-0.03745838946473951,-0.03136470237182328,0.013670254361838665,0.01756476535843628
survivor_538_basin_548_nma_bh_candidate_1891_gencluster_1891_conf_036811_implicit_min_hop_001_mode01_p1.35A_implicit_min,0.04739384091470273,0.004697633424670095,-0.01277459758201783,-0.006099409531553741,-0.0030550642740919502,-0.003644568321387129,-0.0018056438849094179,-0.012761662502184287,-0.03876469552344376,-0.03398128590392084,-0.01084615750662456,-0.008200571464069127
survivor_539_basin_549_candidate_2386_gencluster_338_conf_047119_implicit_min,0.033367449990796216,-0.005849504774497252,-0.007651949580971505,-0.02204705209825724,0.029459886741256328,-0.02261939323208008,-0.006577581946195389,-0.024107890989978596,-0.03451122043227758,-0.009508206423181093,0.0009622788590140561,-0.04105092417969647
survivor_540_basin_550_explore_r02_hit_0083_conf_024965_implicit_min,0.0339639382239318,-0.0038629400628178083,0.03310401510698191,0.03039417067510773,0.04228157774966064,-0.011412369923611783,0.02252930039440413,-0.016561688671709686,-0.01935537228850343,0.04357969534094235,0.006507691769442658,-0.025338333271823155
survivor_541_basin_551_explore_r02_hit_0080_conf_038559_implicit_min,-0.003622688412640744,-0.04157346826852161,0.009654988782109587,0.017202892594774123,0.002281681937063564,0.006105828974852186,0.021781955092170395,0.03423295314073448,0.010091509263577153,0.02593359187709916,-0.006012071959561086,0.011094558629161592
survivor_542_basin_552_candidate_2576_gencluster_597_conf_131808_implicit_min,0.026370827342250845,-0.017217193552785837,-0.03631115989439193,0.003019914023728342,0.019184370213747182,0.013787846693877304,0.014148695954497508,0.010841742618880773,-0.029475790732953037,-0.01761640515636732,0.03902544558852683,-0.0013653833092142154
survivor_543_basin_553_nma_bh_candidate_2083_gencluster_2083_conf_036478_implicit_min_hop_001_mode01_m0.75A_implicit_min,-0.03333752317146624,-0.003986437243490526,0.00866770376414108,0.019871447404102724,-0.0027642780175213427,-0.039988323346002434,-0.06562789229307261,-0.006468467269940358,-0.002890745802773267,0.0066707084989290205,-0.03231887410819137,-0.00793694554226373
survivor_544_basin_554_nma_bh_candidate_694_gencluster_694_conf_053743_implicit_min_hop_003_mode02_m0.75A_implicit_min,-0.03340472265816773,-0.01760154234170512,-0.04528773529702552,-0.00459176903945065,-0.03709443827191553,0.0011280337031163283,0.0006638247831975504,0.02228222594851588,0.04202765809122892,-0.004827423657516829,-0.012997751866898938,0.03286353411893876
survivor_545_basin_555_nma_bh_candidate_1114_gencluster_1114_conf_035202_implicit_min_hop_001_mode01_p1.35A_implicit_min,0.0019359952530043135,0.027899510765041362,0.003207162421979697,-0.000900006056705233,-0.023050323670539583,0.01342174855462586,0.01819848182205716,0.004182711769190214,-0.010466258834919681,0.009152013902377161,-0.01947559492814017,0.024758702291118425
survivor_546_basin_556_candidate_1341_gencluster_1341_conf_101883_implicit_min,-0.01366925091381943,0.035294697403164974,-0.013451885145010892,-0.020505004032558786,-0.02844505588388049,0.03281952231410853,0.007562711578738594,0.03348665318101857,0.058083078154911344,-0.01653718134462819,0.0013289244008644868,-0.009530371311450436
survivor_547_basin_557_candidate_464_gencluster_464_conf_012864_implicit_min,-0.0014922282515804131,-0.04364990199378678,0.025840566241911497,0.010264669141448262,0.007103453425105537,-0.00045325862587968055,-0.004819753037812775,0.04259381418430847,0.009217061157367975,0.015632464362502766,-0.003814111083758371,-0.014494143560434408
survivor_548_basin_558_candidate_1216_gencluster_1216_conf_059658_implicit_min,-0.015935359373902103,-0.00676823829968441,0.014998218581277825,-0.031361243700855454,-0.042178330542682586,-0.019295890039571783,0.017224402945206874,-0.01980309069667666,0.036211117000414864,0.01494321419376452,-0.010362688467617058,0.04217914588261729
survivor_549_basin_559_nma_bh_candidate_2149_gencluster_045_conf_000812_implicit_min_hop_003_mode02_m0.75A_implicit_min,-0.0018643299722919267,0.011805935277252011,-0.012371927704930607,0.04821921678952481,0.01588194168278009,-0.034436014911757254,0.0012014123877752156,0.022603536626376996,-0.018274931455317053,0.022533947535800222,0.03318880671742256,0.01834244387463794
survivor_550_basin_560_nma_bh_candidate_1045_gencluster_1045_conf_012052_implicit_min_hop_001_mode02_p0.75A_implicit_min,-0.027245384802701025,0.05101746150728435,0.005375151937617159,-0.003456842910320397,-0.012002169870570593,-0.008839096163209008,-0.0009136479148711008,0.008805355041514145,0.010142482835731933,0.03454539631814615,0.001092750193909973,0.00022063176190151732
survivor_551_basin_561_nma_bh_candidate_1614_gencluster_1614_conf_058900_implicit_min_hop_003_mode02_m1.35A_implicit_min,0.018057806342361406,0.015525516955570922,0.0211665849979123,0.032538458112474584,-0.01877463228305091,0.028330781119104295,0.020206960387885962,0.01229735362241047,-0.0325011947235737,-0.005811339863132121,0.006525728164364765,0.03247386117360964
survivor_552_basin_562_nma_bh_candidate_2867_gencluster_973_conf_126544_implicit_min_hop_003_mode01_p1.35A_implicit_min,0.018745468418284165,0.011462418326436382,-0.04035765910283913,0.014042444913613316,-0.033592634747468396,0.011667458292643838,0.009179694120297885,0.018978994926015236,-0.03831543938476732,-0.035995702979472965,0.013255083233864562,0.01725753866124388
survivor_553_basin_563_candidate_1346_gencluster_1346_conf_081765_implicit_min,0.014577532549178514,-0.0018411924441606848,0.0036522112596552433,0.02669094030282509,0.025653024863777425,0.04279512415623649,0.018963143377009106,-0.004985794153692566,0.001876718838155155,0.005770933634539782,0.014344717612921205,0.03396687526540728
survivor_554_basin_564_nma_bh_candidate_484_gencluster_484_conf_150688_implicit_min_hop_001_mode01_m1.35A_implicit_min,-0.0074633923989554166,0.04759972722052445,0.01660169296525034,-0.0005793695955587919,0.0472809662962921,0.005557458776071709,0.01610128599419513,-0.02308577092318348,-0.0006587725886430806,0.01982991870528977,0.038054466668702006,0.01850724257359262
survivor_555_basin_565_candidate_2932_gencluster_1052_conf_073618_implicit_min,-0.017554256514198684,0.029728030438475717,0.02575144884056341,0.043505339614399896,0.01932167652821455,-0.02243426216094301,-0.018469851473342944,-0.025272142881143267,-0.01977747169395679,0.03108804859968568,0.020750769774323517,0.016385596099830774
survivor_556_basin_566_candidate_1154_gencluster_1154_conf_003210_implicit_min,-0.013341010097334129,-0.036096436264417366,0.04967404788853403,0.013840759286775223,-0.024784621303280494,0.023965883793964866,0.00961454659482137,0.058286724561040705,0.01680692379469918,0.006977481582774089,-0.003181826261410447,-0.0033518287961636175
survivor_557_basin_567_nma_bh_candidate_1714_gencluster_1714_conf_011260_implicit_min_hop_000_mode01_p0.75A_implicit_min,0.04322829287194694,0.01395680499584287,-1.864393482802985e-05,-0.01793860381126789,0.015624171332958332,0.01257278542242548,0.023920693096478388,-0.003119826777062759,-0.011068011661150231,-0.01331972994852662,0.013831269436417873,-0.05012365414613178
survivor_558_basin_568_explore_r03_hit_0066_conf_017941_implicit_min,-0.00562085387145408,-0.039558125277103,0.018955341967171198,-0.02800677216020932,-0.030353252096767838,0.011359163068733406,0.012866834598301773,0.04500260468447494,0.019374238354225373,-0.004212285684664429,-0.009312000306565567,-0.016638023121402022
survivor_559_basin_569_candidate_2278_gencluster_198_conf_044834_implicit_min,-0.010587674011661446,0.02444606400162563,-0.04342256547922348,-0.015048017158056,0.014852761179425612,0.0010403986052811129,-0.0037886233906675873,-0.035958260383700535,0.01802960510744343,-0.005872439610838617,0.026895388089190148,0.012115475455517137
survivor_560_basin_570_nma_bh_candidate_375_gencluster_375_conf_010225_implicit_min_hop_000_mode02_p0.75A_implicit_min,0.03960274948486323,-0.049034336486220166,0.01867154871680401,-0.021724836913596498,-0.007396647013784698,-0.004595292210464078,0.023658290125063413,-0.008258228166295841,-0.026126831590829055,-0.011512263203255779,-0.008009347781476243,-0.019573225157570016
survivor_561_basin_571_nma_bh_candidate_2437_gencluster_400_conf_053256_implicit_min_hop_001_mode01_m0.75A_implicit_min,-0.02292213577473438,-0.01821555775910032,-0.042147314979076804,-0.0031186288847538566,-0.02508823124039328,0.016764279764837187,-0.00014725790040295183,-0.006718546435504832,0.02995390894889164,-0.016049482282074246,0.029344345429200086,0.0447147456190015
survivor_562_basin_572_nma_bh_candidate_2420_gencluster_382_conf_082252_implicit_min_hop_003_mode02_p1.35A_implicit_min,0.03585113924906644,0.005675565722182321,-0.0007371265462196066,0.013505333762396092,0.03350042935629674,-0.01783636221352281,-0.00043175903982770053,-0.01822326719106667,-0.029689606401251144,0.0024794176922084805,-0.008771378820404224,-0.02944621502551056
survivor_563_basin_573_candidate_1238_gencluster_1238_conf_035260_implicit_min,0.0009212494344578832,0.007379334301984725,-0.00011269811092129947,0.008849995611417723,0.004442597640919285,0.05806045429056946,0.014176890322222122,-0.019281928915346264,0.010030454109578722,-0.017019748596549932,0.005651314100835626,-0.0009006076105157767
survivor_564_basin_574_nma_bh_candidate_1282_gencluster_1282_conf_013249_implicit_min_hop_001_mode01_m0.75A_implicit_min,0.020030665302391126,-0.0164089031932417,0.028128803701493,0.02518089341612306,0.007746968740723855,0.0066900421587463435,0.01250489594645142,-0.013722935361899107,-0.014300849327770856,0.02191814372867254,-0.020161799802419184,0.006779088416126731
survivor_565_basin_575_candidate_2844_gencluster_944_conf_026087_implicit_min,-0.008884927635732679,-0.041532622161384945,-0.01754875547165926,-0.01289134202271675,0.015817493862640978,0.026797250365593436,0.016573884706961178,-0.00745520640682716,-0.015062242053148855,0.014059208991329513,0.022871747844364392,-0.008651169550868788
survivor_566_basin_576_candidate_1383_gencluster_1383_conf_021697_implicit_min,-0.01160952872417257,-0.004175597410826152,-0.005210227321395147,0.026976177868750586,-0.005676885899690649,0.019913639133937965,-0.017095539720068578,0.01304891432786671,-0.012819914117337586,0.022862107444963593,0.030650964799841637,-0.00420160658454565
survivor_567_basin_577_nma_bh_candidate_1125_gencluster_1125_conf_106560_implicit_min_hop_001_mode01_m0.75A_implicit_min,0.025499859511751224,0.005437222684643278,0.011161128393297448,0.03505712424148551,0.0025360320738312863,-0.01133315609263262,0.02967919423706448,-0.0023164834554133687,-0.028712344763318333,0.02198326483435081,-0.025228836836458404,0.01678947779426633
survivor_568_basin_578_nma_bh_candidate_2269_gencluster_189_conf_027155_implicit_min_hop_001_mode02_p1.35A_implicit_min,-0.024247184686054114,0.011963183917822105,-0.0022137366385240245,0.0035114573233507767,0.004561857096372072,0.025302741881021464,-0.05732335814674428,0.025856320383725366,2.5490469718276348e-05,0.005531713927071608,-0.0013186663953912055,-0.030025156387677044
survivor_569_basin_579_nma_bh_candidate_109_gencluster_109_conf_041191_implicit_min_hop_003_mode01_p0.75A_implicit_min,0.014029909991165908,-0.004531471771678939,-0.045572171896451026,-0.013771927616152077,0.033793082117608085,0.009834294925435364,-0.012418965660425312,-0.024558076874992067,-0.012679908175104015,-0.032616541121002596,0.02154425588267388,-0.004909643487988243
survivor_570_basin_580_candidate_2775_gencluster_862_conf_080365_implicit_min,-0.004525997500993495,-0.04683236036398342,-0.02045202909757954,-0.012182117053637835,-0.007672562548363598,-0.02216002952781557,0.006730578608967425,0.015171778851017403,0.0313534645118496,0.005990171153165226,0.0242365318140414,-0.00440063591355276
survivor_571_basin_581_candidate_899_gencluster_899_conf_001263_implicit_min,0.004618750056663953,0.007155326059606889,-0.0013708302297563328,-0.010479224535543138,0.00993183191538306,0.0035893364380110925,-0.012584740609867466,0.041950165422941665,-0.0008399806008062558,-0.007603059969819516,-0.00048312455361277404,-0.039383284987796904
survivor_572_basin_582_candidate_476_gencluster_476_conf_028107_implicit_min,0.040079023880001965,-0.02129432695042332,-0.028067777522984616,0.012294759600037383,-0.0020702240083413626,0.022431643877286748,0.004968306488651222,0.015101971682935596,-0.02893211303591913,-0.05283111100626588,-0.0006140689687000011,-0.005921594162004784
survivor_573_basin_583_candidate_1476_gencluster_1476_conf_128002_implicit_min,0.0009594156837044088,0.050908668777956856,0.010898522424488431,-0.0007769561135944463,-0.00855083310223389,0.0011948608188192046,-0.006754847884495771,0.016600636194668575,-0.0042058663841118725,0.007897491610819967,0.01686090040659732,-0.010906038244992047
survivor_574_basin_584_nma_bh_candidate_1228_gencluster_1228_conf_073136_implicit_min_hop_001_mode02_p1.35A_implicit_min,-0.007597899106929328,0.02658631416589106,0.023116225562222165,-0.05189311259648729,-0.0381716104610504,-0.0075266651558940426,0.011790822580691546,-0.011681981680883287,0.04841202143977454,-0.02172048107861532,-0.0260250030435031,2.819949391509005e-05
survivor_575_basin_585_nma_bh_candidate_2492_gencluster_473_conf_171315_implicit_min_hop_000_mode01_m0.75A_implicit_min,0.049852393208440995,-0.012381969626227507,-0.02248310796793358,-0.004495336026998796,0.0029664308195195455,0.0021504701622429155,0.013329839901869861,-0.028560783398537737,-0.04223481319050221,-0.03501684035975506,0.004314974206526517,-0.0040306757398557705
survivor_576_basin_586_nma_bh_candidate_982_gencluster_982_conf_053435_implicit_min_hop_000_mode01_m0.75A_implicit_min,-0.02080920591422975,-0.0018762133241669995,0.03963155293213372,-0.029543303052844312,0.025178989204055778,-0.02532548333251879,-0.0077849188230262704,0.011192834039931238,-0.004289157624075852,0.03942237534592727,-0.018578025839954312,0.00881831667076014
survivor_577_basin_587_candidate_1987_gencluster_1987_conf_009498_implicit_min,-0.03651593981479272,-0.008212551908858204,0.05229688160742367,0.00962657814142512,-0.0030055492556551582,-0.02092070978311376,-0.05775200144434939,-0.0019842487561683073,-0.014546785589408211,0.02905863786846587,-0.015748220116408244,-0.02627490468672058
survivor_578_basin_588_nma_bh_candidate_1992_gencluster_1992_conf_005930_implicit_min_hop_002_mode01_p0.75A_implicit_min,0.008341248346320418,0.0331927319606762,0.002889997160125529,-0.00725032139895567,-0.0003276967191702182,0.02630154041157765,0.0035206100725939313,-0.022750780866529173,-0.023780261581049955,-0.014600825848530414,0.015324234868471088,0.029770843968090308
survivor_579_basin_589_candidate_2974_gencluster_1109_conf_122679_implicit_min,0.004398705390849445,-0.009339784358475729,-0.00956101709428241,-0.004758782722256584,-0.01976393805400332,-0.02805885443837219,-0.004192263881436217,0.0017070574393049155,-0.006732555907348842,0.0027550778194303208,-0.01851045661656003,0.035697172118185225
survivor_580_basin_590_candidate_2771_gencluster_858_conf_098495_implicit_min,-0.006829572400665071,0.03172046949354481,0.017859507375435613,0.0001345887972627314,0.05947403167137613,-0.004457142630370438,-0.010967601554843154,0.016271707320488674,-0.02668029108588041,0.0040864669868348105,0.028371914338627142,-0.02239470383838099
survivor_581_basin_591_candidate_1199_gencluster_1199_conf_181635_implicit_min,0.021019310535599495,-0.007301491051384975,-0.0436413286842247,-0.012111715520533202,0.019834517759628384,0.04485595085365069,0.029763872231120623,0.000653513581954837,-0.004518684775256018,-0.01006999725423475,0.020487965128596488,-0.02364678271170717
survivor_582_basin_592_candidate_701_gencluster_701_conf_012744_implicit_min,0.024235400906944888,0.013827135550026865,-0.02222664310469647,-0.016752672859417474,0.028429744175162325,-0.036258792740222215,-0.005796823384869196,-0.023161430582229428,-0.028002540051014692,-0.01919873488084561,0.025760840050713052,-0.03587955207480978
survivor_583_basin_593_candidate_2847_gencluster_949_conf_141488_implicit_min,0.028421737837929586,-0.02664740839718604,-0.017107820436304703,-0.010650374933945885,0.0037298749706385433,0.0007193626270600096,0.027227102952535012,-0.015937665950321648,0.0057919178185027445,-0.02690004649805847,-0.006561533534910392,-0.013957730785257251
survivor_584_basin_594_candidate_1106_gencluster_1106_conf_185826_implicit_min,-0.00413513134938826,0.012460530494036275,0.025010753057966212,-0.029887698308022067,-0.032834904783139315,-0.007815675334115476,0.0101561570272615,-0.03434892625637245,0.043467328731553796,-0.0005060799160636516,-0.03985516528986666,0.013062978370077577
survivor_585_basin_595_candidate_037_gencluster_037_conf_015598_implicit_min,0.028736818505273532,0.022382428884360005,-0.019305030433596333,-0.005606309172280087,-0.01659633857494069,-0.010165775246335992,0.02948711809257252,-0.020504788288820432,-0.008429619932334233,0.017042184494261783,-0.009105025056809907,0.0011960467142607646
survivor_586_basin_596_explore_r01_hit_0099_conf_044977_implicit_min,0.0012398655944258364,-0.017400003924946502,0.030551614905569787,-0.008560662841889922,-0.04672491221688721,0.009360884135496237,0.02199725091437595,-0.0008775201017043959,-0.010529293395216091,0.02351616822252949,-0.01440023362273308,0.000898954095980536
survivor_587_basin_597_nma_bh_candidate_2233_gencluster_148_conf_073474_implicit_min_hop_003_mode02_p1.35A_implicit_min,-0.03016026955939714,-0.009020186216048727,-0.014682074448641957,-0.009783689804714389,-0.03520646343062392,0.00854254266420077,-0.025649114977410348,0.01248774257275973,0.02507035411709951,-0.009228642064656276,0.015305377667588613,0.004555206139903125
survivor_588_basin_598_candidate_2252_gencluster_170_conf_080524_implicit_min,0.011351883177785096,0.011385504852106395,0.0055827204359326504,0.05751218169788282,-0.007435583768857069,-0.01966229025212562,0.02796101237179767,-0.005820494462147095,-0.02995608613356792,0.029230503316299384,-0.017520462871686023,0.04595467526932902
survivor_589_basin_599_explore_r02_hit_0011_conf_003818_implicit_min,0.022191849319743637,0.021317721306351116,0.02848363400772607,0.04079706004422382,0.03066862004374441,-0.014433033266506596,0.016089176219029663,-0.028237905772291676,-0.02382684059333439,0.029568211154265625,-0.0032957783647112604,-0.008200144595797534
survivor_590_basin_600_candidate_802_gencluster_802_conf_159154_implicit_min,-0.014018205876650579,-0.05134396940670151,0.03394969262472524,0.02918102453417166,-0.002544415608676433,-0.04714149215285113,-0.03320666825860328,0.009666331528739164,-0.021624252565471392,0.04592900751844266,-0.026393815312289116,0.008560358794782561
survivor_591_basin_601_candidate_1202_gencluster_1202_conf_009528_implicit_min,0.007787621160529846,0.0019931143695521483,0.01834765151860688,0.02394773009720795,-0.015684582126403845,0.037532124181619046,-0.003448306651987258,0.023934017901783018,-0.020276925503527266,-0.002779260662827094,-0.005170416001126219,0.011878199872374049
survivor_592_basin_602_candidate_482_gencluster_482_conf_004539_implicit_min,-0.011189106602313252,0.0014426145023056342,0.01053786820923887,0.023089007782630656,-0.009982322409025317,-0.034450039732681285,0.01403418807966272,0.030078834404506084,-0.011992256281350444,0.061423336348290246,0.005158550376076377,0.005441174645332252
survivor_593_basin_603_explore_r02_hit_0007_conf_017014_implicit_min,-0.007792308173055083,0.04739176213625504,0.0007710942710593974,-0.019668112057130805,-0.014774658864175545,-0.005519581875673297,0.024950050802466203,0.023730640440953747,0.014505826258891623,0.02011021684501674,-0.011090322034414821,0.02631795942994435
survivor_594_basin_604_candidate_1496_gencluster_1496_conf_008470_implicit_min,-0.0015584545070490702,-0.0011968370930774913,-0.00956417027725836,0.06686995715348105,-0.0021273163979326644,-0.011045246832914132,0.002110661463928124,0.03140596061513066,-0.037953593252613535,0.03086415664629754,0.03076609557413705,0.018839046051281734
survivor_595_basin_605_nma_bh_candidate_2779_gencluster_868_conf_171044_implicit_min_hop_002_mode01_p1.35A_implicit_min,0.0030209159151544066,-0.015726716943268843,0.015465028511461884,-0.061466063801308035,0.04428416594347552,0.01763120824161578,0.014400869049594733,-0.03984871953681401,0.026135631651409592,-0.00891218128196451,0.017560303596680118,-0.011296317893240555
survivor_596_basin_606_candidate_079_gencluster_079_conf_128349_implicit_min,-0.027077721957275605,-0.01262778485769889,0.00034380040376896917,0.0025333855733067207,0.04108777800091592,-0.014760466951405855,-0.03073629730546995,-0.030299581293033926,0.01033764023802711,-0.005524840371440074,0.01970300370877258,-0.010201892588950812
survivor_597_basin_607_nma_bh_candidate_2437_gencluster_400_conf_053256_implicit_min_hop_000_mode02_p0.75A_implicit_min,-0.020801827135560835,-0.03750617691306286,-0.05017690843344095,0.001796145276057039,-0.013068999312037935,0.02162714271945008,0.008150087015043482,-0.02752761625495614,0.03321390373390595,-0.006460771384560503,0.0278131671853417,0.045816842184376136
survivor_598_basin_608_explore_r01_hit_0092_conf_039967_implicit_min,0.015104452707740157,0.0029274719301956905,-0.011248808555059442,0.005326607678327494,0.021332333758894484,0.012487482234153914,0.023608038016087365,-0.0008180029622270864,-0.002565586760755417,-0.006443543738817677,0.046971299543825645,0.008862301397081803
survivor_599_basin_609_candidate_1188_gencluster_1188_conf_006552_implicit_min,-0.026976188423199335,0.04907594678156084,-0.009598202461919988,-0.02309603779235546,-0.022261921486845453,-0.027514250704536954,0.005191478323674346,-0.009561192279890334,0.023067967387146074,0.008726167872007766,0.009799918448533321,0.020284528609316864
survivor_600_basin_610_candidate_2840_gencluster_937_conf_037536_implicit_min,0.03786409013377241,0.00626573111651248,-0.007059809813359524,-0.024569679628993243,0.016685807922613375,-0.03407352990580308,0.02530658423810204,-0.015300574389297687,-0.00861145562590727,0.02810995547551884,-0.01211074942304674,-0.03943324068521898
survivor_601_basin_611_explore_r01_hit_0056_conf_021300_implicit_min,0.04871297840590387,0.015254336849117452,0.005772515343234514,-0.015626362181044566,0.018199347831773714,-0.001921794599196637,0.03285078248875516,-0.006754382541276799,-0.009560872196040666,0.006643873975907085,-0.013903823492929292,-0.03712707136811824
survivor_602_basin_612_candidate_925_gencluster_925_conf_111046_implicit_min,-0.008232197021927186,0.01220023549074485,-0.02309153721091668,0.02171771913799109,-0.015209680799867268,0.015692747406816296,0.005562060024680848,0.0004755477879557508,-0.009420908668444186,-0.00204724779019875,0.007560780352550252,0.03704495595143791
survivor_603_basin_613_explore_r02_hit_0003_conf_032002_implicit_min,0.013887993791054055,-0.02367693900459809,0.004217007580025165,-0.006564896148472065,-0.03365202965379987,-0.03873130633900373,0.029076427904918413,-0.007294592333285733,0.0143711362326314,0.005265839737399718,-0.06180388947386885,0.021522189847865397
survivor_604_basin_614_candidate_2900_gencluster_1011_conf_126182_implicit_min,-0.0003385977515573244,0.00590224989002515,-0.017940739705579918,0.01594076688920848,0.054241683511120437,-0.003324273023754744,-0.04332507439774372,6.035396341218511e-05,-0.02367340364537416,0.007229176315591027,0.010424002893453526,-0.027754807122180824
survivor_605_basin_615_nma_bh_candidate_2101_gencluster_2101_conf_074791_implicit_min_hop_003_mode01_p1.35A_implicit_min,-0.006407055859733553,0.04951428610153517,0.010259410299502494,-0.008112789602950263,-0.013140460936098613,0.007451068797802187,-0.005090468739412946,-0.010986016589074828,0.013793582519237731,-0.008311870275025448,0.009404902912737378,0.004319942287927301
survivor_606_basin_616_candidate_334_gencluster_334_conf_075647_implicit_min,-0.002212002243791694,0.014580353295880876,-0.01475359641025408,-0.020981633752427353,0.0066066398691795114,-0.007711415499041828,0.02526619567607926,-0.007717761674368874,0.019982034217862866,0.00371621616468482,-0.010906823580343023,-0.046822349993370226
survivor_607_basin_617_candidate_956_gencluster_956_conf_006663_implicit_min,0.009482280303793004,-0.03153889918870284,0.006262606999374761,-0.023027019027365907,0.01367575219666015,0.014918218531871483,0.011199815574673705,-0.011087788113028865,0.016127990802835526,-0.020493477231496755,-0.01333681490100445,-0.020048738763478874
survivor_608_basin_618_explore_r01_hit_0105_conf_001199_implicit_min,0.019472990914168865,-0.019524379506053294,-0.009921826549985817,0.03218569900666072,0.016833913919759785,-0.015487664608756111,0.019841537521070013,-0.02081781551671944,-0.03588387054209802,0.03855389432521502,0.025940301679994504,0.020851355180948387
survivor_609_basin_619_nma_bh_candidate_2457_gencluster_433_conf_149315_implicit_min_hop_001_mode02_p1.35A_implicit_min,0.013871966477883448,0.026990403950808955,0.0025981148355352516,0.022935680058897654,-0.010830548563762423,0.010499409123375995,0.0163749332993356,0.009000001146598394,-0.020090382128041033,-0.011649634200744451,-0.014207611390378625,0.031007232992769453
survivor_610_basin_620_candidate_745_gencluster_745_conf_006440_implicit_min,0.005974265489707743,-0.00453892562418065,0.030475903737371503,-0.014622374996061047,-0.048408620823047935,0.011546649156780942,0.02183873959460109,-0.0050857437649684855,0.009661422524934389,-0.0010386422344100005,-0.0453635144517358,0.01101358287799167
survivor_611_basin_621_nma_bh_candidate_2923_gencluster_1040_conf_172799_implicit_min_hop_001_mode01_p1.35A_implicit_min,0.036279116592889044,0.004902455711184882,0.012717895111181102,-0.003227308438180315,-0.024024354395010168,-0.029247123811509068,0.01476812876817327,-0.017862419905042618,-0.005184323932483658,0.00738158408133343,-0.03900575049763568,-0.005454292327226096
survivor_612_basin_622_candidate_374_gencluster_374_conf_056048_implicit_min,0.003766569113812568,0.014312994436118205,0.008849458519363666,0.003916757878848576,0.04132163982709439,-0.01306544196154356,-0.010955613928597178,-0.0004301655375980746,-0.02644331670053699,0.021527098996659777,0.035109523815787434,-0.031632459221409906
survivor_613_basin_623_candidate_597_gencluster_597_conf_034962_implicit_min,0.032592061277540205,-0.006740668428542207,-0.029254887961386467,-0.003989664451981722,0.011214772761251997,0.010720927639676765,0.017355877334337733,-0.016411406045202893,-0.031043478812617337,-0.014560767924564613,0.019350791736053682,0.002435339989826051
survivor_614_basin_624_nma_bh_candidate_323_gencluster_323_conf_140845_implicit_min_hop_000_mode02_m0.75A_implicit_min,0.008650538039996098,-0.010702655280174988,-0.005837104873896516,0.031801723335781136,-0.027587419686442145,-0.023806129805804287,0.019136458850045408,0.0280580702598522,-0.013660477820786965,0.0431583365444168,0.01635709544981804,-0.014032523578030169
survivor_615_basin_625_candidate_1582_gencluster_1582_conf_005657_implicit_min,0.02284037009545754,-0.02965403850977751,-0.01830770812540877,-0.001898822925698904,-0.011336653541933847,-0.0035477166175011143,-0.0036694673656658024,0.0022074740074617617,-0.018378888867396245,-0.05170567189001298,-0.02120974679718086,0.01151646892813038
survivor_616_basin_626_candidate_1012_gencluster_1012_conf_091320_implicit_min,0.0024893202084333614,-0.027170917270438938,0.041448379610724985,0.010905767837126882,0.017054690796515046,0.011645755312155158,0.009342342276388022,-0.01130576785851046,0.011720732072718011,0.028706089967876776,0.022857241463616028,0.006450077819570047
survivor_617_basin_627_explore_r03_hit_0076_conf_000191_implicit_min,0.003575785614343078,-0.007346424809245838,0.06568159570532642,0.01128823260503825,-0.015939950060447516,0.027794203875715993,0.026320481919199498,0.007656476166209642,-0.007329192937677867,0.01536873551428166,0.004972420036959264,0.005004681945945187
survivor_618_basin_628_nma_bh_candidate_2397_gencluster_351_conf_182360_implicit_min_hop_001_mode01_m1.35A_implicit_min,0.014187034908296052,-0.009313796059775906,-0.024422979690481964,-0.008350109270160935,0.04973773755047821,-0.00879068066382672,0.024054114453851538,-0.00728154530721875,0.04179149072999754,-0.010796974662712145,0.008521122430267772,-0.032693858059519895
survivor_619_basin_629_candidate_1640_gencluster_1640_conf_001317_implicit_min,-0.04473993324317371,0.0046441315015046175,-0.015916419138268467,-0.004238150874500201,0.01914080904027968,-0.015443114281613242,-6.789935538073249e-05,-0.03875514543155515,0.059952972282233,-0.02352320825801264,0.02617450501089106,0.026275925459339933
survivor_620_basin_630_candidate_461_gencluster_461_conf_182442_implicit_min,-0.0006792527810005244,0.006028975386030677,0.028792834404944397,0.02719710546532844,0.03530865207970413,-0.032356603023403464,-0.0030701640231435854,-0.02840729328252306,-0.028330326154995252,0.05720987475070655,0.03735970426846663,-0.015966679596812222
survivor_621_basin_631_nma_bh_candidate_2293_gencluster_217_conf_180539_implicit_min_hop_000_mode02_m1.35A_implicit_min,-0.041355228329036334,-0.006651003873145134,0.0008953103485891895,0.01137205889377688,-0.0029172017509283064,-0.01857190983116068,-0.05723556230794746,0.000825842492395767,0.0024482513595818368,0.006011996430081635,-0.039244809740135875,0.000782211062943731
survivor_622_basin_632_candidate_866_gencluster_866_conf_034159_implicit_min,0.0008315136276325791,-0.033712573194055066,-0.012314577074733416,-0.025974247464396378,0.03740772065716116,-0.03219396566200627,0.004359812301859845,-0.0498218665749702,0.01338414385107068,0.014406185275354514,0.038380062460394375,-0.021257405129470726
survivor_623_basin_633_candidate_1456_gencluster_1456_conf_004316_implicit_min,-0.008559864513133108,-0.017821004821507693,0.01969021878885673,-0.016718522631726473,0.008321439231937008,-0.0066789770809614225,-0.03101904107696783,0.026764083091829014,0.007817595781155586,0.005932793238249789,-0.03283483178678354,-0.027970062144673742
survivor_624_basin_634_nma_bh_candidate_2395_gencluster_349_conf_060719_implicit_min_hop_003_mode01_p0.75A_implicit_min,0.017902543638624167,0.0113719453526078,0.03828732905074876,0.03687141041323641,0.016903203026694333,-0.0017782757233694504,0.02310361886703266,0.012658054577628124,0.009557641349489322,0.030114366636289507,-0.004352406926958558,-0.029642033673443105
survivor_625_basin_635_candidate_737_gencluster_737_conf_006333_implicit_min,0.031059656768277998,-0.0020140715229480253,-0.010197812530585146,0.03593345996797054,-0.013942473398051231,0.0009641363247202248,0.012944113260788955,0.012919401625926755,-0.009348999353531078,0.015227912536179526,-0.01871025035009793,0.029663670510478125
survivor_626_basin_636_candidate_2485_gencluster_465_conf_099050_implicit_min,0.0033446338540092605,0.01436226928021794,0.00755308728096957,-0.026385199242447196,0.003186080866046025,0.03010671477309345,-0.010981063330194368,-0.025235150954542523,-0.02431856422760772,-0.029270402960173168,0.012040282816649171,-0.028949584645337572
survivor_627_basin_637_candidate_2335_gencluster_269_conf_166528_implicit_min,-0.006200036602422865,-0.020350038669767624,0.03762611332974026,-0.007032907570590817,7.956276429525478e-05,0.028719711776563336,0.0044110049206754235,0.02078922908660565,0.0064786695998298475,-0.0297814161764905,0.00843968627148902,-0.015221271992158452
survivor_628_basin_638_nma_bh_candidate_1088_gencluster_1088_conf_064565_implicit_min_hop_000_mode01_p0.75A_implicit_min,-0.02567126615197493,-0.003095128848215457,-0.026231506312420105,-0.041436002113047724,0.01786174701362082,0.01488726025294216,-0.0009198933617753381,-0.04759091748219467,0.028277923275271295,0.01147402104446088,0.03763398014990972,0.01469289726623918
survivor_629_basin_639_nma_bh_candidate_1558_gencluster_1558_conf_198584_implicit_min_hop_000_mode01_p1.35A_implicit_min,-0.011084134947381174,0.006859228285200008,0.014060815665850417,-0.018250236736819258,0.02047925278953647,0.010501149221668454,-0.0007674154467666626,0.000940534341544997,0.05161239251075722,-0.018488789006037166,0.000194540336175395,-0.030359816311493138
survivor_630_basin_640_candidate_1358_gencluster_1358_conf_007310_implicit_min,0.03159298880411591,-0.026162997019210876,-0.017028233042871245,0.03094091425136912,0.009209071902666342,0.014379151251451484,0.02342295447224129,0.011926184248134502,-0.029004225561619,-0.021198983234041274,0.0003940286033136223,0.011786448167716713
survivor_631_basin_641_candidate_107_gencluster_107_conf_095892_implicit_min,-0.0018694889788132246,0.02891883425861896,0.022967115778968223,0.024061962716747667,0.018831549560148472,-0.0021545971732228296,0.025964187606394865,-0.010838100224870566,-0.003501693020262882,0.0045130987581220834,0.025123541973213242,0.038766831013035664
survivor_632_basin_642_candidate_247_gencluster_247_conf_055952_implicit_min,-0.021054168228673845,0.007165594967949667,0.006390036706506494,-0.031018885424421685,-0.03186563016537066,-0.006407485835342113,-0.006605304988457658,0.01071122301745491,0.04856858793545752,-0.03994212953428924,-0.02101703264105856,0.024524823985832635
survivor_633_basin_643_candidate_2376_gencluster_322_conf_078679_implicit_min,0.036237196330606666,0.008349802033612857,0.014124060233846275,0.015718136471316,-0.018622268225746252,0.00137219601158998,0.027430716757861535,0.017210632151526507,-0.015707194261850535,-0.009728773193662634,-0.023700057726664035,0.002214244393195275
survivor_634_basin_644_candidate_786_gencluster_786_conf_034362_implicit_min,-0.012504566690197508,0.01866665121193353,-0.0107682452815441,0.014179302108184648,-0.005697858610562332,-0.03608725411365947,0.0029643311581756416,0.012350584190766536,0.020471499777014228,0.008264640479728927,-0.021837316338097622,0.004880517252770127
survivor_635_basin_645_nma_bh_candidate_082_gencluster_082_conf_089503_implicit_min_hop_002_mode01_p1.35A_implicit_min,-0.0031402815255488215,-0.004914419552728665,-0.037225496690193975,0.02364000996944091,-0.016584037912337278,0.0182270262613362,-0.01084689258637718,0.04352179857832722,0.0036670315819051207,-0.01133110482766812,-0.023154232784952915,0.0022551539006129
survivor_636_basin_646_nma_bh_candidate_1391_gencluster_1391_conf_031128_implicit_min_hop_000_mode01_p0.75A_implicit_min,0.027935472807750546,-0.0088928949617785,-0.04172852924453148,-0.002694931047358849,-0.00868648439620216,0.03725858852336796,0.018447510108783483,-0.006343546034457685,-0.021937808329925926,-0.0403769973893471,0.0006767551896056415,0.0028325548851785213
survivor_637_basin_647_candidate_1159_gencluster_1159_conf_057283_implicit_min,0.017641570426761247,0.01952769984708267,-0.02914688115165299,-0.015147820090710149,0.005833306373972257,0.02762390202720731,0.022357517114319332,0.008940267816823026,0.027714560765826127,-0.01644186385449219,0.02734933154190904,-0.019595177661698
survivor_638_basin_648_candidate_1867_gencluster_1867_conf_032780_implicit_min,-0.036055803701929484,0.01601590033833853,0.03711993170793294,0.012482940227405355,0.008641820324828929,-0.017089605071440334,-0.04738716051839397,-0.022149539516854923,0.002115831933132141,-0.017230853319332395,-0.0035869608957849377,0.00935506194626931
survivor_639_basin_649_candidate_1990_gencluster_1990_conf_007344_implicit_min,0.009473370927417337,-0.007066291890076734,0.00574570321921928,0.04045304546432292,0.008942813053737921,-0.04490516799044951,-0.027671329328901796,0.000715158674365006,-0.03785846988904818,0.033762032246306584,-0.017589500702091726,-0.000428976789632246
survivor_640_basin_650_nma_bh_candidate_2269_gencluster_189_conf_027155_implicit_min_hop_003_mode01_m0.75A_implicit_min,-0.02328763373509584,0.017886353958267934,0.010061951151903198,0.018055082807774413,0.018814999901105883,0.002165405436578854,-0.05063671667579407,0.02532490313105572,-0.015675806471502338,0.008876445798476152,0.011923430334671338,-0.023073271413579354
survivor_641_basin_651_candidate_1910_gencluster_1910_conf_005779_implicit_min,-0.022912193165880595,0.029844917586670332,-0.03368440619593334,-0.007642190449568472,0.009389208398716271,0.02120772571377769,-0.025289869237291443,0.00662646515538444,0.004899360398121602,-0.03525605730615879,0.02192104942297171,0.006495153175508792
survivor_642_basin_652_candidate_2247_gencluster_164_conf_084951_implicit_min,0.018979713931031712,0.003937505217648554,-0.025117437452019886,0.01913431726382734,0.00605197390699297,-0.037834762344487405,-0.003602413181741036,-0.015510167020922028,-0.03463758740267612,0.005665386799537271,0.005411093413808207,0.027609792310693684
survivor_643_basin_653_nma_bh_candidate_1005_gencluster_1005_conf_032431_implicit_min_hop_002_mode01_m0.75A_implicit_min,-0.008130746324478811,-0.007464861913549063,-0.02885807889259358,-0.0468255620902334,0.024619830662169488,0.021464634853855434,-0.00019759208112186374,-0.028751153232735607,0.009243836083766175,-0.04922813622160575,-0.007219218293547676,0.00293353782630763
survivor_644_basin_654_nma_bh_candidate_1306_gencluster_1306_conf_001572_implicit_min_hop_003_mode02_p1.35A_implicit_min,0.004523058345612429,-0.021727656042602427,-0.01901596321407944,-0.007502394631297134,-0.016762941953321033,0.030948451324855027,0.004958702937783277,0.03189258563803226,0.01814861946507245,-0.029348302162674995,-0.022381255388282718,0.02188156092658649
survivor_645_basin_655_candidate_1669_gencluster_1669_conf_027107_implicit_min,-0.015776343662099047,0.028063386964264365,-0.0025042903348015456,0.027557157207370935,0.009894060439855109,0.03274675101111389,0.01074327744678821,-0.006440886736252459,0.03336779557765053,0.009388771800782675,0.038807545577008926,0.014067191897238825
survivor_646_basin_656_nma_bh_candidate_1191_gencluster_1191_conf_097898_implicit_min_hop_001_mode02_m0.75A_implicit_min,0.020356894127769736,0.01061986307011245,0.002355742713659209,0.007112108312262515,-0.029713228938283886,0.004895536987808543,0.024532117726170602,0.022173304382451006,0.011912570357204208,-0.01213519049787973,-0.020612109914641293,0.015017666497260638
survivor_647_basin_657_explore_r02_hit_0026_conf_043662_implicit_min,0.023074247299454995,0.0397507649800812,0.03360321650399043,-0.022762358776710456,0.000875893056844732,0.014116969215566355,0.01355470318061892,0.0157372723762714,0.0157495340119129,0.0192789989321964,0.00961035948214248,-0.04064479724805455
survivor_648_basin_658_candidate_1296_gencluster_1296_conf_128785_implicit_min,0.016363438947882468,0.011648304077574508,-0.007460380179271111,-0.01618811280975622,0.025635871329104533,0.02471701951951771,0.01732003235795569,0.0011169353839741933,2.5363044704947434e-05,-0.006033130049260893,0.02221447299600964,-0.038341008827729214
survivor_649_basin_660_candidate_1408_gencluster_1408_conf_119688_implicit_min,-0.028150690583870916,-0.01046066069959132,0.009633117962887685,0.0301178613578798,-0.010073725608639868,-0.00480286394574002,-0.006756816215196305,-0.01915464157885879,-9.715800995867777e-05,0.028956514042968087,0.00978446020145506,0.06353357841933267
survivor_650_basin_661_candidate_2393_gencluster_347_conf_195039_implicit_min,-0.0012735970255707966,0.003944144997477649,-0.020258614211868628,-0.007219470376853254,0.04479073620690697,-0.0092660562167689,-0.01627809276312014,-0.03179199178152348,-0.0351026788004782,0.006557743487226889,0.021282908829241907,-0.02559669103000465
survivor_651_basin_662_nma_bh_candidate_323_gencluster_323_conf_140845_implicit_min_hop_000_mode01_p1.35A_implicit_min,0.012726532493439762,-0.019278319837296165,-0.01421032846921397,0.03342072796050895,-0.013303187191187957,-0.04177131145010736,0.015573969141308628,0.029697982160728185,-0.011844384836747525,0.042521395673495464,0.024527035718178613,-0.0121698671957823
survivor_652_basin_663_nma_bh_candidate_375_gencluster_375_conf_010225_implicit_min_hop_000_mode02_m0.75A_implicit_min,0.0437887949501406,-0.047685753546408464,0.015026450544211319,-0.018941781522800547,-0.005916479694505436,-0.0049731625259337945,0.02351049978504985,-0.008059924982371475,-0.024841943013428014,-0.012112227084830967,-0.00597839659788049,-0.020626165459937645
survivor_653_basin_664_candidate_2505_gencluster_492_conf_022094_implicit_min,-0.02453180667331347,0.02325535520915159,-0.0011285106966463843,-0.006080085969023769,-0.012622751792762782,0.007663314520863965,-0.032240762590227956,0.017898650103962164,0.013044757924033753,0.009418776527499974,0.03435048645543792,-0.01624898474167529
survivor_654_basin_665_candidate_343_gencluster_343_conf_120669_implicit_min,0.015738795654897907,0.011341024101505795,0.004134174768581642,0.045821720877138594,-0.03968150864566489,-0.010828893185343977,0.009048917318722984,0.008294323925810374,-0.026744118974133695,0.0046952961660709286,-0.036318575251090106,0.02839846812437411
survivor_655_basin_666_nma_bh_candidate_2390_gencluster_342_conf_095022_implicit_min_hop_002_mode01_m0.75A_implicit_min,-0.002139581037560593,-0.0030456799323551145,-0.011925219591319104,0.004225786188477042,0.04302022859369118,0.02995087042677476,0.01632887722785981,0.025952180104063843,-0.021325878291888662,0.0310811230949802,0.01565002450396611,0.006199882854480265
survivor_656_basin_667_nma_bh_candidate_1684_gencluster_1684_conf_111666_implicit_min_hop_001_mode02_p1.35A_implicit_min,-0.0017449769136556866,-0.013296155377699886,0.0009330249623365756,-0.025955971191357646,0.004660727221387363,-0.010779227253365222,-0.033917862117341005,-0.026904563312724346,-0.01787146493816566,-0.030628637635720105,-0.02740619638381487,0.009827441623391124
survivor_657_basin_668_candidate_2490_gencluster_470_conf_080582_implicit_min,-0.008845445901190236,-0.016573329871191315,-0.021358905941429,-0.0029359165569175748,-0.008772682361740352,0.024255916504919255,0.018907536098299788,0.0007732267872633664,-0.010308056574809344,0.022256610594241066,0.06009687642054711,-0.0013678506736005775
survivor_658_basin_669_candidate_1649_gencluster_1649_conf_047170_implicit_min,-0.005765654911237145,0.02238119886999891,0.027355418556681978,0.017839145972059742,0.022891587775401585,0.03709801198726834,-0.006362408291322746,0.03727527275905453,0.01453130784511783,0.002450109340842444,0.024691863289214938,-0.0363717722940533
survivor_659_basin_670_candidate_1018_gencluster_1018_conf_047009_implicit_min,-0.016297899757856935,0.03333178303263241,-0.007193501122991126,4.252783329674408e-05,0.0012957223079304255,0.0008333427674943634,-0.013769766566764648,0.039877534469113324,0.026022166170273253,0.009987142131291519,-0.01064712778879373,0.002319151269044998
survivor_660_basin_671_candidate_315_gencluster_315_conf_042212_implicit_min,0.004273025346276994,-0.00021529396896176155,0.010426702058895097,-0.0026526390295588055,0.025296530808840194,0.012944683800535369,-0.0014561399429370006,-0.0064108984877233564,-0.0015140698236027752,-0.02561028229139587,-0.021277990297635985,0.003176446133608603
survivor_661_basin_672_candidate_1720_gencluster_1720_conf_095416_implicit_min,-0.03145792497033567,-0.016567185456129712,-0.0290267747368673,-0.01812517043122962,-0.01826705590686366,0.00841186740141727,-0.003408774851923475,-0.02047387093818113,0.039072435637573635,-0.017887007219816845,0.02810617520581797,0.04832121043127208
survivor_662_basin_673_candidate_1133_gencluster_1133_conf_024460_implicit_min,0.03194725543976683,-0.02892917900900994,0.012719790344351512,0.006818277067193244,-0.027497896706056995,-0.020545849088695962,0.02820465535632835,-0.006081648512092204,-0.01676486881433419,-0.002343071569336943,-0.030772072659875447,-0.00189060182576857
survivor_663_basin_674_candidate_601_gencluster_601_conf_052105_implicit_min,-0.024638419938758035,-0.03896176500232958,-0.04014408442272886,0.03677643747458089,0.013561765406996905,-0.012330662542238701,-0.01691209292626637,0.008723453247568217,0.010465673252889099,-0.025168613455379952,-0.008785057642322002,0.023153242172153237
survivor_664_basin_675_nma_bh_candidate_1684_gencluster_1684_conf_111666_implicit_min_hop_003_mode01_p0.75A_implicit_min,-0.02069464683581416,-0.00858908611212337,-0.005305615810607102,-0.023739887943828548,-0.015688571662515513,-0.01448466525357054,-0.043162542587444515,-0.030042646023065358,0.0025111626458178705,-0.02207425474723923,-0.006494735483780647,0.00137040980996048
survivor_665_basin_676_candidate_1169_gencluster_1169_conf_042072_implicit_min,-0.028367173616834607,0.02731593975647946,-0.006256123815948322,0.03973168878490635,-0.0004893651818555001,0.024308116159342086,0.009933324595297536,0.012641579868454345,0.018663063466364108,-0.0069706540864732745,0.05307019540754466,0.0416543607865411
survivor_666_basin_677_candidate_1313_gencluster_1313_conf_004849_implicit_min,0.007814850447810955,0.028754577093656992,-0.02903204704662205,-0.027272671559474763,0.012922074293759137,-0.00018176449991559723,-0.010359771537339527,-0.004752027455570626,-0.0035768721143237593,-0.029708066609292268,0.024275146355600595,-0.020869712355465773
survivor_667_basin_678_candidate_1050_gencluster_1050_conf_008144_implicit_min,-0.029773036726265557,-0.011093401525620255,0.00683325039327239,0.02553179198645044,-0.009843416065941793,-0.01572699934386228,-0.020042878823967655,-0.007290987301332793,-0.013810748697345974,-0.01584926724190475,0.008547206769273551,0.040747799549779
survivor_668_basin_679_candidate_1130_gencluster_1130_conf_057537_implicit_min,-0.025323255491335676,-0.01646918830799394,-0.00921944340370139,0.022102870067478034,-0.01618277331191479,0.020187334870316872,-0.014195548015494296,0.02662870620750623,-0.0015979090744907172,-0.017260415200490414,0.011288098516278157,0.03410185993409534
survivor_669_basin_680_candidate_2569_gencluster_586_conf_197982_implicit_min,0.0029052125735088137,0.0026144567867468498,0.011452284359147753,-0.0032321153991579097,0.021221845304230696,-0.024429676659675034,-0.007762667821144871,-0.051910145289592494,-0.0036765120390792254,0.008568345182513388,-0.03183089179247066,0.021582677592383814
survivor_670_basin_681_candidate_816_gencluster_816_conf_005491_implicit_min,0.011197560714008077,-0.03569964919806388,0.0011114215476152277,-0.017170779197913287,0.03116549682204823,-0.040373145721110115,-0.029172612989225674,-0.025484046013952447,-0.02196271119225475,-0.012404448818202863,0.00955482423433368,-0.03870410446626842
survivor_671_basin_682_nma_bh_candidate_706_gencluster_706_conf_010197_implicit_min_hop_000_mode02_m0.75A_implicit_min,0.0024661739243169124,0.018069102681699645,-0.03796983140018267,0.0041906672575262515,0.007492531974506584,-0.01221121763532079,0.0075545970848111405,-0.010426724000400468,-0.0440023187573186,-0.0016592490041523055,0.017291717704054476,0.020845443428892708
survivor_672_basin_683_candidate_2286_gencluster_207_conf_122469_implicit_min,0.032198858605286484,-0.02549414994599719,0.001405899154290774,-0.0413454542294193,0.02664052211651527,-0.01703630393733645,0.0047992894250657924,-0.012842751876458523,-0.020096215129857202,-0.030038093478166442,0.015059851910734242,-0.044365134704954144
survivor_673_basin_684_candidate_1319_gencluster_1319_conf_086487_implicit_min,-0.0039706805580663,-0.004202096439194191,0.05112475174154789,0.036258649625158706,-0.028716314794419356,0.01194120950121239,0.022567944273261017,0.005816872805125104,0.02244665697327657,0.014944532076001722,-0.0138162484437127,0.0445814723132623
survivor_674_basin_685_nma_bh_candidate_2293_gencluster_217_conf_180539_implicit_min_hop_003_mode01_m0.75A_implicit_min,-0.03947529460620483,0.005033951726352369,0.006684285868917002,-0.017006745648983253,-0.009462666281536651,0.009158916414872438,-0.06113098443124157,0.01140109473427788,0.010441413005794686,-0.00612468204500667,-0.03626570160108843,-0.005660430548627402
survivor_675_basin_686_candidate_1308_gencluster_1308_conf_006860_implicit_min,0.018002928612466985,-0.004614169166186083,-0.00803247030764809,0.02339954133249201,0.008456292390540712,-0.0051735456164694205,0.0008573620761082744,-0.022732776123850523,-0.03329341835584139,-0.011943929246110617,-0.026819062952984883,0.031820287649540153
survivor_676_basin_687_candidate_529_gencluster_529_conf_184244_implicit_min,0.005717286726986654,0.018222818921323533,-0.0016217326082781092,0.036080383645037135,-0.03559587201871605,-0.006546705856465303,0.015231204307077043,0.05022450024405739,0.002760463461443568,0.014594613412796602,-0.0032456173329886134,0.011374370257082338
survivor_677_basin_688_nma_bh_candidate_2101_gencluster_2101_conf_074791_implicit_min_hop_002_mode02_m0.75A_implicit_min,0.01036811195456569,0.038091648591164026,-0.01262811613399956,-0.009129246879837743,0.01755341668376979,-0.02663748407896549,-0.007363490405705631,-0.011087574011149614,-0.008796322553937797,0.0030326346148323484,0.002033717658221644,-0.0024144436472275234
survivor_678_basin_689_nma_bh_candidate_1138_gencluster_1138_conf_004095_implicit_min_hop_001_mode02_m1.35A_implicit_min,-0.014036455209817349,-0.0033641854274722074,-0.027413165399181916,-0.010969014890561068,-0.02649036055527971,0.023851725418821194,-0.0014932499162791026,-0.003286126252494822,0.0025184449780825476,-0.02526474090331859,0.007145487927677245,0.045603520678621084
survivor_679_basin_690_nma_bh_candidate_703_gencluster_703_conf_042424_implicit_min_hop_002_mode02_m0.75A_implicit_min,-0.019752215046369336,0.00464849678653991,0.03352106770545104,-0.013135600747334723,0.030028034644125453,-0.006145636490274469,0.00024263741447769457,0.016403613485371248,0.018207153805471728,0.008333864401642037,-0.01875794137625631,0.04364853343849384
survivor_680_basin_691_explore_r02_hit_0025_conf_021657_implicit_min,0.03804494103186917,-0.0033632613231541417,0.017767466144800542,0.004200515434067643,-0.01668429353159176,0.0003678180394034655,0.02949049276668745,0.00323496192117469,-0.015898148263554523,0.0017617233596004893,-0.02529576265080212,0.0078070398461740475
survivor_681_basin_692_candidate_1430_gencluster_1430_conf_010000_implicit_min,0.029479628521377223,0.006023842883058871,-0.028560752210932905,0.0023605860771395482,-0.03492623060492194,-0.017135722558911545,0.026161611028270134,-0.004582572973953965,-0.025532707671148798,-0.011479532398125433,-0.02607543938358282,0.01972909400233715
survivor_682_basin_693_nma_bh_candidate_1154_gencluster_1154_conf_003210_implicit_min_hop_002_mode01_m1.35A_implicit_min,-0.007972198603387756,-0.03241408135686948,0.04084099681000408,-0.01620127569181475,-0.04289684120980364,0.0349171177817375,0.01170359092257101,0.04730090816880892,0.027038377135510865,0.002816022638423799,-0.007505210163149167,-0.014371231981357408
survivor_683_basin_694_candidate_1258_gencluster_1258_conf_113887_implicit_min,-0.001253490934000673,0.006618625129908331,-0.01404351783245476,0.01770121614592604,0.03301174146713337,-0.0029933130334059434,0.024653678393382537,-0.01799671266599793,0.00772372012351961,-0.003341801255222562,0.019640543271999555,-0.037556903117081146
survivor_684_basin_695_candidate_1427_gencluster_1427_conf_109088_implicit_min,-0.026635315725784186,-0.010083319008190083,0.028127208613579216,-0.02112130246321808,0.011305883849457144,-0.022761490997599408,-0.045884949398140674,-0.0037876504198140993,-0.013771178238118529,0.0026463127662161353,0.005934700864675569,-0.031686766416330614
survivor_685_basin_696_candidate_475_gencluster_475_conf_141311_implicit_min,-0.008246019225922607,-0.016739142645936764,0.004748046212112224,-0.01041636565720967,0.030693332336670195,-0.009319050112372308,0.011409489079177508,0.022328781467796488,0.0068971556806439425,0.02249112047989633,0.0034584449842015616,-0.0006990520428605737
survivor_686_basin_697_nma_bh_candidate_2867_gencluster_973_conf_126544_implicit_min_hop_002_mode02_p1.35A_implicit_min,0.021476419730621397,0.018881636260214295,-0.030536299098526218,0.011160868461661703,-0.038823738286070934,0.02829041495165378,0.006336855577587519,0.01030120615361095,-0.03784880303583157,-0.0456067423105321,0.012464114936760596,0.0011053292952754269
survivor_687_basin_698_nma_bh_candidate_1888_gencluster_1888_conf_021802_implicit_min_hop_002_mode02_p1.35A_implicit_min,-0.0311921027410961,0.030883565840686862,-0.023626699734534587,-0.005391587044384813,-0.017930577101261617,-0.009452742073181242,-0.02470043742763225,0.00892617625977826,0.03015693333951495,-0.016988141442586847,0.019155219214609574,-0.00466556715449327
survivor_688_basin_699_candidate_975_gencluster_975_conf_028844_implicit_min,0.003602305962692304,0.009508345512946615,0.03474409346399829,-0.03647972438227025,-0.03152927108699492,-0.005800812112187108,-0.005400973472267757,-0.00485949317399739,0.02257738558390946,-0.007456740660785961,-0.026330960416948802,-0.02353465054964359
survivor_689_basin_700_candidate_2686_gencluster_755_conf_155358_implicit_min,-0.006070171607860539,0.02056177332868185,-0.002229462562745112,-0.029305280910972106,-0.022436765958296093,-0.012921050858577808,-0.007521820199407433,-0.00236949766325535,0.011525097269053751,-0.011866663271081148,0.011426076641419288,-0.005905950268169734
survivor_690_basin_701_nma_bh_candidate_1744_gencluster_1744_conf_080354_implicit_min_hop_000_mode02_m1.35A_implicit_min,-0.00854930482956416,0.025668480370919275,-0.008529953960538822,0.04167806846274331,-0.009907240176598402,-0.023431214587848293,0.0031079910682195416,0.019587068315628554,-0.015084193676119174,0.025512795530615938,0.024494510827154557,0.023539098992170604
survivor_691_basin_702_candidate_2611_gencluster_643_conf_149885_implicit_min,0.01408211336416477,0.004516197026580688,-0.031167756711498757,-0.004863490063294902,0.023529172160489855,0.009221739153387738,0.010293951302408424,-0.01759872238572155,0.012645256803025433,-0.021976881650250236,0.009666300586828614,-0.015482461169996633
survivor_692_basin_703_nma_bh_candidate_2734_gencluster_813_conf_171932_implicit_min_hop_001_mode02_m0.75A_implicit_min,-0.01306540705399793,0.04688455194106893,-0.008822117733891776,-0.010860535914157728,-0.00039239488254067055,-0.030400736266669847,-0.04100164081273323,-0.01880946577397717,-0.0023678062896126083,-0.01084940899844975,0.004604519765908714,-0.0018904813146922647
survivor_693_basin_704_nma_bh_candidate_896_gencluster_896_conf_007510_implicit_min_hop_002_mode01_p1.35A_implicit_min,0.008906698079575599,0.019373022309412385,-0.017901590964776545,0.006051906527792679,-0.011191871050052194,0.006364850100131092,0.012084038312877196,0.030090703761661983,0.03740915293579407,-0.0023949852204350236,-0.014580300230242151,-0.020862055567684133
survivor_694_basin_705_nma_bh_candidate_2457_gencluster_433_conf_149315_implicit_min_hop_000_mode01_m0.75A_implicit_min,0.005042309644877784,0.021290044053402086,0.024704139961104616,0.05901214080550748,-0.026199258171293375,0.031133630749508884,0.020080045405826467,0.005508717647383245,-0.023762241410056704,0.012460738914547161,0.0013211422165913967,0.0445510978490406
survivor_695_basin_706_nma_bh_candidate_1045_gencluster_1045_conf_012052_implicit_min_hop_000_mode02_p1.35A_implicit_min,-0.00848667999950081,0.03158191733138199,-0.00204297689419597,0.014817502403112472,-0.004755678744482093,-0.029568113070715236,0.004555411256847508,0.011984002918652212,-0.010651461011803707,0.04915209998284942,0.009377503874874816,-0.008600093044657925
survivor_696_basin_707_nma_bh_candidate_188_gencluster_188_conf_172172_implicit_min_hop_001_mode01_p1.35A_implicit_min,0.013489139553630037,0.0253076343263641,-0.009838817185360312,-0.009682897727277128,0.009099843245212428,0.009465601453661002,0.024582573982822473,0.006384540196395561,-0.013346411804187152,-0.004586585479582015,-0.02399950869950824,0.009287632189471788
survivor_697_basin_708_nma_bh_candidate_1045_gencluster_1045_conf_012052_implicit_min_hop_001_mode01_p0.75A_implicit_min,-0.027883718264471107,0.055452034814016934,0.007835338903135048,-0.0022032836389725124,-0.013566279655942075,-0.011399124423106326,-0.00217882295295335,0.01024882452906763,0.013963437395196688,0.03701670633300383,0.002745992633432437,0.0053316839308938
survivor_698_basin_709_candidate_1633_gencluster_1633_conf_191741_implicit_min,0.005129415271364206,-0.024218627355011107,-0.017906211479449458,-0.009461683987054194,0.01300062705205771,0.006968725393557612,-0.01869745362409831,-0.018126933581222526,0.006921842390647018,-0.020028120057616467,-0.0036241532133874173,-0.0004915666047346926
survivor_699_basin_710_explore_r04_hit_0030_conf_039890_implicit_min,0.01973211206257297,-0.036182072103446164,0.0172120702342647,-0.033449334443037444,-0.03069084446978613,-0.030531806668619984,0.03386646054345252,0.01248854214549114,0.008663593830342757,0.010832897256711124,-0.041599597208414454,-0.014687540970036553
survivor_700_basin_711_nma_bh_candidate_1920_gencluster_1920_conf_068917_implicit_min_hop_000_mode01_p0.75A_implicit_min,0.020258131659044682,-0.034700143324056076,0.003907741944021395,-0.014263051815596535,-0.032703363101493174,-0.03477487513596899,0.03525072309091356,0.008053524773723744,0.006878156505562359,0.011616450524706884,-0.04684273827953399,-0.0019557631319279023
survivor_701_basin_712_candidate_207_gencluster_207_conf_002406_implicit_min,0.041705956787679584,0.008576020169457695,-0.01792967213362104,-0.005176942514216578,0.03051696597019436,-0.016497124036543572,-0.0023426736366936626,-2.8223417589970548e-05,-0.01717696938435074,-0.002519128745911987,-0.0007261425847762096,-0.02337032930740479
survivor_702_basin_713_nma_bh_candidate_2137_gencluster_030_conf_063074_implicit_min_hop_003_mode01_p1.35A_implicit_min,-0.007419677119094394,-0.010985113044298025,0.007530128059566595,-0.03409438107744015,0.01235110322739265,-0.05204272184667252,-0.005660764573016682,-0.04783041169698626,0.017927705489446676,0.022530287239741178,-0.017410818166187347,-0.03163619963440653
survivor_703_basin_714_candidate_1093_gencluster_1093_conf_042197_implicit_min,-0.016427163955074296,0.04652382534006824,0.012952509447704348,0.014794538527717113,0.007105821873264375,-0.017028530445034745,-0.0320312233634654,-0.016628385025886705,-0.01390245313064585,0.009839615756783762,0.01698747324315237,0.009409659089765324
survivor_704_basin_715_nma_bh_candidate_2792_gencluster_884_conf_057741_implicit_min_hop_001_mode02_p0.75A_implicit_min,0.016697031654037655,-0.025187246093707403,0.03327703439898919,-0.02794239897556779,-0.017894709098457758,0.012382826434938621,0.009363668652620893,0.007974725542468395,-0.007000680648423554,0.006977324440611108,-0.018836847867445307,-0.014606312609877924
survivor_705_basin_716_nma_bh_candidate_2734_gencluster_813_conf_171932_implicit_min_hop_000_mode01_m1.35A_implicit_min,-0.013275283857126306,0.042626615421780985,0.005323927530947046,0.005038391525822387,0.004028704905865236,-0.027346910615053455,-0.025979437790525875,-0.017816830294413603,-0.0003535859588028883,-0.0032541960708350626,0.02668564954784319,0.0007443431309163184
survivor_706_basin_717_nma_bh_candidate_2137_gencluster_030_conf_063074_implicit_min_hop_003_mode01_m1.35A_implicit_min,-0.005433079121535652,-0.008045392583866785,0.010789808640642941,-0.03516164802895953,0.0075830445356193195,-0.04864858806857637,-0.00457189479311411,-0.04426949141845364,0.009896286119339213,0.022996192732846733,-0.020343918221563645,-0.026600977917692625
survivor_707_basin_718_candidate_1540_gencluster_1540_conf_001405_implicit_min,-0.0009223682918456472,-0.020937366009929955,0.0021982990044722983,-0.030932610455169512,-0.02423727678754224,0.016024877360109966,-0.017380814302331914,0.023933508593083432,0.004510793651933684,-0.040061149024189634,-0.013640550881920024,-0.012692171415559905
survivor_708_basin_719_nma_bh_candidate_484_gencluster_484_conf_150688_implicit_min_hop_002_mode01_m1.35A_implicit_min,0.0045461036058644395,0.03981009033713967,0.009832162375788838,0.0035327245027083703,0.0498235669787747,-0.0108836077308464,0.013912802602078138,-0.03116324829094876,-0.014645160566942029,0.03524673592177089,0.016583931675944606,0.014641953618828198
survivor_709_basin_720_nma_bh_candidate_2478_gencluster_456_conf_103120_implicit_min_hop_002_mode01_m1.35A_implicit_min,-0.024872427546126313,0.00871475813939257,0.012456802951908649,-0.0277111402884461,0.017120921339378377,0.002221987372931538,-0.0046840497846539104,-0.04694272955741398,0.0381458027228593,0.007604864462021963,0.02144717989687155,0.001484531283454361
survivor_710_basin_721_nma_bh_candidate_323_gencluster_323_conf_140845_implicit_min_hop_003_mode01_p0.75A_implicit_min,-0.005231556724005496,0.002203736667702339,-0.01023076426515493,0.012762951038771462,-0.024159855994804618,-0.0037122906842895435,0.011720467691757193,0.034825399140861926,-0.014675477781298421,0.035006479515220006,0.027850220584729392,-0.0025136822761004053
survivor_711_basin_722_nma_bh_candidate_1632_gencluster_1632_conf_108386_implicit_min_hop_000_mode01_p0.75A_implicit_min,0.013912507019129737,0.01555873404506463,0.031079717230454256,-0.03584068875773564,-0.013300607237560165,-0.005411077394416455,0.009278955388063228,-0.002887792289779617,0.02742971362951667,-0.024157865059955323,0.0040798166639573075,-0.037197603800302466
survivor_712_basin_723_candidate_1617_gencluster_1617_conf_070480_implicit_min,0.0068287603669145045,-0.027692303103988212,0.005032944477880814,-0.012853248351865276,-0.0418555308323181,-0.004676544596090403,0.02491259097958186,0.000722446689746666,0.01288866757571238,-0.0021262429531823343,-0.03897800877523533,-0.019443850564964147
survivor_713_basin_724_explore_r05_hit_0054_conf_011781_implicit_min,-0.006986657957674052,-0.014144927124463507,0.06582591284105599,0.030115377559382275,-0.04235609341903787,0.009054305108228713,0.02037364606489461,0.036432125080233045,0.01971036304136747,0.04087124475609687,-0.02207363141779215,0.006999348974898154
survivor_714_basin_725_candidate_933_gencluster_933_conf_081073_implicit_min,0.009064805823766757,0.017056397435120645,-0.019701963353054745,0.0009946527434365746,-0.03037500607929594,0.03785025283931339,-0.0043187865380069,0.021892122352113456,-0.008281479409074371,-0.05629556803616903,0.022435329790229462,0.01582274347302159
survivor_715_basin_726_candidate_1068_gencluster_1068_conf_025219_implicit_min,0.006892418474458183,-0.03595158697868689,0.035298936319339135,0.006124613992829464,0.003153048270202167,-0.00786210404119007,0.027304928672884914,-0.02441645337497011,0.0006313996899918456,0.046244079636720836,-0.01474045122177727,0.01587698753233081
survivor_716_basin_727_candidate_1240_gencluster_1240_conf_026715_implicit_min,-0.009662548401490082,-0.018104254493129752,-0.029689459111236157,-0.025267140013660514,-0.021895266064869343,-0.011572769583419509,-0.03662896291657671,-0.006074878274990579,0.006216429781865433,-0.02604347512421492,-0.02088552688312478,0.014234788774705041
survivor_717_basin_728_candidate_2221_gencluster_134_conf_010123_implicit_min,0.009315257236037433,-0.03081162090087363,-0.00267828788893944,-0.027434483020382497,0.030212811967541952,0.017018319905357775,-0.019086579561952123,-0.012341189917868419,-0.006066778153865272,-0.042712893562880695,-0.01333058420839924,-0.03727481881973682
survivor_718_basin_729_explore_r02_hit_0065_conf_020132_implicit_min,0.02056252581941209,0.043205351223931036,0.03187303274649362,-0.01755683137444805,0.009026479916701234,0.027132125012554395,0.027634314636853227,-0.008621055322169042,0.017645703167051947,0.006108063237189524,0.012696482598213165,-0.031256624394600425
survivor_719_basin_730_candidate_428_gencluster_428_conf_046409_implicit_min,0.03193350968204781,-0.01577931583276647,0.021026410699156613,0.06090742153172881,0.019246298277265803,-0.011974553951099223,0.024752128421677875,-0.007353850293478762,-0.03250685306781587,0.03455488353469753,-0.001450049637083845,0.02835187840246294
survivor_720_basin_731_candidate_185_gencluster_185_conf_158484_implicit_min,-0.005696370624949885,-0.0360045736069134,0.026216832826741546,0.003039578178973995,-0.0038961842870528676,0.05757919361299892,0.027777128702234925,-0.004079062400413172,0.021309361368821764,0.011722880411424653,0.01347427828945331,0.011074200288795147
survivor_721_basin_732_candidate_1063_gencluster_1063_conf_106931_implicit_min,0.013310898265480634,0.013119816863610101,-0.01276361639128935,-0.00523119102288241,-0.02300750353538264,-0.016450240776150156,0.006733360201492188,0.011243618986938564,-0.00849797440393883,-0.03467876813619893,-0.040309777373720074,0.004239844873001781
survivor_722_basin_733_candidate_2729_gencluster_808_conf_165724_implicit_min,0.008658649560641773,-0.013059789087130572,0.0001826896889160375,0.026254681009281813,0.014426723402989878,-0.02084001377235926,0.0059710660151318,-0.03652792264299378,-0.024480023081861403,0.03265410505677368,-0.0003030101298600221,0.02486793561789931
survivor_723_basin_734_nma_bh_candidate_694_gencluster_694_conf_053743_implicit_min_hop_000_mode02_p1.35A_implicit_min,-0.02531976385867677,-0.030735365643478545,-0.04453791154140423,-0.01979596858320491,-0.02044099934450367,-0.019914152260602246,0.006006118661403814,0.018360907733049794,0.058716454077760355,0.00110966529896452,-0.006279089644648641,0.03882720766188845
survivor_724_basin_735_nma_bh_candidate_2739_gencluster_819_conf_086560_implicit_min_hop_003_mode01_m1.35A_implicit_min,0.014772149212675811,-0.0009945472645719697,0.023894600208223152,-0.019066888777964985,-0.01137264252227201,0.0371802633497341,-0.01971122434166675,-0.007458117253807937,-0.010226388163014308,-0.053871169165632365,-0.002796104556575403,-0.0004205145796210046
survivor_725_basin_736_candidate_2561_gencluster_573_conf_145726_implicit_min,0.01596548197613898,-0.0271108713632902,0.020102751559610835,0.025325833252950312,-0.0031343131717222745,-0.0227343981097416,0.004638478551542766,-0.02497775168247943,-0.01580068533086031,0.0007281308626070942,-0.03547332027529826,0.04019779833262236
survivor_726_basin_738_nma_bh_candidate_2879_gencluster_988_conf_169931_implicit_min_hop_003_mode01_m1.35A_implicit_min,0.04151656917197485,0.003489143886932683,-0.007427886154743681,-0.008432995937310422,0.03047229902925125,-0.020601354727481865,0.00985293848550383,-0.003124078923564276,-0.03462471425980499,-0.0034378821715983898,0.020053810413641886,-0.04864629200051452
survivor_727_basin_739_nma_bh_candidate_2863_gencluster_967_conf_115824_implicit_min_hop_002_mode02_p0.75A_implicit_min,-0.017185941879067437,-0.02966718307187719,0.009853485120659082,0.026930089283202587,0.0008721342905955987,-0.030227806703904736,-0.020725750183063354,0.016964162063757816,-0.022850967398094776,0.04055876514553312,-0.005171892435303028,0.0016408547228889123
survivor_728_basin_740_nma_bh_candidate_1684_gencluster_1684_conf_111666_implicit_min_hop_002_mode01_p0.75A_implicit_min,-0.009708610881892107,-0.009384264840255611,-0.013598959127859975,-0.02204288842041985,4.9205915984730096e-05,-0.022048763332095805,-0.035137837966103806,-0.029765049162073644,-0.011380232019240068,-0.02516590607261474,-0.02439961873242765,0.01348226123177966
survivor_729_basin_741_nma_bh_candidate_2799_gencluster_891_conf_103935_implicit_min_hop_001_mode02_m0.75A_implicit_min,0.0015271051899869378,0.045900193922695724,0.01387364204703375,-0.03110603567521347,-0.010836929946588338,-0.01730588488932425,0.004492826464861192,-0.02707073541096443,0.01798221327117113,0.024686888027012004,-0.02665091174033515,0.002556994102648491
survivor_730_basin_742_candidate_1200_gencluster_1200_conf_021556_implicit_min,0.03228090300332106,-0.016452015763916143,-0.01786010208623377,-0.01936790489604852,0.030265018459396494,0.010119438908807215,0.018181260562161867,0.0030243652055000985,-0.009238907650342219,-0.028555636896453396,0.013148537377009821,-0.0418535534508622
survivor_731_basin_743_candidate_696_gencluster_696_conf_199908_implicit_min,0.018859558343730664,0.034576928848597095,0.012737472173386345,0.016094186743476697,-0.028585893962475965,0.00023919123063186184,0.023344994816308293,0.013635927104341097,-0.006573818444796626,-0.028805416334918402,-0.009408028946620734,0.032178704462220147
survivor_732_basin_744_candidate_2756_gencluster_840_conf_126655_implicit_min,-0.0034324448657332,-0.03836853921422749,-0.03364830219482225,0.004680304987558763,-0.0036717762159070586,0.009068795941068375,-0.014702436810603743,-0.008723694983092776,-0.006515231198993465,-0.035137961722478545,-0.016266988859588966,0.03382544937120125
survivor_733_basin_745_nma_bh_candidate_2684_gencluster_753_conf_185631_implicit_min_hop_001_mode02_p0.75A_implicit_min,0.00885454936529034,-0.004325772052138508,-0.018697097293936465,0.018384658347927692,0.030881503038785386,0.03475357092487399,0.0155088696255218,-0.016658617740509127,-0.023363985713743804,0.02002246000348381,-0.029052939014739532,0.024083966358068438
survivor_734_basin_746_candidate_1402_gencluster_1402_conf_048227_implicit_min,0.00821065191277678,-0.03299873682098938,-0.014787484330778342,-0.01729121104386667,-0.015004410436055176,0.039173992490536394,0.02084996255161425,0.009590124732126285,0.0044558161919061035,-0.03318566124338869,0.015350677040429635,-0.012574079818919478
survivor_735_basin_747_candidate_2706_gencluster_779_conf_145530_implicit_min,-0.03638713756881603,0.001838817485350071,-0.020979946926330876,-0.030328058735741122,-0.0368729532949498,0.005245314619515358,0.004504988658282794,0.027393962086653265,0.05654880237041655,-0.005774844281527732,0.019233730980185357,0.03360564827262859
survivor_736_basin_748_nma_bh_candidate_1908_gencluster_1908_conf_138911_implicit_min_hop_000_mode02_m0.75A_implicit_min,-0.024510381283294937,0.029341815674174734,-0.027475771445442665,0.0056715514887548755,0.030748702050501397,0.008316755027962168,-0.019727537629417122,-0.025906262451055786,-0.0018653546013445135,0.010390248702197213,0.041637666004216534,0.017044838800748665
survivor_737_basin_749_explore_r02_hit_0074_conf_033541_implicit_min,-0.009477271118667235,-0.04577205024150269,-0.02518186579187616,-0.01901613207908471,-0.020336487638690136,0.011286338554039632,0.013382615380932656,0.03483969389611003,0.01665690352805142,0.019868504737981994,0.019802099129923735,-0.011753673663768852
survivor_738_basin_750_nma_bh_candidate_706_gencluster_706_conf_010197_implicit_min_hop_003_mode02_p0.75A_implicit_min,-0.00709363040112598,0.00975688541983135,-0.04777171370821681,-0.003227420604022867,0.015868733504319606,0.010021170026727184,0.010787212887280719,-0.008998863974595265,-0.026242382900015796,0.007648374398840096,0.022624758396799362,0.015259320424293982
survivor_739_basin_751_explore_r04_hit_0013_conf_043040_implicit_min,0.0438959127554149,0.011073750609131183,-0.0010420771735353044,-0.005773636360017343,0.009018013196693122,0.008869444392249069,0.034051753128978034,-0.00237282771946099,0.0052762197772067265,-0.0010785302497801398,0.0018704068268479265,-0.03780759762243344
survivor_740_basin_752_candidate_412_gencluster_412_conf_097685_implicit_min,0.002711403931897954,-0.01629127695562638,0.001963109201631187,-0.00831051078652347,0.034077854331610306,0.0011044381239686462,0.023535161025245527,-0.030529044247554874,0.0004306293455525842,-0.00802370806598782,-0.009901292781113801,-0.0029749177221064186
survivor_741_basin_753_candidate_867_gencluster_867_conf_127351_implicit_min,0.0028948326952119184,-0.04583812682511695,-0.02628044902564442,0.0015192373594214068,0.007566309489691883,0.01132163105128183,0.011052375316944267,-0.018790079638161362,-0.004488051542037044,-0.020026725669360833,0.034458680950057975,0.005877951426404016
survivor_742_basin_754_candidate_302_gencluster_302_conf_033739_implicit_min,-0.02470110703511252,0.022028788619632575,-0.01802702823324358,0.026122906612929285,-0.04446477904717274,0.008775214466218139,-0.0014911773897864425,0.04929035103568761,0.020842568442298495,0.00558269386070889,0.03509386652124307,0.02515558771565577
survivor_743_basin_755_candidate_625_gencluster_625_conf_165404_implicit_min,0.010480214062667843,-0.006171550981102625,-0.04804520968279012,0.014367450437930997,-0.013853151459823819,-0.010759023230959994,0.010968718991006753,0.01279496324993033,0.01172088113217045,0.0022377426613365862,-0.011976537361242762,0.02994180877009854
survivor_744_basin_756_candidate_135_gencluster_135_conf_140472_implicit_min,0.02986810331311887,0.0019612691312933116,0.036983872188072885,0.03434866362299869,0.026545434959938437,0.004161647075874964,0.016377748691336794,-0.014641060533389347,-0.009641539117846461,0.04147918643758102,0.009178031428652497,-0.03072001576349566
survivor_745_basin_757_nma_bh_candidate_2457_gencluster_433_conf_149315_implicit_min_hop_002_mode01_p1.35A_implicit_min,0.018052573573618284,0.015456917491759115,0.018950632842725895,0.04274975278282826,-0.005001260551326501,0.0022174112642696932,0.016175837776450663,0.003820351554272725,-0.0029000961481052893,-0.01652192964487228,-0.02211844355612811,0.03163966875555052
survivor_746_basin_758_candidate_2899_gencluster_1010_conf_074731_implicit_min,0.01037164986208061,-0.0342115601405849,-0.013579910010468143,-0.013059602675443534,-0.01760692296291508,-0.008967895335888269,0.00044284920876661797,-0.017113576608571508,-0.010748521880431367,-0.05166088227149355,-0.027796054900441083,0.02365395465802736
survivor_747_basin_759_nma_bh_candidate_2395_gencluster_349_conf_060719_implicit_min_hop_001_mode02_m1.35A_implicit_min,0.017239384044807203,0.016000481590562235,0.04713639034499041,0.03335939090347262,0.010082565351728781,0.003212650975447737,0.020746492504551742,0.012399013180042905,-0.00040990874452444747,0.022171245662817106,-0.012116749859497775,-0.025936999060381945
survivor_748_basin_760_explore_r03_hit_0048_conf_021292_implicit_min,0.00118644054875965,-0.0012001676271988762,-0.028508815029960506,0.03540344996024132,-0.016969114091552627,-0.048139112565884185,0.02203423124343435,-0.00016135240448294426,-0.003806167991517326,0.041920572525387154,0.010792422585753945,0.019327304055229335
survivor_749_basin_761_candidate_508_gencluster_508_conf_163842_implicit_min,0.010844632195530444,0.022410233370423274,0.0008141512628520327,-0.02142347230923776,0.005737044509155557,-0.01249785821035715,0.018754668962015855,0.015001712507446358,0.0033273315245329186,-0.0037714230886033515,-0.034896755496209665,-0.03489179160636761
survivor_750_basin_762_candidate_895_gencluster_895_conf_003715_implicit_min,-0.002853928313418816,-0.03639321172181841,-0.01685957572146411,-0.025129341957236342,-0.004150295058144144,0.016030730653521168,0.006667540355518269,0.01308725120072753,-0.009731763569583253,-0.008633878899107106,-0.03809910622283257,-0.021666193068114792
survivor_751_basin_763_nma_bh_candidate_2293_gencluster_217_conf_180539_implicit_min_hop_000_mode01_m1.35A_implicit_min,-0.03485637872885116,-0.023309158579379992,-2.4931724421343793e-05,0.026786447205367245,0.01488391693624077,-0.04222726239862674,-0.059816030218563326,0.0017532084698016995,0.006573517320396871,0.006232318289440427,-0.02302502372280311,0.0026567855695031465
survivor_752_basin_764_explore_r01_hit_0102_conf_034783_implicit_min,0.005332489113192797,0.029675433267735796,-0.024134317957786172,0.01579369335928237,-0.030333974796095623,0.01592738285418226,0.02758095436029071,-0.014887903097821266,-0.019300240826654404,0.010491743476226702,0.02437073202017068,0.02864088930139357
survivor_753_basin_765_candidate_2303_gencluster_228_conf_090214_implicit_min,-0.037100865591188054,0.0057972321019574,0.021286835142838526,-0.00885966649522587,-0.006227888984223595,0.0034625351908889046,-0.04573855281897326,0.01402631740802453,0.023938621817622092,-0.0077658941473719295,-0.035843245924045516,0.0015200487721109355
survivor_754_basin_766_candidate_787_gencluster_787_conf_067684_implicit_min,-0.011990929911077685,0.034328926059967554,0.008152562608940725,0.009072035711741182,-0.002346076692598401,0.01919982499943932,-0.008388945401483874,0.04691668492794697,0.009453153670222847,0.014271944244625492,0.015749170280345635,-0.022852310017847325
survivor_755_basin_767_nma_bh_candidate_2328_gencluster_260_conf_086582_implicit_min_hop_003_mode02_m0.75A_implicit_min,0.018586086893449046,0.02208309408394005,0.003025247059900677,0.035223309257373187,-0.04156749225132694,0.016375480731522094,0.01875643455470076,0.031273656192748966,-0.021290822341254387,-0.029199179675319573,0.002571844896525636,0.02786634383198292
survivor_756_basin_768_candidate_1811_gencluster_1811_conf_016273_implicit_min,-0.00385092957092075,0.0039023841527505996,0.02104909564357745,-0.006247272117426454,-0.008648183814599433,-0.04163101204727735,-0.036242794818766855,-0.015817315366735515,-0.0058320026119087764,0.014250515189137305,-0.05329237145766041,-0.002645235528963078
survivor_757_basin_769_candidate_2966_gencluster_1100_conf_028562_implicit_min,-0.03843554950848943,-0.02916883266852052,0.013066559274026888,0.024152874352590892,0.03241061196919417,0.004854754910925812,-0.026793703754394372,-0.04275290378402518,0.008182969203303239,0.012535609101525578,0.029157551742626565,-0.001958782076460386
survivor_758_basin_770_nma_bh_candidate_1168_gencluster_1168_conf_154905_implicit_min_hop_001_mode02_m0.75A_implicit_min,-9.883717729001676e-05,0.044153767882654696,-0.011261649900200702,-0.027728133233357724,-0.029391206428570498,0.0037077805698311245,0.017254560766035966,0.017272859110916233,0.05918810256779211,0.002502467588560683,-0.020232413921500794,-0.0037736326684423816
survivor_759_basin_771_candidate_2481_gencluster_461_conf_149638_implicit_min,0.011496504164090626,0.00023034588057811118,0.03300970348691613,0.035727148331859165,0.038332689129560185,-0.02758869150571394,-0.002989161941261752,-0.022895034840516897,-0.030846009744315506,0.05391916441548654,0.025805828717696388,-0.017336566717754427
survivor_760_basin_772_explore_r01_hit_0025_conf_000230_implicit_min,0.039920886823116876,0.009825617355172527,-0.0027493763248583165,-0.03272668523845566,0.004883574445165669,-0.034682378769217675,0.034788963436378,-0.010627605013367215,-0.000949961983068666,0.020078139628259856,-0.026581277176536116,-0.030755776794530204
survivor_761_basin_773_nma_bh_candidate_2126_gencluster_018_conf_131165_implicit_min_hop_000_mode02_p0.75A_implicit_min,0.007030997042478327,0.02640036935196155,0.015542361976276266,0.01910975056716435,-0.030293981016552025,0.0038778524114512236,-0.0048506302826666495,0.026092260682432433,-0.011104483139214156,-0.015410172983011393,-0.02632841476976158,0.022794372121758888
survivor_762_basin_774_nma_bh_candidate_2799_gencluster_891_conf_103935_implicit_min_hop_000_mode01_m0.75A_implicit_min,0.022189257777625343,0.028060147361240084,-0.013648479734720597,-0.009772442132260334,-0.005414344190336537,-0.05278328436974116,0.004489612357337404,-0.04017357468888272,0.006200650382758411,0.01902798757090219,-0.027367051527485572,-0.0003765900983398363
survivor_763_basin_775_candidate_2644_gencluster_692_conf_094212_implicit_min,-0.004232047240492125,-0.02301454121981199,0.026799779585294878,-0.018062232844462855,-0.00773825289419227,-0.005246308466954909,0.0037367612506096584,-0.001697483369147461,0.023136137791165415,-0.009700168245512756,-0.020651527618476242,-0.022408202627024074
survivor_764_basin_776_nma_bh_candidate_082_gencluster_082_conf_089503_implicit_min_hop_003_mode02_p1.35A_implicit_min,0.004961823154842722,-0.002970836877874354,-0.033710501471602296,0.022510122671902347,0.004498525517904143,-0.0020885300594442042,0.0006214231342658167,0.03739595858490401,-0.03108230652092864,0.0037437213743362415,-0.018286198417062378,0.0045661854915087065
survivor_765_basin_777_nma_bh_candidate_1266_gencluster_1266_conf_074504_implicit_min_hop_000_mode01_m1.35A_implicit_min,0.025399910605891945,-0.007554016003420664,0.0417988950987803,0.024955118045991098,0.029481671125084423,0.009921508711966977,0.025279616115641317,-0.007035817737012056,-0.014611207222023944,0.0364599361253099,-0.003306552479880113,-0.03713024821762718
survivor_766_basin_778_candidate_2004_gencluster_2004_conf_032747_implicit_min,-0.037075546342890765,-0.026311993566528788,-0.013163062650021685,0.006748199059448576,0.010718132362435672,-0.034105650381521795,-0.03284725185193244,0.017818671676464132,-0.009990525586805372,0.006214332305207183,-0.0012811726543830709,0.0275472867745334
survivor_767_basin_779_candidate_2216_gencluster_128_conf_035666_implicit_min,-0.025882943989198423,0.022565301722558103,0.0005188708281014906,0.011322899285685178,0.01215850764871364,0.0077062216630865215,-0.05336984624134276,0.029789567992914715,-0.009436886648026808,0.00835863328293912,-0.004688665491097843,-0.021090067046413728
survivor_768_basin_780_nma_bh_candidate_2293_gencluster_217_conf_180539_implicit_min_hop_002_mode02_p0.75A_implicit_min,-0.03534371649147309,-0.02072525642774636,-0.0018673890935983104,0.019997293215258824,0.01682455535244222,-0.038253235062199714,-0.06463540515132049,-0.00861226001670583,-0.0035398698301753583,0.010550162564343902,-0.021247713278883213,-0.009286843208134811
survivor_769_basin_781_candidate_2014_gencluster_2014_conf_005439_implicit_min,-0.028786226800207617,-0.01300815809570864,-0.016718374204804546,-0.0005351668208911821,-0.04665504057630671,0.003730243399486915,0.004583608354933002,0.017734279839321895,0.05129031018083773,-0.01192573995779731,0.011518919055337104,0.035169285955108265
survivor_770_basin_782_candidate_2866_gencluster_972_conf_137313_implicit_min,-0.013282626037477579,-0.043955969181908784,0.022314042141660193,0.006393479341284007,-0.002609229230255363,0.05239457636502197,0.01881111507656158,0.022705031467371233,0.01695764860012322,0.018041807584866048,0.016321138089586164,0.01636730437091576
survivor_771_basin_783_candidate_723_gencluster_723_conf_068379_implicit_min,0.0008551953911440794,-0.0045897484058429056,-0.018359724496698638,0.02630896402449186,0.039391952652021466,-0.001406941560654269,0.01315412717659227,-0.004822661682115921,-0.013748760743502609,-0.015242309878090178,0.04015125604914096,0.014401545635056493
survivor_772_basin_784_candidate_2881_gencluster_991_conf_028359_implicit_min,0.0122995392521404,-0.01623654073848228,0.0019517522677119478,-0.02310846135664343,0.012539952670256465,-0.018970787183904363,0.0077795308490216245,-0.016157143537672076,0.011843189118408507,-0.02963856208159883,-0.027830060740400637,-0.025957702393028383
survivor_773_basin_785_candidate_2352_gencluster_290_conf_041075_implicit_min,0.013901233429986995,0.022648410913928496,-0.032989937653237544,-0.0025181119001638414,0.011152217314216282,-0.03893278367840508,-0.0088128150863875,-0.028173544865279572,-0.01824255584103363,-0.0120054621528458,0.010554846368285352,-0.005270539783419923
survivor_774_basin_786_explore_r03_hit_0022_conf_034258_implicit_min,-0.03882864677114087,-0.008846444172938905,-0.01448497356616515,-0.021550829683693436,-0.006582142192518294,0.01433444760477344,-0.011313112428023232,0.049789704973735874,0.02698461918736367,0.008696484582153906,0.02858686063307589,-0.018213087785746127
survivor_775_basin_787_nma_bh_candidate_369_gencluster_369_conf_030202_implicit_min_hop_000_mode02_p1.35A_implicit_min,-0.003977892378399065,0.005802786973570368,0.038069235213800165,-0.0052569452115933364,0.038073034642557235,0.023959152268594498,0.013176325977149897,-0.03213344254797691,0.021757146457607495,0.013322212880871046,0.03107010902573302,-0.01279891048536589
survivor_776_basin_788_nma_bh_candidate_323_gencluster_323_conf_140845_implicit_min_hop_000_mode01_m1.35A_implicit_min,0.0025137456592106374,-0.0062385210016260685,-0.004880620067778563,0.030732473448621192,-0.0324822405366891,-0.009401202186506906,0.01852129511986486,0.02365582832558934,-0.018221953662265186,0.03991550572784704,0.010221256061358366,-0.009314566642647865
survivor_777_basin_789_candidate_472_gencluster_472_conf_108829_implicit_min,-0.010123378893533855,0.039285180307393905,-0.024359119469124474,-0.008246766938949806,-0.01287857804322806,0.03286701101112992,-0.009404878443828018,0.02201361530308387,-0.0025970620027855823,-0.03596140032069614,0.033999151239833235,-0.0070718956237389346
survivor_778_basin_790_explore_r01_hit_0037_conf_004848_implicit_min,-0.012284620731381903,0.00629790760310451,-0.038932145076116115,-0.009044136252013618,0.01811285799890611,-0.020684195931422955,-0.013370095492260405,-0.04927328512122294,0.015316498158241055,0.01979551333448984,-0.004605990494412582,0.005166348877256066
survivor_779_basin_791_nma_bh_candidate_2101_gencluster_2101_conf_074791_implicit_min_hop_003_mode01_m1.35A_implicit_min,0.004261341472681495,0.047453087185494944,0.002189978046069385,-0.011884428776238024,-0.0014913849275449023,0.004864882512753363,-0.0006754558921400746,0.008865382745507862,0.010374555736056933,-0.01069500140495854,0.020890624605165664,-0.0011179457195535018
survivor_780_basin_793_candidate_1547_gencluster_1547_conf_009824_implicit_min,0.002567513213118758,0.04383714653837723,0.02825409864148252,0.004351275608742489,-0.01779305142869634,-0.002862342165427982,0.006670347713709166,0.032327846794780145,0.012201281026765076,0.02608970832938515,0.0010564372924994367,-0.012528741944016326
survivor_781_basin_794_nma_bh_candidate_1228_gencluster_1228_conf_073136_implicit_min_hop_002_mode01_m0.75A_implicit_min,-0.00885000975166138,0.022262403749449253,0.024050589859014773,-0.058133893815114995,-0.03123610593680777,-0.02327370265420686,0.0034777859510652922,0.006280208303494462,0.05539886519389137,-0.02321836313863889,-0.03345389629902021,0.013789337149344424
survivor_782_basin_795_nma_bh_candidate_1228_gencluster_1228_conf_073136_implicit_min_hop_003_mode02_p1.35A_implicit_min,-0.013459666972253837,0.030737388225192355,0.016412429717332113,-0.04684819791215514,-0.052160666633922895,-0.00899596638396065,0.007863426650211187,-0.008970742017301385,0.055569757204421324,-0.020158105276748387,-0.03180508287458531,0.014783936483268383
survivor_783_basin_796_nma_bh_candidate_1549_gencluster_1549_conf_001708_implicit_min_hop_003_mode01_p1.35A_implicit_min,0.01986410239139246,0.007210528487449956,-0.009658423446442523,-0.003017299019462153,-0.024592224856823358,0.051807539972665614,-0.001893940450383458,0.011993199166764557,-0.01995151069553029,-0.05901146146175781,0.0028433131894543048,-0.008305183247692792
survivor_784_basin_797_nma_bh_candidate_2799_gencluster_891_conf_103935_implicit_min_hop_002_mode01_m0.75A_implicit_min,0.013465166825882354,0.03599669271193696,-0.021131157144561506,-0.024205709639900975,-0.010386945723867095,-0.04919355431784038,0.004911338548190587,-0.022784816435871325,0.00495690241575654,0.021733386016546632,-0.018827371527826563,0.0039881746216724285
survivor_785_basin_798_nma_bh_candidate_1908_gencluster_1908_conf_138911_implicit_min_hop_002_mode01_m1.35A_implicit_min,-0.03514686274999067,0.029519869512183685,-0.026830458136980363,0.008326051005750252,0.007344779504302545,0.021557320328339524,-0.037513884817893854,-0.02422171734562916,0.008708810763389009,-0.009774879786709567,0.03403481512866785,0.012164493728152521
survivor_786_basin_799_nma_bh_candidate_2136_gencluster_029_conf_073146_implicit_min_hop_002_mode02_m1.35A_implicit_min,0.033709029040699175,0.008448996773617726,-0.024317072037657327,0.011968085437967683,-0.018349336289239196,-0.027183385475808515,0.00454456049345165,-0.00581445878386062,-0.02198394946667633,-0.050533106452809805,-0.021022768174126072,0.002092043361986933
survivor_787_basin_800_candidate_1163_gencluster_1163_conf_027019_implicit_min,-0.027642763205830683,-0.01186820766764523,0.02660466454970343,0.018346622868135355,-0.0018802763459181996,0.014421313803121767,-0.0016065582607407219,0.03824175257684502,0.01005097425754187,-0.0020758282744727337,0.041557619285553404,-0.002649243115659194
survivor_788_basin_801_candidate_2704_gencluster_776_conf_068606_implicit_min,0.004965199211079282,-0.014883578175154583,-0.01720597207169267,0.0045908915615216345,0.01413332010586571,-0.014123477910092984,-0.016171571315853162,-0.02784102135693501,-0.016383890753679898,-0.034460378265564084,-0.03762569980709581,0.025322658291796384
survivor_789_basin_802_candidate_1278_gencluster_1278_conf_094511_implicit_min,0.012129158491665825,-0.01059774871622114,0.008853511192334972,-0.00736444368009822,-0.009140943484760227,-0.0027238818339037534,0.019121694281308724,0.0009285876681996937,-0.007133892690267239,0.014467705048205801,-0.021624787658262066,-0.0073142019793055665
survivor_790_basin_803_candidate_1905_gencluster_1905_conf_080516_implicit_min,0.014041207974336504,0.02739144097127017,-0.0008622780157084493,0.006984310713614138,-0.018547122463592,-0.012002416307890422,-0.018705700712445553,0.015174476857634036,-0.021000953094690224,-0.049385961207323276,-0.022542733341074803,0.005501929317115642
survivor_791_basin_804_candidate_1559_gencluster_1559_conf_043301_implicit_min,-0.0024134681095995996,0.02416684262281418,-0.02337306016422188,-0.0244706462192509,0.013796155822628269,-0.013212219294262112,0.018925259365201317,0.0027785916958436426,0.03520383835961534,0.003569471249562658,-0.022191642343399702,-0.014808754702961533
survivor_792_basin_805_candidate_1937_gencluster_1937_conf_003184_implicit_min,-0.0032443763461416112,-0.0275129650710206,-0.025443730924517044,-0.00011081994851784051,-0.05022775774502588,0.0012601230784010182,-0.024701763008809028,0.015671563063878815,-0.004034887953095167,-0.047578370500756265,-0.03143862497068626,0.014830994655980739
survivor_793_basin_806_nma_bh_candidate_2739_gencluster_819_conf_086560_implicit_min_hop_001_mode01_m0.75A_implicit_min,0.013422154094316572,0.01247316324997514,0.014033913902540806,-0.025547437649703714,-0.012107771821689258,0.028265431414064526,-0.004135696242732678,-0.01107821384661356,-0.007146354051738153,-0.051446763642023156,0.005248007237494465,-0.010850945383964371
survivor_794_basin_807_candidate_1790_gencluster_1790_conf_003774_implicit_min,-0.0044246565738673,0.03512266169213684,-0.018107137946806608,-0.010549227837667754,0.01672960784990068,-0.018242039755996423,-0.01141845017357725,-0.0016722340496103556,-0.025391255201530842,-0.014006811458262223,0.05249522862434171,-0.011931236966259478
survivor_795_basin_808_nma_bh_candidate_1891_gencluster_1891_conf_036811_implicit_min_hop_001_mode02_p1.35A_implicit_min,0.05620239269482938,0.0013985151915429106,-0.005709025128919488,-0.004144700938224025,0.001312582958403007,4.1514445171572615e-05,0.003985701352986625,-0.009217322289448446,-0.04577187172348321,-0.04202695873499163,-0.012168995937829708,-0.009939318641384554
survivor_796_basin_809_nma_bh_candidate_1519_gencluster_1519_conf_015687_implicit_min_hop_000_mode02_p1.35A_implicit_min,0.027597987386378794,-0.009922602614825367,0.0022652304815125235,0.019869891160448835,0.01530494986820128,-0.012441168965681199,0.012562081341004287,-0.0034599601723717876,-0.023109377198472673,0.035697365577825796,-0.010301049749983252,0.027395020898224737
survivor_797_basin_810_candidate_2186_gencluster_089_conf_097453_implicit_min,-0.019586160347640224,-0.018442538469952672,0.005842573302050202,0.03340955911519279,-0.017175044238756536,-0.059227266567303774,-0.04768654962450472,-0.010549829480474327,-0.02078110493253978,0.022936155816159917,-0.037347869492948604,0.01768725361698567
survivor_798_basin_811_nma_bh_candidate_2395_gencluster_349_conf_060719_implicit_min_hop_002_mode02_p0.75A_implicit_min,0.020663691984369088,0.038280922409694586,0.02733861025509398,-0.024297429976247054,-0.013214701086846463,0.008740852416477677,0.018772942320202303,0.009050868690877881,0.009370949359378936,-0.02531860729021445,0.005333050614998977,-0.038621816107275615
survivor_799_basin_812_candidate_2676_gencluster_739_conf_166647_implicit_min,0.016264704726234577,0.00942980483712088,0.0006076597685387235,-0.03816450441251936,-0.0015477956013696971,-0.01751793580378697,0.02457470945325268,-0.020746373174033418,0.030742431958407392,0.02743054911732462,-0.03387494267405348,-0.03140088271383403
survivor_800_basin_813_candidate_841_gencluster_841_conf_112197_implicit_min,-0.025726778749647173,0.0033304331392566755,-0.02539633280480341,-0.03838146473847127,0.0018378499576897323,-0.01659344851791714,0.012597432525818172,-0.022026263990070658,0.04999743660372003,-0.004528717400331016,0.00977267446781905,0.03721023178297737
survivor_801_basin_814_nma_bh_candidate_2779_gencluster_868_conf_171044_implicit_min_hop_000_mode02_m0.75A_implicit_min,0.005578435870277857,-0.02384242750632667,0.00010676206401438446,-0.055835360180665324,0.04982035334241734,0.01610219109764973,0.02094674029500745,-0.0405178276133775,0.014601812294734465,-0.007999957341192928,0.0057517563848287455,-0.025289356766746672
survivor_802_basin_815_nma_bh_candidate_1632_gencluster_1632_conf_108386_implicit_min_hop_002_mode01_m1.35A_implicit_min,0.02855823808113872,0.03427247051172286,0.021606849261184145,-0.02707518554340123,-0.005927036885567289,-0.006406489624919422,0.01580315469975095,0.017476039867075664,0.029312370087803734,-0.015432406886433218,0.0004382429181517556,-0.035146733067603186
survivor_803_basin_816_nma_bh_candidate_1744_gencluster_1744_conf_080354_implicit_min_hop_003_mode02_m1.35A_implicit_min,-0.010173363390106247,0.02200238439206905,0.0013962159134710565,0.0503507953753066,-0.0037534111989111847,-0.013931838533908177,-0.0016244011879368136,0.013752012483996469,-0.0205700253369792,0.024745106996736058,0.02558679891026553,0.01361490075313061
survivor_804_basin_817_candidate_1478_gencluster_1478_conf_090153_implicit_min,-0.003824414126959345,0.0006400949610332243,-0.007598159998831575,0.0017034609776706367,0.02289643102618676,-0.008720251763133083,-0.027393009482802926,0.01965109659411777,0.007762971986678354,0.007002362562000036,-0.018373525259468195,-0.03659257110076896
survivor_805_basin_818_candidate_1491_gencluster_1491_conf_065378_implicit_min,0.024695178464351517,-0.013410704663294555,-0.03528630482523285,0.020481560322533492,-0.019892678343822277,0.05070591155280258,0.01850476197394729,0.00367794982091471,-0.023661076020035324,-0.04932269627816956,0.009682254356307839,0.015924972069791606
survivor_806_basin_819_candidate_774_gencluster_774_conf_054469_implicit_min,0.030484683329447048,0.020766757587609028,0.006349646440673312,-0.027804248585933226,-0.010351449404318636,-0.007159193042396675,0.03180262570623542,-0.0025008367029495885,0.010033963702677264,0.023609596463177434,-0.017922554835573343,-0.04145072330272452
survivor_807_basin_820_candidate_1041_gencluster_1041_conf_178061_implicit_min,0.002615081515385994,0.02241272225510882,-0.03111257959602788,0.0023264524035544938,0.003072101566635211,0.01736394456142065,0.013201612681339748,0.01851044871676342,0.030969608401460673,-0.004176488185931064,0.003115187744683756,-0.00029011618994843403
survivor_808_basin_821_candidate_2646_gencluster_695_conf_070750_implicit_min,-0.005864824271165015,-0.01787247081377639,0.002833510307711091,-0.013398825745248966,-0.010129317008387723,-0.01693509648916248,0.006193324179449352,0.01250160767594794,-0.025746348971403474,0.010405424701809197,0.019371829783665643,-0.002067054288135936
survivor_809_basin_822_candidate_1932_gencluster_1932_conf_017575_implicit_min,0.042161308669804526,0.005673122649844884,0.021327343598601518,-0.0001637432407013365,-0.006233050576093712,0.01187617411769954,0.001954689361568368,0.012664580080331528,-0.03516646141658265,-0.0395256406013096,0.009094002046714922,-0.017662522175533185
survivor_810_basin_823_nma_bh_candidate_1519_gencluster_1519_conf_015687_implicit_min_hop_001_mode02_p1.35A_implicit_min,0.03679900707092504,-0.007910588700215451,0.0043047603638770885,0.031535141735481206,0.015503475475963781,0.0059404476612092885,0.022933072078947226,-0.022770724148769097,-0.02175469667832139,0.02034636680968274,-0.008979028569392427,0.019168172737047472
survivor_811_basin_824_candidate_2872_gencluster_979_conf_000777_implicit_min,-0.003446943686155362,0.007716387285725569,-0.011796041496823772,-0.009110853134494251,-0.00919419134187629,0.009930315159534783,-0.0011494026387065604,-0.03747840398165494,-0.007869613267541405,-0.017527525221138953,0.033534965870815524,0.029212536584087567
survivor_812_basin_825_candidate_1618_gencluster_1618_conf_002879_implicit_min,0.035387314496014476,-0.018818380775444583,-0.0273167859949819,-0.005375268812580314,-0.0011395704752481036,0.0027820839029409987,0.00834489497991044,0.013268244079088868,-0.006867789054180001,-0.02298655804830316,-0.002860638534605055,-0.007895047191754111
survivor_813_basin_826_candidate_2585_gencluster_609_conf_141450_implicit_min,-0.029972970411923417,-0.023432032095617814,-0.03433744346121698,0.005310401404491339,0.0023083240468467934,-0.028157461253785036,-0.055922904292382856,-0.001731429800096098,0.006644252993137541,-0.011083983015996387,-0.030274637799643084,-0.009153791117415414
survivor_814_basin_827_nma_bh_candidate_1138_gencluster_1138_conf_004095_implicit_min_hop_002_mode01_p1.35A_implicit_min,-0.015513592946818443,-0.0027881332227984315,-0.022643358883895293,-0.019912998353617706,-0.0023872414359951584,0.03525185959508455,-0.008413579615361133,0.0032933121840934307,0.004418536138496273,-0.021282643886697504,0.013129490003994345,0.032005370634979366
survivor_815_basin_828_explore_r01_hit_0040_conf_002054_implicit_min,-0.007699874727617448,0.023001491739662625,0.00984733268020175,-0.007835847573227592,0.028020849935159603,0.022304626196322515,0.01891277873482657,0.011970473039773867,0.03290489117078415,-0.00442460590678896,0.027741173249500567,-0.018856651397246214
survivor_816_basin_829_candidate_2607_gencluster_639_conf_030363_implicit_min,0.004871240728619681,0.03378967593265968,0.04996665224730354,0.011709221174825145,0.012512488576484551,0.014748112802437355,0.006830479269102871,0.019329339845149666,0.02045235584886779,0.0079663919128884,0.0165185448667745,-0.02650622682257944
survivor_817_basin_830_explore_r05_hit_0029_conf_011921_implicit_min,0.020923070970367736,-0.0034532042781629598,0.027305577427106733,-0.027197933287866984,-0.03553399692607696,-0.005730109122990824,0.028365432630217225,-0.017786073646478932,0.0028053638754231545,0.013227100825125076,-0.042593458969288095,-0.013609524657510945
survivor_818_basin_831_candidate_2114_gencluster_004_conf_063048_implicit_min,0.014631554042581017,-0.02108713123194779,-0.01702566635010456,0.04065264204007744,0.030804798632829984,0.037180635484957814,-0.002008402549717408,0.014777992345811192,-0.021406003711887396,-0.011358148635922685,0.011548146513039023,0.016445510670028755
survivor_819_basin_832_nma_bh_candidate_896_gencluster_896_conf_007510_implicit_min_hop_001_mode01_m0.75A_implicit_min,-0.006257468517753758,0.013467889116566023,-0.0244965483233565,0.013523589335621358,-0.006774683510228605,0.021928115291446875,0.007464737502564451,0.04231472366310234,0.02757694081754585,0.012359628614435852,-0.010378463239765696,-0.015640379067767406
survivor_820_basin_833_candidate_1220_gencluster_1220_conf_071843_implicit_min,0.019795142398085247,-0.02879970302825098,0.04736408890961386,0.030548795487479338,-0.003483487299368775,-0.006244708504113925,0.027818843664828282,0.007102463806121568,-0.018760118880783282,0.033232170098144644,-0.020088944224001593,0.002688294572927924
survivor_821_basin_834_candidate_115_gencluster_115_conf_063778_implicit_min,-0.022767329576395233,0.004481446745767541,-0.0028775847407795196,-0.01645959583640462,0.02477425834469006,-0.026138798740152683,-0.02897063080649952,-0.032073345201947656,-0.01941997280984221,-0.00815531247972998,-0.010695776737448351,0.025189602263196026
survivor_822_basin_835_explore_r01_hit_0090_conf_015565_implicit_min,0.017856422809351326,-0.0020276916642384285,-0.028997045723324545,0.050837133722086376,0.010562020445293361,-0.03187766351339224,0.028897602716080287,0.021682035646775358,-0.025437770754293015,-0.0027411723926403803,-0.008539120164946712,0.01248293891772641
survivor_823_basin_836_candidate_2223_gencluster_136_conf_005844_implicit_min,0.004238014289500286,0.0012148959276331085,-0.006962913710874213,-0.017509285605002253,0.004965202379909474,-0.05989837772010157,-0.026649216204772133,-0.02758675759048069,-0.015605496537358751,0.01838397257554646,-0.013027150580309422,-0.03312904101554846
survivor_824_basin_837_candidate_1122_gencluster_1122_conf_043036_implicit_min,-0.0012671813340101752,0.023824244236469384,-0.030828786112117024,-0.008171796466880247,-0.006520101253064713,0.019771238222345767,0.0061893615602745065,0.04277801431475253,-0.0037806047276447994,-0.018536253116425927,0.04065492534483749,0.009784569012308455
survivor_825_basin_838_explore_r01_hit_0018_conf_044018_implicit_min,0.034411605043271246,0.010176651564895644,-0.029587616801940345,0.0005990307015853753,-0.030685497123341957,0.018961004620738305,0.021789158392768133,-0.015362770154026996,-0.037390789677316606,-0.031113823601063868,0.0041846308699807315,0.0137905830203496
survivor_826_basin_839_candidate_763_gencluster_763_conf_052581_implicit_min,-0.01685283444191188,0.020710920997290584,0.01897337498143015,0.05714856122757408,-0.004680632201174462,-0.006117135026155296,-0.00940176859573704,0.020114123153047937,-0.007382499138543965,0.0016355922832120224,0.04207933322322509,0.02853848821528901
survivor_827_basin_840_nma_bh_candidate_2492_gencluster_473_conf_171315_implicit_min_hop_002_mode02_p1.35A_implicit_min,0.03730150114463103,0.02015743021382887,-0.013031788267256074,0.0008406928567126145,-0.025782287166609644,0.023917130866912568,0.004565714207437928,-0.013305434525345338,-0.03967671888217074,-0.0477865066373168,-0.008036905311578755,0.007797919620149464
survivor_828_basin_841_candidate_2288_gencluster_210_conf_051166_implicit_min,0.008394029764707002,0.007694463672459018,0.01593584895432761,-0.004798281626899338,-0.04041018022890164,0.008141810157607836,0.01593527850133983,-0.010707241879719609,-0.010457160618923933,0.00091414547586614,-0.03231324408527093,-0.0048746460146139306
survivor_829_basin_842_candidate_2134_gencluster_026_conf_130365_implicit_min,0.0015248423226647328,0.00016484448653244198,-0.04354669906893254,0.026484474566314434,-0.016175165999150084,-0.013620664457202775,0.011261651088239597,0.02788202671319302,0.0007233570222804196,0.006138760023393015,0.047770720487206,0.02151470811825858
survivor_830_basin_843_candidate_980_gencluster_980_conf_149280_implicit_min,0.009612008734219009,-0.0013043148674587203,0.011818976688323182,0.0013895482294928587,-0.0045247108347094625,0.03811745885896511,0.008329408124965004,0.035348901264151814,-0.007044398506920478,-0.03763397554484607,0.0046558824500701115,-0.007779913655272362
survivor_831_basin_844_candidate_467_gencluster_467_conf_034350_implicit_min,0.003635245386486575,0.015436248426733424,0.024057111765752186,-0.013249192305062834,-0.013500178068512407,-0.020987417269504028,0.005873897877423108,-0.02799775451013058,0.03391088754884835,-0.014171374593789931,-0.037152787799141176,0.0033839421442393514
survivor_832_basin_845_candidate_2139_gencluster_032_conf_021281_implicit_min,0.009304408532808025,-0.004514927295847471,-0.008175037371549393,0.0021319903001114503,-0.01760269163630371,-0.012108166842208286,0.015493100361408645,0.029505520892199183,-0.004532844987179592,0.02467738152543545,0.030817103110672577,-0.005291566529502144
survivor_833_basin_846_nma_bh_candidate_768_gencluster_768_conf_013652_implicit_min_hop_000_mode01_p0.75A_implicit_min,0.024005507750549465,-0.005263010829002207,-0.025854006104382238,0.034233318695883815,-0.006791557602250552,0.01567071438630693,0.018655450466675015,0.024517450065114035,-0.023574478155273,-0.035775461102885944,0.0006387314818317752,0.01989338732804277
survivor_834_basin_847_nma_bh_candidate_781_gencluster_781_conf_154971_implicit_min_hop_002_mode02_m0.75A_implicit_min,-0.02580646014741722,-0.017719551355785356,-0.021727792694230405,0.005835664512461987,-0.019304367949358626,0.01085646112324174,-0.015619416746416788,-0.013076054980037818,0.011604788974748786,-0.011748675049095445,0.010193187350493557,0.03712142752465586
survivor_835_basin_848_nma_bh_candidate_2397_gencluster_351_conf_182360_implicit_min_hop_000_mode02_m0.75A_implicit_min,0.03618982908938786,-0.0063961956503024425,-0.00719806194879166,-0.025380511347074378,0.04694117763842429,-0.002137622467532818,0.028406559559759435,-0.01582223743359141,0.03230203692923258,-0.0005590951213532773,0.0091280486414619,-0.03465147164895395
survivor_836_basin_849_candidate_1702_gencluster_1702_conf_021907_implicit_min,0.002710913549764301,-0.02594423683001558,-0.0006579020032735187,-0.014991542995736342,-0.033539986887082145,-0.046968364550058816,0.0048556406334688525,-0.022557730734664966,0.004997792115049779,-0.0017817434626256434,-0.05487174671321291,0.027111709496700845
survivor_837_basin_850_candidate_2230_gencluster_145_conf_085908_implicit_min,-0.013288139154970902,-0.025612317811598135,-0.02413266495207349,-0.020192351162631562,-0.03016823890580516,-0.05216251144050148,-0.005581340384102569,-0.02846229144888721,0.012104317265142014,0.01389176610309909,-0.02328669208612924,0.03693101097537464
survivor_838_basin_851_nma_bh_candidate_366_gencluster_366_conf_085244_implicit_min_hop_000_mode01_m0.75A_implicit_min,-0.03721090969802731,0.026394303668233927,-0.02137783125412025,0.018947216109605695,-0.02567653118384659,0.005801837176399931,-0.014550627057750084,0.04166162573657307,0.02055702716921139,0.024694479529380246,0.008851586463480188,0.03142996618773787
survivor_839_basin_852_candidate_2554_gencluster_564_conf_075631_implicit_min,-0.0030588709466659496,-0.026556704559096835,0.0037298958782608646,0.010128336388407239,0.029769818862523636,0.008259348387892307,-0.019821366867714248,-0.017818672915466693,0.006734211328821957,-0.01237788698610966,-0.010707845392033025,-0.0009067570232459966
survivor_840_basin_853_nma_bh_candidate_657_gencluster_657_conf_033799_implicit_min_hop_003_mode02_p0.75A_implicit_min,-0.005471414059502311,-0.01627448849213196,0.06846364278147166,-0.013356875388904739,0.01373250034302075,0.0019518665034628617,-0.0006386492219490973,-0.0005322446089971692,0.005169067132925732,0.026728013229849728,0.02836635951022726,-0.03950408907178002
survivor_841_basin_854_explore_r05_hit_0030_conf_017527_implicit_min,0.015638460203160745,0.0330211659948204,0.023585072255210324,-0.024205785647834873,-0.020031712172786098,0.010490157224399575,0.025504295288916557,0.009510468610385778,0.02232863554293929,0.020707725330990124,-0.001601393792922603,-0.035924782231041764
survivor_842_basin_855_candidate_2666_gencluster_724_conf_170514_implicit_min,-0.024929437167079144,0.039623077086760085,-0.0033102117041718367,0.0010487615978458811,0.0005998870235902917,0.020158973936064646,-0.03180643126793796,0.042912707194044525,0.010020105543715841,-0.0042523310020452735,0.004578170854007118,-0.012806912071308078
survivor_843_basin_856_candidate_1807_gencluster_1807_conf_063423_implicit_min,-0.02930028261295476,0.0041825897863363186,0.04406504605209454,-0.008208855171349755,-0.006070147930683724,0.016680910809725204,-0.05234583846417546,0.022842915594537484,0.008354787191570614,-0.0016864344611520867,-0.032508459706154784,-0.024273073259829924
survivor_844_basin_857_candidate_1731_gencluster_1731_conf_114612_implicit_min,0.02493376986321471,0.009103306744324444,0.021274744314154617,-0.023263474286110142,0.015291988687565697,0.006743904846058041,0.023462356669230938,-0.02833891417655224,0.018513248119550157,0.0012199743450314435,-0.02173801466143414,-0.02360017551026308
survivor_845_basin_858_candidate_1935_gencluster_1935_conf_108529_implicit_min,0.04667485131784681,-0.012581938984902875,-0.011450541851092726,0.0068685839372092826,-0.018663924935471157,0.02104290021811976,0.02156993402102512,-0.0066674200233097,-0.04454881305330526,-0.02697918971470148,0.016791147587340762,-0.008947454371178585
survivor_846_basin_860_nma_bh_candidate_858_gencluster_858_conf_004120_implicit_min_hop_000_mode01_p0.75A_implicit_min,-0.0073405453281674355,0.031150833719644853,0.02232029548797041,-0.009160831950740774,0.052689594364698805,0.00012791041005093582,0.000364030564840901,0.02202655771573745,-0.02741398210486169,-0.002386940760560333,0.04375161349912837,-0.03705615865288816
survivor_847_basin_861_candidate_1732_gencluster_1732_conf_024755_implicit_min,0.010771023244131423,-0.025071701696169513,0.04477076696536146,-0.03352208654819883,-0.041334568865595715,-0.008633496056906057,0.031208845328226133,0.011351433402500857,0.020662976535769876,0.0119197368052014,-0.032108712387482544,-0.004524003681290078
survivor_848_basin_862_candidate_513_gencluster_513_conf_078450_implicit_min,0.02339793601202231,0.02163121913268673,0.0015375731447453168,0.014788809446265094,-0.020478826748935752,0.004822499354928914,0.011322985536548548,0.0014862697726306551,-0.021781038738843603,-0.0500760742736786,-0.007401691785533923,0.025755392728889093
survivor_849_basin_863_candidate_868_gencluster_868_conf_084859_implicit_min,-0.0060820165157230545,-0.003044245132432609,0.014535657585834128,-0.048551970904064067,0.012279051083324093,-0.008948096918538059,0.013048164544797668,-0.04613714332011643,0.03202483025540781,-0.006471953467999464,-0.02211661193050545,0.019331031146138294
survivor_850_basin_864_nma_bh_candidate_2635_gencluster_682_conf_091883_implicit_min_hop_003_mode01_m0.75A_implicit_min,0.022145726927303957,-0.013226483444487142,0.004179123782597465,-0.01935116133282772,0.04428799482923431,0.0017540308606407511,0.017809516395548775,-0.0006503338381971999,0.005142121100956701,0.008671550647063294,0.023885261252627348,-0.057713953664311375
survivor_851_basin_865_nma_bh_candidate_2967_gencluster_1102_conf_125121_implicit_min_hop_002_mode02_p1.35A_implicit_min,0.011736419113574469,0.012226752958197182,0.004636702729127066,0.00521390178046575,0.019840896317789868,-0.0011726811336835719,0.007656439107014798,0.009190237445980548,0.018795502353649667,0.0258904215058455,-0.02656835416279778,-0.04487084558901053
survivor_852_basin_866_candidate_1016_gencluster_1016_conf_086459_implicit_min,0.017223961876239396,-0.04658726551570724,-0.005308048104063617,-0.013521368389451019,-0.005184096411200593,0.03492068990200461,0.0024894498586087803,-0.01600018397916572,-0.007348730280182802,-0.03956649016449793,0.0027867680705262856,-0.0158538568203708
survivor_853_basin_867_nma_bh_candidate_2663_gencluster_717_conf_014249_implicit_min_hop_002_mode02_m0.75A_implicit_min,0.012978289965628149,0.015571462086321566,-0.040518733675800236,-0.014127989470794602,-0.008336167684594433,0.02673108746750329,0.024868626775832924,0.004243265197967666,0.014390733290471816,-0.037754684423211664,0.00023860299571038088,-0.010124715991335485
survivor_854_basin_868_explore_r01_hit_0058_conf_011702_implicit_min,0.001582195197266708,0.03578167940405066,0.022047306156546598,-0.002423715039764878,0.01952983954100025,0.009604890414770115,0.015345139312166182,-0.01597184510568537,0.012404331774858397,0.030305130029993597,0.008670855133482631,0.009825653152748373
survivor_855_basin_869_candidate_2888_gencluster_998_conf_114635_implicit_min,0.034989986419591126,-0.00918970439549376,-0.026746912673965572,0.0027537544330960163,0.01768677453231576,-0.018638683962967646,0.012504406062046561,-0.018828567615652596,-0.0304359183009135,-0.019014172495767524,0.025607262633849943,0.0016812232305196254
survivor_856_basin_870_candidate_2599_gencluster_628_conf_051697_implicit_min,0.0028429007528214816,-0.022631534072890484,-0.006102954049793494,0.025262700899097438,-0.015010046306037356,-0.044391945143430596,0.006268026683357577,0.0037436648188914996,0.006076069919999928,0.0027154288090699133,-0.05359097362115402,0.01745875963560648
survivor_857_basin_871_nma_bh_candidate_1191_gencluster_1191_conf_097898_implicit_min_hop_001_mode01_p1.35A_implicit_min,0.0009864218073942096,0.00870356355033759,0.004046512032659788,0.009830641990151982,-0.012981280962345925,0.011350655980817637,0.02371730896884867,0.019014618590902616,0.009783099803949325,-0.004709757821729916,-0.021940336647109145,0.009486146544434405
survivor_858_basin_872_nma_bh_candidate_1123_gencluster_1123_conf_005004_implicit_min_hop_002_mode02_p1.35A_implicit_min,-0.040490889122291616,-0.012285344840904348,-0.024487811825104552,-0.021868194149240853,0.017629392427819607,0.02501454592398258,-0.037998124105050456,-0.039252678320827,-0.004163377539425562,-0.006681397161453473,-0.012459506849565488,0.01163802288548377
survivor_859_basin_874_candidate_1459_gencluster_1459_conf_195913_implicit_min,0.04880657085218866,-0.0061157698497624315,-0.00875701162262082,0.0075745769592079635,0.002927366193860672,-0.0023578364742896153,0.01772936187852209,0.0044795961970328785,-0.0339112936530963,-0.030800024614800612,-0.0035791836246513373,-0.0017608399471807572
survivor_860_basin_875_candidate_634_gencluster_634_conf_024833_implicit_min,-0.01969060367745414,-0.012425989128086502,0.01353462806366723,-0.012205094046451597,0.01000449678627846,-0.009332652392925645,0.004980927258240948,0.012756565445804523,-0.019271769029922677,0.005528661057415191,0.0015393506921751855,0.015324833689421601
survivor_861_basin_876_candidate_553_gencluster_553_conf_149106_implicit_min,0.00811684346489218,-0.025625733698650278,0.017094077600940224,-0.011041270966403526,-0.00815985571606776,0.02631100601081093,0.013892827039550044,0.043528472618328144,0.028915951044961648,-0.005579490068763377,0.015291760113783758,-0.006130485656924177
survivor_862_basin_877_nma_bh_candidate_659_gencluster_659_conf_039862_implicit_min_hop_001_mode02_m1.35A_implicit_min,-0.004647423968605373,0.03742841790652248,-0.008255885030538973,-0.015189514910780508,-0.009776590317755263,-0.022775906651508627,0.014388755831820053,-0.005057384972132535,0.0042658342301579895,0.028579891844776422,-0.02927323833443139,-0.002736959184094628
survivor_863_basin_878_nma_bh_candidate_768_gencluster_768_conf_013652_implicit_min_hop_002_mode01_p0.75A_implicit_min,-0.00501517983949022,0.023929410710438942,-0.0316392933339804,0.00554729219567453,-0.04609987948421538,0.015376057004842484,0.01131986817278823,0.035684636554948614,-0.01197793317226785,-0.0320732606613191,-0.009491569564690185,0.015125745373874667
survivor_864_basin_879_nma_bh_candidate_1143_gencluster_1143_conf_019885_implicit_min_hop_002_mode01_p1.35A_implicit_min,0.009520967445834916,0.015068896520928377,-0.0010838560814615877,-0.0007295671398834074,0.015072502422433253,0.019845561957930673,0.003089020149675177,0.01058227286478805,0.007274014590084524,-0.021573940424755564,0.014014123640443717,-0.029781048207797846
survivor_865_basin_880_candidate_120_gencluster_120_conf_023960_implicit_min,0.01699836873928127,0.015003844599981234,0.023150900813487023,0.008041580094217328,0.04094987419797554,-0.014590133973116854,-0.0003960110031523362,-0.00801042415040628,-0.017352385377511843,0.01822512909143565,0.007690980790589683,-0.03646302479231624
survivor_866_basin_881_candidate_389_gencluster_389_conf_029455_implicit_min,-0.0233435982645418,-0.011187963849743536,-0.012969585443298091,0.010509923887181449,0.01771911665448611,0.022864581805103833,-0.005740744903035622,-0.049886673282164604,0.022165758083069573,0.004825563777588238,-0.0015551665856837669,0.027781654857600393
survivor_867_basin_882_candidate_1100_gencluster_1100_conf_015339_implicit_min,-0.0017845334803049874,-0.01834702860483545,0.011717185226170828,-0.009876111385199369,0.029362529342771365,0.013203783865324116,-0.015050704284985372,-0.026624480866542958,0.0038340110939159675,-0.01640543647653267,0.017025829768942992,-0.03215292721039754
survivor_868_basin_883_nma_bh_candidate_2792_gencluster_884_conf_057741_implicit_min_hop_002_mode02_m1.35A_implicit_min,0.01564207821603532,-0.023502212946090992,0.03340546866565125,-0.030248172823720616,-0.016649415525596324,0.013888613352333015,0.019726472644572095,0.00640739558462672,-0.008071283896150342,0.016569410051270547,-0.00519460529261339,-0.024927014746555575
survivor_869_basin_884_candidate_061_gencluster_061_conf_071305_implicit_min,0.0429035891838898,9.689825069035828e-05,-0.004810928845823964,-0.00281798421574366,0.024118242476253694,-4.086164365830035e-05,0.02752846865849954,0.019104340553405465,-0.03729242296931601,0.004375670127363716,-0.00036373047591546203,-0.008620700389768228
survivor_870_basin_885_candidate_1729_gencluster_1729_conf_177603_implicit_min,0.016335688573864256,0.00558248171435643,0.012327692298731319,0.021041906997835303,-0.025423114821029814,0.05966817214802381,0.0017271754349246153,0.03462601552978311,-0.01631086309158595,-0.05056742582801157,0.010457908577718831,0.005870477142893565
survivor_871_basin_886_nma_bh_candidate_2967_gencluster_1102_conf_125121_implicit_min_hop_001_mode01_m1.35A_implicit_min,0.026448840067726968,0.0145718240885114,-0.007216605874873742,0.002447437265568437,0.027701903619642393,0.004595409098125232,0.016440734613600322,0.013093529260481905,-0.0013126224528980852,0.010474820153069983,-0.005359913759632379,-0.018413470263291463
survivor_872_basin_887_nma_bh_candidate_181_gencluster_181_conf_004749_implicit_min_hop_000_mode02_m1.35A_implicit_min,-0.026103619195380238,0.00372042630591881,0.014476578731804081,0.0016601171119847412,-0.03165980298044669,0.016375913826730402,-0.021097341449360388,0.04150064262156657,0.01941947996131207,-0.0062059292795047846,-0.017208502903845145,0.030592586775167362
survivor_873_basin_888_candidate_579_gencluster_579_conf_001894_implicit_min,0.014343902666584831,0.012319162467032928,0.022205065898829472,0.015796827859573308,0.0008623240725352244,0.021666861463463555,0.02141225490752133,-0.0019508628294059053,-0.005086439244088611,0.02800529313220458,-0.004955584450583644,0.0306428855732367
survivor_874_basin_889_candidate_2602_gencluster_631_conf_106300_implicit_min,0.02822874876077256,-0.004182978227121523,0.033724757409119385,0.029014005273481174,0.0073360656278189905,-0.023858075331541984,-0.004670738523008431,0.014464493994514951,-0.036235131309536706,0.005147508222157148,-0.029547251345287396,-0.019924566765451283
survivor_875_basin_890_candidate_1198_gencluster_1198_conf_013733_implicit_min,0.013284428069141267,-0.02134414956337364,-0.03437283483698903,0.0019534008252389034,0.010889239045240001,-0.00048779591566953684,0.0011574225996172742,-0.016792163252211768,-0.011058344638639566,-0.00861210106663447,0.025133377751217215,0.0058486887777475126
survivor_876_basin_891_candidate_752_gencluster_752_conf_043918_implicit_min,-0.011429302629675866,0.010238711601075291,-0.0013426082479527804,-0.016510418241788942,0.012840224259297124,-0.03855666845982756,-0.015663924448125678,-0.04804797905896128,-0.004324148024824967,0.018525250029572372,-0.007737051414521385,-0.013344601831843982
survivor_877_basin_892_explore_r05_hit_0007_conf_004848_implicit_min,-0.026761074652704362,-0.02508048467175088,-0.012289503641241536,0.007622825029762891,0.026574356681079145,-0.008066063595396545,-0.04512452083256758,-0.040198398097529876,-0.004618700117286907,0.012320606687674793,-0.009453249493669422,0.006007308511998277
survivor_878_basin_893_nma_bh_candidate_583_gencluster_583_conf_027260_implicit_min_hop_003_mode02_m0.75A_implicit_min,0.0010766584797056,-0.019688434919868873,0.018491104239967568,-0.019906459370472713,-0.03297227061328214,0.027781745034831263,0.01802963405955246,0.02024760792986827,0.02312133379064567,0.0034622128658773313,-0.0188004985631683,0.0006246418139971632
survivor_879_basin_894_nma_bh_candidate_2351_gencluster_289_conf_083735_implicit_min_hop_003_mode02_m0.75A_implicit_min,-0.011128568886177755,0.02132336980450515,-0.02943322507898244,-0.02686308172785377,0.0013800701425963052,-0.003338148053498837,-0.037140201207200636,0.002168814638206325,0.012224089060963447,-0.024329318698934427,-0.02917201268063217,-0.010230727930287328
survivor_880_basin_895_candidate_478_gencluster_478_conf_038188_implicit_min,0.006310181066572708,-0.02313103698712462,0.019088020758685917,-0.026676479163551706,0.002980844578393273,-0.01807050683040739,0.019121774950416604,-0.012612037655903408,-0.021078204315955015,0.03107070530502926,-0.014139189083681851,-0.018942111348879725
survivor_881_basin_896_explore_r02_hit_0019_conf_004624_implicit_min,-0.002898615473574149,-0.026316125784666484,-0.014592624542369217,0.023679296815627027,0.00785846674711124,-0.0189239473636575,-0.010537627004279564,-0.040338627798763356,-0.02180550254114679,0.012566844423889454,-0.014247628259625151,0.05428473636132471
survivor_882_basin_897_candidate_319_gencluster_319_conf_086878_implicit_min,0.0021655622855684554,0.00523696418190447,0.0011277459982857306,0.004438366679650013,0.019947673834234625,0.04237833994566746,-0.00960426557746743,0.0323623922468404,-0.015852587993606237,-0.027857062937030143,0.017611655388955788,-0.008208829480312594
survivor_883_basin_898_candidate_204_gencluster_204_conf_155794_implicit_min,-0.022933643391139288,-0.02507014002199147,0.010725169037998573,0.03100612084285323,-0.018450122219783004,-0.007519903650852886,0.006403517720246761,0.033154400448166185,0.032930398022942814,0.02415244797620928,-0.017655196527778545,0.014135288506232977
survivor_884_basin_899_candidate_2326_gencluster_258_conf_055825_implicit_min,-0.023382677803781043,0.0021957181516551365,-0.0291560576206961,0.04215639558459046,0.004329632942968014,0.008975924688416664,-0.0012027742133439785,0.03179029037612643,-0.00507993561486458,-0.01721728079104625,0.013901390005285993,0.034139983983772236
survivor_885_basin_900_candidate_049_gencluster_049_conf_034896_implicit_min,0.01613319293667683,0.007957649786101568,-0.013563328798454916,0.020063658408423644,-0.037734719838710455,-0.02305026475973039,0.029624825281009688,0.01749540461648981,-0.004861333683582942,-0.005889896013136729,-0.027585504623432483,0.022007487660307197
survivor_886_basin_901_candidate_1717_gencluster_1717_conf_021134_implicit_min,0.004788146892527898,0.015346054361752437,-0.04079649824982169,-0.0030448999114268366,0.014498594536701331,0.03129937117780366,-0.008858223398909688,0.000769036617486351,-0.008656835932975,-0.04259375317508379,0.012801166306873602,-0.012128682294899096
survivor_887_basin_902_candidate_997_gencluster_997_conf_006574_implicit_min,0.012573576042076231,-0.0011165575330224717,-0.028943152746384575,0.01594322759100802,-0.011236071378367851,-0.0004924754702556781,0.012543358205977859,-0.018079713532779238,-0.028297712443944394,-0.0012444434118008309,-0.008479901705536913,0.04300012443909341
survivor_888_basin_903_nma_bh_candidate_1647_gencluster_1647_conf_134687_implicit_min_hop_002_mode02_p0.75A_implicit_min,-0.01563969615165037,0.03780719908457308,-0.0008861518986106514,-0.01356027297541213,0.01281377984613208,0.0034151455536809514,0.008779008437683868,0.012169533790527461,0.03207330807374783,-0.026684193187574083,0.00593254899245725,0.008611030516910863
survivor_889_basin_904_candidate_1981_gencluster_1981_conf_058579_implicit_min,0.010565193448281992,0.02830965366197507,0.008649128013328561,-0.02483235031619939,-0.019446513127416284,0.0007790591450608809,0.0260680852415288,-0.004039643666244382,0.03803161114929036,0.016445717028167602,-0.0034099107825100302,-0.02518123332210911
survivor_890_basin_905_candidate_652_gencluster_652_conf_140993_implicit_min,0.007259355373359172,0.005674952125759516,0.03476931987208816,0.024069244910099794,0.012205399712766239,-0.008349759983454524,0.001417279256305781,-0.023561181920695676,0.0023336663212612,-0.01771874025030663,-0.0011232634563635123,0.026092836936511727
survivor_891_basin_906_candidate_888_gencluster_888_conf_010032_implicit_min,-0.00028547058972673377,0.0055483709424818325,-0.008195384953073688,0.013068431667525866,0.03748839414426603,0.02159402000251359,0.0005247444847176022,-0.006672318608724861,-0.00890831532807222,0.02033030306368343,-0.000496870774304943,0.011877020058338003
survivor_892_basin_907_nma_bh_candidate_659_gencluster_659_conf_039862_implicit_min_hop_001_mode02_m0.75A_implicit_min,-0.005635091136015183,0.039825676814089085,-0.0028154670624821487,-0.015319445761819386,-0.009676827264888952,-0.021108198548766187,0.01530923059293622,-0.005220202348397797,0.0035518992651529992,0.029505022987759946,-0.03209248472863826,-0.0009841216534714184
survivor_893_basin_908_nma_bh_candidate_1139_gencluster_1139_conf_053753_implicit_min_hop_001_mode02_m0.75A_implicit_min,-0.01949724413247454,-0.00915807972034875,-0.006299995394441275,0.016594363125039546,0.013627472879313252,-0.004528074827727588,-0.032910276573655084,-0.016501893866604243,-0.006861588432304919,-0.008669392405914847,-0.04775411037298467,0.005557892959486487
survivor_894_basin_909_candidate_2815_gencluster_908_conf_008359_implicit_min,0.020101921966743954,0.034238554278908206,0.006436957847254895,-0.009538347839824985,0.00930497488753833,-0.002316931135939626,-0.012353825747394779,-0.013640564689433312,-0.018570292497633183,-0.0272944634820308,0.0023856467112919294,-0.018768845722722013
survivor_895_basin_910_candidate_2285_gencluster_206_conf_194679_implicit_min,-0.03444818067578909,-0.005142911316678902,0.009018806278223017,0.03247241582565118,-0.009171246632292037,-0.018498777241589295,-0.04032229088773896,-0.007516968725240886,-0.014869189066464837,-0.006889465982915463,0.005873382942518738,0.03414313629025234
survivor_896_basin_911_candidate_263_gencluster_263_conf_002839_implicit_min,-0.0211136116468142,0.011628733467838414,-0.013273955521961811,0.006623547140007961,0.012047952321173687,0.03599063633288391,-0.029342849945657078,-0.005097567528053351,-0.0016379623774063837,-0.016140859037104365,0.047964581116881594,-0.02420796869364389
survivor_897_basin_912_explore_r03_hit_0004_conf_016606_implicit_min,0.013866280024659894,0.004007537592066607,0.0034238251103415273,0.010608812291433824,-0.02162733900391135,0.0020684487318137364,0.026633022422089144,-0.0012121174433068504,-0.007304064999589073,0.018807929846864902,0.0018119310732702969,0.012731939433526384
survivor_898_basin_913_nma_bh_candidate_2548_gencluster_554_conf_187437_implicit_min_hop_002_mode02_m1.35A_implicit_min,-0.037245627153116204,-0.021043101031858046,-0.005290574047676395,0.0033947252276681434,-0.008682539597509309,0.007294860480435852,-0.029217326811953128,0.04084296324298532,0.008141894443978797,0.03935226625743751,-0.0010754535378890882,0.0007839821132775778
survivor_899_basin_914_candidate_1892_gencluster_1892_conf_015649_implicit_min,-0.04949239475079531,0.005122147322132035,0.005179692527965552,0.007323493091580488,0.025008532034303827,-7.639557745369049e-05,-0.03329166266664928,-0.03552736645781553,0.02857179287263938,-0.00953170226953737,0.028056795792324507,0.02087078619668406
survivor_900_basin_915_candidate_2341_gencluster_278_conf_108136_implicit_min,-0.02474042430143693,0.012959214397018868,0.022328213897394915,-0.030110653867500184,-0.03316987266367652,0.005792676721175614,4.169539326780813e-05,-0.009324655102139935,0.0734061339606593,-0.011670469198988204,-0.005975216110833072,0.00752440715066375
survivor_901_basin_916_candidate_098_gencluster_098_conf_004603_implicit_min,-0.003975115885103023,0.00814410660471357,0.006241841880459442,-0.0047493686732229,0.024114241627485676,0.02117527080298951,-0.021802137303818542,0.020041247695833146,-0.004401078292660607,0.005344250804780731,0.05303402460359583,-0.02983574901406396
survivor_902_basin_917_candidate_1149_gencluster_1149_conf_014152_implicit_min,0.016050236416865222,0.015509696472860551,0.018279587075442416,0.03930048777614024,0.006180592158263438,0.0016376887037531966,0.024295641227652806,-0.008653058465844351,0.004691768329027263,0.022851599417661538,-0.011044301763517408,-0.016727137987538103
survivor_903_basin_918_nma_bh_candidate_703_gencluster_703_conf_042424_implicit_min_hop_001_mode01_m1.35A_implicit_min,-0.010614630596644921,0.008205140632185581,0.030315841199713096,-0.011291878875422334,0.013834068267057126,0.005564924350701323,0.015449146388422244,-0.0036521896930385707,0.009266173978751388,0.008094399153994762,-0.024788422072589782,0.04516799008636676
survivor_904_basin_919_nma_bh_candidate_2390_gencluster_342_conf_095022_implicit_min_hop_000_mode01_p1.35A_implicit_min,-0.005116327267054691,-0.0036318932957476163,-0.011194722419978775,0.006081641164655828,0.04874957845935095,0.04518047839661959,0.014686641848442858,0.018627668275946616,-0.03694276558924529,0.033611514920795976,0.0330571371974566,0.009597497871638983
survivor_905_basin_920_nma_bh_candidate_1391_gencluster_1391_conf_031128_implicit_min_hop_000_mode01_m0.75A_implicit_min,0.02664990444607409,-0.008969308160652245,-0.03814128932716454,-0.00865818058805816,-0.0032593705851210082,0.039803125347140166,0.020741571803747822,-0.00622932747671183,-0.021570198353225586,-0.03951644632987894,0.009587299280500025,0.006737570443140561
survivor_906_basin_921_nma_bh_candidate_082_gencluster_082_conf_089503_implicit_min_hop_002_mode02_m1.35A_implicit_min,-0.0069073364604420205,0.00036477233699459556,-0.04305653119027419,0.024148284000063473,-0.019149755007645146,0.013211690627772762,-0.01052776796235842,0.0479638411796773,0.008521076250787641,-0.007224179086902449,-0.02579338320906994,0.006072082062475198
survivor_907_basin_922_candidate_2064_gencluster_2064_conf_072159_implicit_min,-0.03615447944192048,-0.01172560806879465,0.019031193418072932,-0.0031259945308059847,0.035105884977079074,0.014706023465465257,-0.010268297567140261,-0.024457330108073754,0.03696913531863878,-0.0008698908370534715,0.05361621878475429,-0.01547978859086182
survivor_908_basin_923_explore_r01_hit_0003_conf_024407_implicit_min,0.009793403182686457,0.03675626333188685,0.01739514820127612,0.012877975159443137,0.02383233300996969,-0.004768088303635148,0.018365061416399354,-0.0025388511623175274,0.006667666323238299,0.017717792875386357,0.0178077498099555,0.010040092411951689
survivor_909_basin_924_explore_r03_hit_0050_conf_015309_implicit_min,-0.007530045398706701,2.8706051460235134e-05,-0.022027556414978194,-0.04332447045345182,0.01462380479097016,0.0275179193680071,0.007709466998333677,0.025467834082074998,0.007652946290678779,0.018875221604098373,0.008677279986260902,-0.060475013072897946
survivor_910_basin_925_nma_bh_candidate_705_gencluster_705_conf_003845_implicit_min_hop_002_mode01_m1.35A_implicit_min,-0.03651187169149858,-0.016494864235693612,-0.01630518675645021,0.008040349764976503,-0.020606665437025523,-0.00951159914330796,-0.0039270078029038065,0.0046490684978986434,0.01766592799857644,0.007748079180849879,-0.02287048667465349,0.025042683410678727
survivor_911_basin_926_explore_r02_hit_0062_conf_004328_implicit_min,0.024879196917084605,0.0019453132372546757,0.0022892344905449816,0.01814717958843232,-0.004358836309725516,-0.0058922301762344646,0.031199049358120116,-0.012028158129446605,-0.02200071763177672,0.007169922370655094,-0.012152052931346713,-0.002487279825894532
survivor_912_basin_927_candidate_1350_gencluster_1350_conf_009721_implicit_min,0.03556750074679212,0.011777310420991524,-0.016832967945003243,-0.027392680413547855,0.02224718592071554,-0.010527952714991807,0.021933963669008776,-0.026168093987581017,0.002647218562606745,-0.015271038233073526,0.014165426554962718,-0.02583481548054557
survivor_913_basin_928_candidate_1272_gencluster_1272_conf_115802_implicit_min,0.0032578479199429776,0.018986349831342845,0.021722339672592246,-0.04366153530579759,-0.003129580484387903,-0.0024835016052914757,-0.00041625156000916076,-0.0399567657290419,0.020739222394199116,-0.04272497894000641,-0.007990915906104559,0.0051965780111870915
survivor_914_basin_929_candidate_2903_gencluster_1014_conf_175671_implicit_min,-0.03277927891994788,-0.014896455125014996,0.007194073245219674,-0.0068764977301604725,0.03184918903397549,0.03023183055109467,-0.03741191396323745,-0.003147105843480107,0.0004194119990643735,0.004311272126112023,0.026550511399378814,-0.0112733456273594
survivor_915_basin_930_explore_r04_hit_0006_conf_049018_implicit_min,0.011033604316140068,0.019179279566449655,0.0010105029809764875,0.03872088695657843,0.02039117400246322,-0.021831272370820894,0.0023475243108531307,-0.051872346514126304,-0.0047131082510766895,0.027372873997129767,-0.0005114773356702747,0.018893178654216688
survivor_916_basin_931_nma_bh_candidate_1088_gencluster_1088_conf_064565_implicit_min_hop_003_mode02_m1.35A_implicit_min,-0.0320795800598887,0.020041429759270785,0.007385427922247957,-0.02964156854881123,0.00856114638548319,-0.025151869155431057,-0.007295872127337986,-0.04725798200546696,0.03790411708354232,0.011465945449637185,0.002069582116381463,0.010282873763618064
survivor_917_basin_932_nma_bh_candidate_1533_gencluster_1533_conf_017890_implicit_min_hop_002_mode01_p0.75A_implicit_min,-0.017744084723183434,-0.02169398610151017,0.035610308444050755,0.007437446963827619,-0.024465160450637066,-0.02314871448747472,-0.03585700451367189,0.013696544948789845,-0.017077225086768708,0.019451163465533827,-0.005786441831544186,-0.004204054141135226
survivor_918_basin_933_nma_bh_candidate_2137_gencluster_030_conf_063074_implicit_min_hop_002_mode02_p0.75A_implicit_min,0.006179253653372568,-0.015152543332724425,-0.001589926589464173,-0.033363331868071534,-0.008909032788001432,-0.052084531591705806,-0.019677972746563573,-0.04856154180799385,0.000545596133502295,0.013509515155969697,-0.02042109242157569,-0.01873443974412858
survivor_919_basin_934_candidate_801_gencluster_801_conf_196592_implicit_min,-0.020463288482162625,0.03686137628469541,0.015711970502422137,0.02592699136244742,-0.032812467415631354,-0.013638884794579581,-0.015906697447900405,0.022481719502958398,-0.014237637876680182,0.043501586740456906,0.0008755209205181673,0.027865958197197196
survivor_920_basin_935_candidate_1165_gencluster_1165_conf_051011_implicit_min,0.020909031143417238,-0.013373887849130574,-0.02263267017805811,0.007109474072644574,-0.010456434776432601,0.01021388319143119,0.004455121482241942,0.014978952297675307,-0.008158982422537625,-0.036744347590323814,-0.03681537087755095,-0.009475663692164276
survivor_921_basin_936_nma_bh_candidate_459_gencluster_459_conf_009899_implicit_min_hop_002_mode01_m1.35A_implicit_min,-0.009317400175432864,0.032213501714509436,-0.01280947151525837,-0.020634898380678193,0.00951574888793631,0.02420137588059137,0.01146859060786573,0.032791062993031514,0.015671849440886985,-0.0009450469388334031,0.03555248445179726,0.03681799777351001
survivor_922_basin_937_candidate_2797_gencluster_889_conf_122369_implicit_min,-0.0032601882842252555,-0.005018785420563393,0.025532681051937317,0.011184662605121524,0.028783337383915142,0.03427131872624697,-0.011064422168000935,0.00990966770172227,0.02074570554410556,-0.010533614694834846,-0.004707024182683727,-0.02155382614331539
survivor_923_basin_938_nma_bh_candidate_2233_gencluster_148_conf_073474_implicit_min_hop_003_mode01_m0.75A_implicit_min,-0.01870687523024128,-0.0303795967981532,-0.03337660608492775,-0.005272384774562053,-0.008660107682277696,-0.008694659484072508,-0.018598688032979368,0.00883631686310966,0.02076147543047956,0.002690458941588865,0.01122357933282639,-0.0021002953566525272
survivor_924_basin_939_candidate_1300_gencluster_1300_conf_039508_implicit_min,7.087815299194888e-05,-0.03499060602113185,0.008186791197793782,-0.0021515260365452035,0.017589367375620404,0.013105672786435056,0.028694010704870584,-0.015413689728907155,-0.004808165006977863,0.03726451124454282,-0.008964151754001016,0.011458703396374227
survivor_925_basin_940_candidate_655_gencluster_655_conf_004393_implicit_min,-0.031878089622058334,0.024204694221646096,-0.021851079461450953,0.020515400801223032,0.032733089673047215,-0.008617588726517075,-0.041102075484075275,-0.025685711037294463,-0.008045089899587656,0.020170261484501,0.010688314698027702,0.0027101444929013793
survivor_926_basin_941_nma_bh_candidate_2328_gencluster_260_conf_086582_implicit_min_hop_000_mode02_m1.35A_implicit_min,0.022806884227706554,0.028645348890609598,0.000335928373892915,0.009819155083582836,-0.028657550285314342,-0.0003763342076299141,0.022666796587981416,0.015104906754341205,-0.02429244741415486,-0.020459927218961265,-0.007950645306588797,0.021098615896782597
survivor_927_basin_942_candidate_066_gencluster_066_conf_067825_implicit_min,-0.03434459060079854,0.02489733038672512,-0.014238326888206834,0.015245689028891979,0.011034533636775335,-0.01816126552186909,-0.05274247562675298,0.027992930198968327,0.003179577748614747,0.007872463360602046,-0.0007835781696408134,-0.015082395095370644
survivor_928_basin_943_candidate_397_gencluster_397_conf_027259_implicit_min,0.021471554433488332,-0.009080013980185311,-0.014596282368749334,0.021825710680382724,0.009845062163725595,0.022734535357653244,0.02278938069529555,0.022332822856087883,-0.010369700887217856,-0.028051983799066794,-0.003515244567495054,0.004036991187359928
survivor_929_basin_944_nma_bh_candidate_862_gencluster_862_conf_049308_implicit_min_hop_003_mode01_m1.35A_implicit_min,-0.004471741735075301,-0.04383012057576038,-0.015014672076430617,-0.027040091279674133,0.009852739882589705,-0.014622016186868595,0.0019054601311786405,0.004400489093870169,0.01607772328100436,0.0026404833723337267,0.04489707557827203,-0.003705070458989061
survivor_930_basin_945_nma_bh_candidate_231_gencluster_231_conf_058839_implicit_min_hop_002_mode01_p0.75A_implicit_min,0.01394334545346786,-0.019037287330843977,-0.016548828047131713,-0.006622598266587687,-0.020222365332027082,0.00707913434110662,0.010250480459349067,0.016933688936179494,0.0033105435350071237,-0.049476793031290114,-0.012420757417259735,-0.020205052443225565
survivor_931_basin_946_candidate_1115_gencluster_1115_conf_016749_implicit_min,-0.036780118536427785,-0.016058873891935454,-0.007262600542324864,0.02127336616764137,-0.0031116356070956287,-0.0122956774606354,-0.03532403774447556,0.0059081658143873145,-0.006333442410173426,-0.008083809003708323,-0.0014704708139328983,0.04094280582309046
survivor_932_basin_947_candidate_1722_gencluster_1722_conf_006537_implicit_min,-0.01829304365860395,-0.038370115398743646,-0.040025012381267336,-0.010237700140461013,-0.01052699492985162,-0.015511049117189707,0.008717887567803293,-0.005066468468110689,0.029301392908901755,-0.0029143429335853578,0.022329246069329612,0.03475034279249424
survivor_933_basin_948_nma_bh_candidate_1736_gencluster_1736_conf_126029_implicit_min_hop_001_mode01_p1.35A_implicit_min,-0.03159332538807488,0.002034390224504221,0.010234291967127619,-0.003628492660058791,0.012189313111486164,0.0050403095043601845,-0.0262603776402325,-0.009193359648045438,0.02046299378795342,0.020346037706523153,0.04212321745463916,0.009132707467384945
survivor_934_basin_949_nma_bh_candidate_2734_gencluster_813_conf_171932_implicit_min_hop_002_mode01_m0.75A_implicit_min,-0.01988491979096387,0.045140198286966755,0.009515837088853635,0.012665469422739153,-0.0002843330411874592,-0.0047331848860126865,-0.024562457525638768,-0.02925936430726812,-0.003013474262953697,-0.007877118179655829,0.01955478295251849,0.0056010159292356676
survivor_935_basin_950_nma_bh_candidate_1822_gencluster_1822_conf_005041_implicit_min_hop_002_mode01_p1.35A_implicit_min,-0.003689746082731072,-0.032449378532420914,0.024588918469923147,0.018957253182055326,0.024877416574366134,-0.048945278994018016,-0.035232114357921195,-0.0309142742924857,-0.019280864780023912,0.04997864274979729,-0.02264420334618331,-0.01718241738712228
survivor_936_basin_951_nma_bh_candidate_2537_gencluster_535_conf_063339_implicit_min_hop_003_mode01_p1.35A_implicit_min,0.027553744595186926,-0.05249362597597728,-3.939290683857514e-05,-0.024253873879748106,-0.004569530764438495,-0.014401741589441271,-0.00292165228408632,-0.009515689267304981,-0.031288089761245856,-0.01850369684100424,0.004456837074899078,-0.011859992931636972
survivor_937_basin_952_candidate_1010_gencluster_1010_conf_004227_implicit_min,0.01091751008016947,-0.031642740826545605,-0.019160044235721027,-0.01952776019203794,-0.022163654791535307,-0.014259104485859226,0.007591412735889959,-0.02307447683521225,-0.02205641853538376,-0.026636713565066392,-0.010204510709813607,0.029404038016638677
survivor_938_basin_953_candidate_1746_gencluster_1746_conf_072220_implicit_min,-0.009342482014259157,-0.020041341352079214,0.006713134975774667,-0.04500954276374153,-0.022036505635376416,0.023640603836555356,-0.023479128341959272,0.034904014226831766,-0.004889668041055706,-0.03322673754547647,0.003646338244008585,-0.018418802643490474
survivor_939_basin_954_explore_r02_hit_0024_conf_002859_implicit_min,0.023190068193870667,0.03421810993417102,0.030436757171224307,-0.020426581074010998,-0.017672745689898545,0.01278884316555594,0.02629556931605762,0.016911514225113666,0.02370509734109488,0.007713192693758772,0.0008531204679367398,-0.0335163638291212
survivor_940_basin_955_nma_bh_candidate_1920_gencluster_1920_conf_068917_implicit_min_hop_001_mode01_p1.35A_implicit_min,0.004989025995594647,-0.008136809144109655,0.03553484342078548,-0.014401215539164338,-0.056951580172163514,0.018815730987880457,0.02678753674562337,0.023275869471200063,0.005473024911247226,0.00890416398886734,-0.04139902048515447,-0.004124851694864145
survivor_941_basin_956_candidate_1768_gencluster_1768_conf_015154_implicit_min,-0.04463862097648072,-0.017982045995323742,0.016701359492621935,-0.002161288636042645,0.0059545634524004075,0.002616242255497003,-0.046979673927073404,0.03449146356755877,-0.00643064586408633,0.030987946676959782,0.0017522167802022858,-0.01149887554439351
survivor_942_basin_957_candidate_2329_gencluster_261_conf_092095_implicit_min,0.002037186076667269,0.021525216772550402,0.04321421502143817,0.016098337681449696,0.011236720215779311,0.029583259874506444,0.014271562280042881,0.008863121124502184,0.005751185930181103,0.03188603266951129,0.03302334749046689,-0.027240846981528743
survivor_943_basin_958_candidate_903_gencluster_903_conf_000096_implicit_min,-0.019040641360186173,0.015814340116505777,0.018754089767513422,-0.0027557054791048363,-0.002789714602541315,0.025101301225048746,-0.030141452025318916,0.03566045690172358,0.008029157097961485,0.011154547280254962,-0.014254964303979082,-0.021091260421187637
survivor_944_basin_959_nma_bh_candidate_2028_gencluster_2028_conf_133119_implicit_min_hop_003_mode02_m0.75A_implicit_min,0.016360589839299066,-0.000976983223622351,-0.02493179012296339,0.007265385755262752,0.027493146966020458,-0.0402713836858735,-0.013184547521245694,-0.03374578967070814,-0.015928688620331873,-0.0031564578426343847,0.03224274386107114,-0.026593341255792654
survivor_945_basin_960_candidate_1862_gencluster_1862_conf_075456_implicit_min,0.006581715694137053,0.010664723106545936,-0.034691918602801144,0.016665151992641486,-0.029105194398825317,-0.057516087132949964,0.011682060557559385,-0.011366639353525148,-0.008577492311006065,0.038724776224052425,-0.009217299941074071,0.03243456254043291
survivor_946_basin_961_explore_r03_hit_0046_conf_029502_implicit_min,-0.015233175549499649,0.017332016215360745,-0.013126979572469487,0.04267039971084048,-0.006051771317364081,0.04461055485815394,0.010708737665109873,0.042409789466386294,0.002880774280735426,0.009753438517099741,0.03135536435341998,0.028592699394091096
survivor_947_basin_962_nma_bh_candidate_1614_gencluster_1614_conf_058900_implicit_min_hop_000_mode02_m0.75A_implicit_min,0.02564760657913127,0.012106570127620264,0.010456958852064744,0.016615271414687233,-0.015635300612707848,0.024741227367142564,0.026441866394445138,0.005834720372268107,-0.043461242947949924,-0.0034760316583394035,0.000407482882828075,0.018339879950933433
survivor_948_basin_963_nma_bh_candidate_2577_gencluster_598_conf_071976_implicit_min_hop_003_mode01_p0.75A_implicit_min,0.007810207880101355,-0.041420006219755966,0.04612248396239728,0.010950680039274659,-0.011872098122064363,0.014319934524181177,0.018976730558423582,-0.02848230448724958,-0.011037118339255624,0.043132256184772365,-0.00438995078804794,0.004991033633838908
survivor_949_basin_964_candidate_633_gencluster_633_conf_145509_implicit_min,0.0014971583655025887,0.04034165764309492,-7.841132912926324e-05,-0.01957477314876414,0.001125391073072166,0.006901405118454441,0.017621165290960247,-0.02090207811425397,0.007448030902388617,0.007524013115352388,-0.014676415174768129,0.0035132769201371315
survivor_950_basin_965_candidate_1966_gencluster_1966_conf_093843_implicit_min,0.028063249278754164,0.028060912671497348,-0.014518735633406941,-0.0006390618712450503,-0.008103078909383995,-0.01003669085951141,0.022313100181318806,0.009931658936677265,0.002019609256879631,-0.0018492479187541008,0.005962064566962919,-0.02652145851631926
survivor_951_basin_966_candidate_2578_gencluster_600_conf_033175_implicit_min,0.02785652366265481,-0.007958632001913773,-0.01982210578694706,0.00875261772814247,0.013344411322863152,0.0024226848039210097,-0.0011285295251433876,0.012857450586715197,-0.047251125430157755,-0.005624824893839387,0.018431951957925435,0.0026758112864490695
survivor_952_basin_968_nma_bh_candidate_2989_gencluster_1124_conf_159390_implicit_min_hop_001_mode01_m0.75A_implicit_min,-0.010933263254405384,-0.008116599237052598,-0.02274675373197586,-0.004452176099296907,0.0004724365500988702,0.012691142423897713,0.003074774433770924,-0.03148009121570698,0.018832842743420543,-0.009882639862036495,0.031179443045338175,0.012301365684904506
survivor_953_basin_969_explore_r02_hit_0021_conf_003846_implicit_min,0.01158387332021629,-0.0046271362321992264,-0.010662786155686747,-0.013068603102137645,-0.03204780952755301,-0.01280920942403595,0.028600873007606165,-0.01403673336394522,0.03153951201708173,0.01437858006009934,-0.03598446435030604,0.015844612745334642
survivor_954_basin_970_candidate_984_gencluster_984_conf_029731_implicit_min,-0.01810077967335021,0.013639288382425976,-0.005024550520579913,0.03919279800931141,0.005696020944902668,0.023805124471627335,0.0018768408019571928,0.020785239768761423,0.005437405895559851,-0.002903866960003731,0.053480959278685875,0.015352056084456493
survivor_955_basin_971_nma_bh_candidate_2663_gencluster_717_conf_014249_implicit_min_hop_001_mode02_m1.35A_implicit_min,0.010860836122969751,0.019110817162872416,-0.029528299413030736,-0.013344520618898684,-0.0052237120640740275,0.02906110842033974,0.025227316105186078,-0.008880509316615413,0.018198705689248994,-0.03228217824197238,-0.004154912786478822,-0.012005457711430535
survivor_956_basin_972_nma_bh_candidate_2918_gencluster_1033_conf_098844_implicit_min_hop_002_mode02_m0.75A_implicit_min,0.005899999583732409,-0.01381224298666386,-0.017077731574234045,0.02978588800245917,0.012528930205484718,0.015291527210851889,-0.008570091882288416,0.057397482648568164,-0.0017263490630840216,0.01130934606292774,-0.025869556326522193,0.00375716642179662
survivor_957_basin_973_candidate_2928_gencluster_1047_conf_177374_implicit_min,0.001636460622126245,-0.01008048497324396,0.019861921237769146,-0.03290499067988502,0.024502577712097257,-0.03280970167102712,-0.0014850452339457575,-0.00014257957556590116,-0.033533673895545395,0.030262033131388262,-0.023366085289478162,-0.02944568285238948
survivor_958_basin_974_candidate_1384_gencluster_1384_conf_002657_implicit_min,-0.009322430134084786,0.014459710907115945,-0.03477887729519274,-0.01349892628971308,-0.005688098908775652,-0.018545499017193476,0.00995735151176036,-0.025071710176479512,0.006962294545432599,-0.0235511108805954,0.02450427033031948,0.041857547010971274
survivor_959_basin_975_candidate_777_gencluster_777_conf_025274_implicit_min,0.017009058405625346,-0.016070060292613222,0.015018041518991948,-0.04811367073206522,0.02342866099000768,-0.0016234716434268331,0.01736184072875853,-0.013704658526575899,-0.03155941546250673,0.01158735974703736,-0.00047585639264354304,-0.024692133704835018
survivor_960_basin_976_nma_bh_candidate_2863_gencluster_967_conf_115824_implicit_min_hop_001_mode01_m1.35A_implicit_min,-0.020307656768492933,-0.023712576913531052,-0.005964816832198256,0.029428888358326903,-0.020206255820417417,-0.028856502413808254,-0.03276528979021129,-0.006862483957143706,-0.009601008542597465,0.013393198417848378,-0.02544189639676426,0.01861039574817124
survivor_961_basin_977_explore_r05_hit_0037_conf_031746_implicit_min,0.017058548081687705,-0.001617136547391797,-0.014166353255691178,0.0501885670825651,0.0044660797862849915,-0.024718758599177132,0.025921766165946773,0.01762212193923601,-0.022952880413584575,0.021387725326893075,-0.021610128589902192,0.0062699815289708
survivor_962_basin_978_candidate_2855_gencluster_958_conf_065483_implicit_min,0.001395266882643281,0.002296229418709858,-0.03217963816909756,-0.00548588747854766,1.434927962586703e-05,-0.027711479021653593,0.004042678226983213,-0.037915129780174306,-0.0023016125930998676,0.00031423476028413257,0.03925450507162138,-0.025845940803684093
survivor_963_basin_979_nma_bh_candidate_1266_gencluster_1266_conf_074504_implicit_min_hop_001_mode02_m0.75A_implicit_min,0.022463038042105157,0.008678057642561226,0.03728945540524129,0.02477385797511607,0.022468192468355054,0.009417986210543045,0.02248648242239612,-0.019997907271023758,-0.0019702034474543893,0.04406288449159942,-0.010863604126100868,-0.02626383077324807
survivor_964_basin_980_candidate_1662_gencluster_1662_conf_027872_implicit_min,0.017197617960249656,0.0241018571590852,0.03615303879871789,0.003098864673420375,0.033841754604340836,0.004994928211681003,0.006425124361060334,0.004977968869995935,-0.0027733625815872277,0.022030883923087625,0.03619240767733049,-0.028857987862542053
survivor_965_basin_981_candidate_1902_gencluster_1902_conf_075412_implicit_min,-0.03343641573634509,-0.01058716748397075,0.01045493050884552,-0.028123146325337644,-0.016314955080263167,0.003300522189780057,-0.013645746487071017,0.00291704406782711,0.03929437259065408,0.0024608383810177416,0.03731443047921056,-0.025874102402564974
survivor_966_basin_982_nma_bh_candidate_1191_gencluster_1191_conf_097898_implicit_min_hop_001_mode02_m1.35A_implicit_min,0.005316020535049093,0.010430992147009356,-0.0021956509171601065,-0.0007620984511215765,-0.011063989983925314,0.006434533661770202,0.022179906897837217,0.021391490494035065,0.013603536464443712,-0.012895082289624786,-0.017470572832773333,0.007959549893441132
survivor_967_basin_983_candidate_2603_gencluster_632_conf_120809_implicit_min,-0.028141801783946107,-0.022567637657411457,-0.016115097003191026,0.013205175722691887,0.02948994509441604,-0.017290774760616832,-0.0496414123354307,-0.027130217998993827,0.00041568374453194496,0.005229440575649702,-0.0061822757546902115,0.005275103237084765
survivor_968_basin_984_candidate_518_gencluster_518_conf_088922_implicit_min,-0.010591005845164257,0.01134801109377094,0.009115667776298934,-0.024603690965495514,-0.0028647146159486905,-0.029871598705302514,-0.009685612601895289,-0.018181356443710106,0.022951950105127718,-0.03280264456340066,-0.012582685388899817,-0.008143550273742629
survivor_969_basin_985_explore_r02_hit_0023_conf_027047_implicit_min,0.0011390682212367035,-0.03391100194449511,-0.0005815028512966231,0.023307810977925128,0.007014032515061477,-0.032838893995158436,0.0261884611532544,-0.0014675381699709158,-0.020888816989318274,0.028371626634436712,-0.010773609701497022,0.00562561517743832
survivor_970_basin_986_nma_bh_candidate_1614_gencluster_1614_conf_058900_implicit_min_hop_003_mode02_m0.75A_implicit_min,0.02004209541132793,0.01602834524221708,0.02323465718744038,0.028650847157899496,-0.019363593062475128,0.030290276847026155,0.019657716332067702,0.010490025143375173,-0.03571011383227822,-0.007667747462549174,0.008721916529173923,0.031596672235302624
survivor_971_basin_987_candidate_2940_gencluster_1062_conf_147733_implicit_min,0.03284525732418718,-0.0071501532629236406,0.018066218530063127,0.048018864518523066,0.012094151230077989,-0.011947304828667741,0.0142018427351395,0.00961093103427453,-0.04180809503153761,0.004094184705877886,-0.015193212590239842,0.01553533108994911
survivor_972_basin_988_candidate_2332_gencluster_264_conf_062808_implicit_min,0.02837857841703604,-0.04017827401216364,0.00892686377443569,-0.021178273480258167,0.009141796341346379,0.0014984818902950277,0.009937438614406498,-0.013603091173824558,-0.03758329807560193,-0.023093829905443713,-0.006079166083607155,-0.0162382774320952
survivor_973_basin_989_explore_r04_hit_0051_conf_025960_implicit_min,-0.007750365863360476,0.011019087607325553,-0.04243134273953416,-0.0010540266531604602,0.025250153042650974,-0.007294406981966459,0.005041846719133492,0.05043054580554006,0.012009157183211487,-0.011232240778225376,-0.013611792118876266,-0.004041391417218422
survivor_974_basin_991_candidate_2072_gencluster_2072_conf_084497_implicit_min,-0.014155908976790919,-0.02102672039128906,-0.013863891373676591,-0.017346187251552715,-0.014958244800178712,0.033054135577750866,0.008565671073124961,0.00664802753308943,0.02606986394253731,-0.002565942067219114,0.0501990242234621,0.005404686144353086
survivor_975_basin_992_nma_bh_candidate_1920_gencluster_1920_conf_068917_implicit_min_hop_001_mode02_p0.75A_implicit_min,0.007532251193435727,-0.009990446953560578,0.03878605374309726,-0.011101435197721816,-0.05303551096928942,0.0196697470752056,0.026247078354755916,0.02067600250991628,0.0031355923606034954,0.010034056148988694,-0.044513981819506394,-0.005479256591171085
survivor_976_basin_993_candidate_2910_gencluster_1022_conf_139627_implicit_min,-0.013262656735141909,-0.007105827873953265,-0.013290407162639205,-0.018230898190531673,-0.033579413130690655,0.04161180914599417,-0.032793943143911465,0.028079006694253488,-0.009552953985945804,-0.04156349912347819,-0.014195296803977842,-0.004942220238207358
survivor_977_basin_994_nma_bh_candidate_1744_gencluster_1744_conf_080354_implicit_min_hop_001_mode02_m1.35A_implicit_min,-0.008418009186511359,0.014788709398520963,-0.021190793585844546,0.04783349524597134,-0.027425166789252838,-0.02749464119683687,-0.004639462102971631,0.03459721714259387,-0.017527980077047634,0.03172703716123607,0.01051049317966519,0.015125465221890457
survivor_978_basin_995_candidate_2687_gencluster_756_conf_139443_implicit_min,-0.03697149905425982,0.0013403531985510797,0.00012804394632029916,-0.01753344210464709,-0.005413756192062875,-0.00484071008212806,-0.002595311894836449,-0.01124930943757079,0.06143146123090106,0.007909993312414477,0.01212721767249772,0.010294039130473468
survivor_979_basin_996_nma_bh_candidate_1742_gencluster_1742_conf_052620_implicit_min_hop_003_mode02_p0.75A_implicit_min,0.04435774298251187,0.006249164099945485,0.0062548658436580445,-0.005998990306715498,-0.011180500029736097,0.020276704282074384,0.002019949785934646,0.01780957295658514,-0.03681913449673852,-0.05247075490843467,0.014746483738460242,-0.0001645871209591549
survivor_980_basin_997_candidate_1813_gencluster_1813_conf_025029_implicit_min,0.009968871870024246,0.01701873335870649,-0.0031008223561789054,0.003717287304594238,-0.027810124020535315,-0.006982222349918932,-0.00758854164424367,-0.01651324318586091,-0.014510401822454212,-0.0051840447367984864,-0.015597439898430146,0.01830573490588133
survivor_981_basin_998_candidate_2309_gencluster_236_conf_137953_implicit_min,0.0379978510397052,-0.0080271119793171,-0.014817635995717152,-0.004218586021952802,0.022865673174495147,0.02593813837381775,0.019294077774842135,0.00538007085859085,-0.015812915862285632,-0.02408628526962178,0.017845659543953965,-0.028145357910819988
survivor_982_basin_999_candidate_1146_gencluster_1146_conf_196735_implicit_min,-0.037513226643447306,-0.005471157271353145,0.009251548026083755,0.024061452633700745,-0.0036554125612404424,0.011645214942277155,0.008367872823753921,0.004048927997890941,0.057014562317363314,0.0028607540952813254,0.03452244049824271,0.041472688710293526
survivor_983_basin_1000_nma_bh_candidate_1006_gencluster_1006_conf_003848_implicit_min_hop_001_mode01_m0.75A_implicit_min,-0.00396341143483803,-0.003477962808312188,-0.0016695046623151617,-0.031855445531281376,-0.03403600955480281,0.01298978753827922,0.003033698683282564,0.009379735768027635,0.029963584308299568,-0.03288713341723939,-0.020149886694443637,-0.020647578850105444
survivor_984_basin_1001_explore_r03_hit_0021_conf_032247_implicit_min,0.00954440255758855,-0.05136769617285999,-0.016202635897258393,0.018893074580250878,0.018055875848621013,0.004996132550931867,0.02240559409408843,0.03591257826314455,0.008899685433561342,0.009477462804925623,0.000533458674135873,-0.0004500358859779102
survivor_985_basin_1002_candidate_2054_gencluster_2054_conf_059285_implicit_min,-0.005123842011655286,-0.00029030382217543445,0.007104132436222337,0.03186582299223182,-0.0145941671693059,-0.006849557186221736,-0.021026026821819803,-0.030596059879177774,-0.01818987914647039,-0.017814145001634064,-0.001280919464783486,0.016174662195098645
survivor_986_basin_1003_nma_bh_candidate_2126_gencluster_018_conf_131165_implicit_min_hop_001_mode02_m1.35A_implicit_min,0.007959618451166411,0.014610419602096887,0.025047746563544842,0.027520303555718304,-0.020417941226239807,-0.0020832932912373788,-0.0033079899030135423,0.028186451329901042,-0.009848579518940944,0.009912955453612347,-0.019531784455478412,0.012831064422127409
survivor_987_basin_1004_explore_r02_hit_0059_conf_043512_implicit_min,0.039724314855115066,-0.014956772725306175,-0.005449035538829555,0.023565496674678197,-0.0001616601709135139,0.01919080518923248,0.035468760922783414,-0.00863636180478115,-0.019179026033644346,-0.011448248904548614,0.008076770998152438,-0.00013456742900623862
survivor_988_basin_1005_candidate_2433_gencluster_395_conf_143201_implicit_min,-0.0113244054226575,0.0016949628575319185,-0.004003974346395827,-0.05106742172048755,-5.990611773831265e-05,0.018007563366379067,-0.0023495367659974176,0.02110411042628303,0.04651048947124173,-0.029269670067066118,-0.00672588865536543,-0.03550458668827704
survivor_989_basin_1006_nma_bh_candidate_1614_gencluster_1614_conf_058900_implicit_min_hop_000_mode01_m0.75A_implicit_min,0.03637505827886293,-0.003227994045912502,0.0210204068767366,0.037039121462574556,-0.021638601155614143,0.028179661731570046,0.026974146946296223,0.005378626083305943,-0.04506784450437434,0.000291137212440635,-0.002837002880159206,0.004465463044793241
survivor_990_basin_1007_candidate_1529_gencluster_1529_conf_016244_implicit_min,-0.0426676826072317,0.0007943061568711369,-0.015755587177159316,-0.01954947104637087,0.0006266208865309876,0.013982216207836108,-0.04655511807473033,-0.024240352899341698,0.011987468610873625,-0.02861234718484783,0.01113635008924827,0.006558452693360045
survivor_991_basin_1008_nma_bh_candidate_659_gencluster_659_conf_039862_implicit_min_hop_003_mode01_p1.35A_implicit_min,0.02612946316681418,0.03220643955858327,-0.006358437198966198,-0.01751462352501225,-0.006988433006846983,-0.04143035552871649,0.02410118055192236,-0.009305173085587889,0.007714840605895393,0.018843473157885107,-0.029736450540232703,-0.019758522159015888
survivor_992_basin_1009_candidate_2061_gencluster_2061_conf_003202_implicit_min,-0.008831729472097764,-0.008620288692209755,0.03727156292816106,0.0002015546520052491,-0.004485442036182194,-0.048714192187533624,-0.026315387863181786,-0.01704484611971667,0.00177075228557441,0.008347305455647422,-0.060373107750539466,-0.0026801014206329237
survivor_993_basin_1010_candidate_2960_gencluster_1092_conf_187596_implicit_min,0.0019361539951635851,0.0134546231260288,-0.0015637619760602351,0.04384119986968642,0.026994161026583304,-0.04103232732913031,-0.005832413173522399,-0.007918922846352172,-0.012998595065124779,0.0022927307874883274,0.01941881443864623,0.016116969905157066
survivor_994_basin_1011_candidate_1743_gencluster_1743_conf_004298_implicit_min,-0.0037873765142086425,-0.018497050606535507,0.032393753069789095,0.0019044874403514904,0.03659597147509247,-0.003450907001232278,0.0003884905141222953,-0.013121267734244312,0.013204008854350883,-0.007332163565595371,-0.004503328992479415,-0.028670707421483452
survivor_995_basin_1012_candidate_237_gencluster_237_conf_018820_implicit_min,0.002948550252640484,0.03413777863574387,0.03380465013505689,0.008957440382234037,0.03427330474410345,-0.006282815107303081,0.0056301853472104845,0.011619043858949137,-2.783584414949028e-05,-0.004092882189704923,0.04266250311501867,-0.03735523872981425
survivor_996_basin_1013_candidate_550_gencluster_550_conf_023437_implicit_min,-0.0052992703256108655,0.011136871467658625,-0.018199097535013534,0.022463282098768723,0.03687312470966006,0.008909720654002895,0.005249332642500459,0.02729892275430794,-0.024317971942078333,-0.0003061342150787749,0.04620704555739515,0.015105144185169296
survivor_997_basin_1014_candidate_2117_gencluster_008_conf_105609_implicit_min,-0.015548185430770012,0.009195780774287994,0.02909162218759014,0.005323913298718845,0.011120478390630692,-0.005576551634807469,-0.027397847569509658,-0.038709137203142015,-0.0004169986305282312,-0.004877894461032401,-0.013744125918847536,0.024855199402975998
survivor_998_basin_1015_candidate_845_gencluster_845_conf_072240_implicit_min,-0.00017030798243285178,-0.020757424378255507,-0.027653039794875333,-0.0077278371408040294,0.01557930119284684,-0.04048503574303623,-0.027884488982569323,-0.04245010443303964,-0.002490542777657272,-0.02387889973464175,-0.007844149897819515,-0.0016843288634538207
survivor_999_basin_1016_candidate_1766_gencluster_1766_conf_015663_implicit_min,0.030675901223195117,0.00500361955006962,0.024597739350555203,0.031932148481062135,0.04197759632113691,-0.018286737051045474,0.024033604895642595,-0.019404068437535383,-0.007380554379704225,0.03418491702122883,-0.009206702988013911,-0.030506028674879476
