step,replica,window,cv_A,rg_A,umbrella_mbar_weight,gamd_exponential_weight
1010500,0,0,0.172205850481987,8.287054634670637,1.3976551168753685e-06,8.086914945669317e-11
1010500,1,1,0.15876109898090363,8.868011631312845,9.253789347794537e-08,3.2097474499318617e-10
1010500,2,9,0.17999890446662903,8.567383809491327,5.317189545904988e-07,9.407560009867612e-09
1010500,3,2,0.10346809029579163,8.92838547554765,5.484044515063896e-10,4.093213974967934e-12
1010500,4,4,0.19572827219963074,8.379439780780372,3.7468828567629734e-08,2.167968521574168e-12
1010500,5,3,0.14235524833202362,8.164753334715918,2.0934992707323856e-11,1.5604486732492563e-14
1010500,6,11,0.1989002376794815,8.433016752361235,7.813633712770299e-11,7.970683092004577e-14
1010500,7,7,0.16589808464050293,8.402898161774791,2.031452153801795e-09,2.8914786799475807e-10
1010500,8,8,0.15637926757335663,8.76926869834153,7.994948197706133e-07,4.6259241846747413e-11
1010500,9,5,0.15405666828155518,8.895245658852724,5.018084961965618e-08,1.436755556828246e-10
1010500,10,6,0.16234026849269867,8.694888665691996,2.5292578655149674e-09,1.9846741435872788e-11
1010500,11,10,0.21870826184749603,8.389607315593917,6.002386068651208e-09,1.330715475076297e-09
1010500,12,12,0.31511032581329346,7.153293357179234,6.580614181933969e-08,3.8075821808271266e-12
1010500,13,13,0.3220076262950897,7.368220981845788,3.73429901315428e-08,4.7109979652643894e-11
1010500,14,15,0.2960422933101654,7.344163110948672,7.409018542752315e-11,1.363434327694185e-13
1010500,15,14,0.27502575516700745,7.869872806121792,1.3345201456117085e-08,5.4961766277354934e-09
1010500,16,21,0.37474116683006287,7.323617950750348,8.12260648068215e-08,1.2487483694582802e-10
1010500,17,17,0.3523634076118469,7.617818875461754,4.696139976296506e-09,2.735294168449408e-12
1010500,18,18,0.3463594615459442,7.655297123687953,2.562336378697094e-08,2.0484466767827058e-08
1010500,19,26,0.38852187991142273,7.384431923056719,7.009579014298112e-08,7.756163730624709e-09
1010500,20,20,0.383480966091156,7.465072816623221,1.95871902965328e-06,1.1333263838851952e-10
1010500,21,16,0.32140517234802246,7.906021750807245,1.3405562940934044e-06,7.756537789130216e-11
1010500,22,22,0.3619937300682068,7.964770313793087,6.959570147792963e-07,3.451839670942335e-05
1010500,23,19,0.3494558334350586,7.811108557996808,1.1937250948428164e-08,3.998898504208552e-09
1010500,24,24,0.4413997530937195,7.304985972470904,1.1663211946853688e-06,6.74840322685489e-11
1010500,25,25,0.38967499136924744,7.641006620674361,2.3903909691242744e-07,6.248977076155294e-10
1010500,26,23,0.349330335855484,7.77902946287565,1.0961417434041813e-08,7.113190132125536e-10
1010500,27,31,0.4622318744659424,6.884099618588948,3.9313617703516414e-08,1.834701312345674e-08
1010500,28,28,0.4543890058994293,6.404455640022766,7.7245637364645e-07,4.469478140561921e-11
1010500,29,29,0.44164377450942993,6.960610508162706,2.0120963432225618e-07,9.48851815026441e-10
1010500,30,30,0.45733842253685,6.9054741919802956,1.3965615880049525e-09,3.261915779009445e-12
1010500,31,27,0.40952786803245544,7.092886842708793,5.760816390222215e-10,1.547725111942802e-10
1010750,0,0,0.17536120116710663,8.287054634670637,1.386921216055564e-06,8.02480796239644e-11
1010750,1,1,0.14278964698314667,8.868011631312845,3.2635437309644994e-07,6.469386717781479e-09
1010750,2,9,0.15288211405277252,8.567383809491327,1.4243091930242987e-07,3.973916922244285e-10
1010750,3,2,0.07791430503129959,8.92838547554765,2.4198912809761217e-08,3.0313183824255815e-09
1010750,4,4,0.1948791742324829,8.379439780780372,1.4710246801973554e-07,8.511435566687955e-12
1010750,5,3,0.1581750065088272,8.164753334715918,2.0418297220053205e-11,1.2039044538470749e-14
1010750,6,11,0.19217480719089508,8.433016752361235,7.631866778661933e-11,3.845726379001898e-14
1010750,7,7,0.1713426262140274,8.402898161774791,2.797045448920337e-11,9.122827411127238e-14
1010750,8,8,0.18722377717494965,8.76926869834153,2.681371836192014e-07,1.551457560251003e-11
1010750,9,5,0.16665756702423096,8.895245658852724,2.1007268206631565e-07,1.0943108283045239e-09
1010750,10,6,0.1538057029247284,8.694888665691996,3.5852254682666536e-10,4.1659906380291203e-13
1010750,11,10,0.21964159607887268,8.389607315593917,5.566740513402322e-10,1.3364943702828884e-13
1010750,12,12,0.28961193561553955,7.153293357179234,1.796108633406087e-07,1.0392390494737887e-11
1010750,13,13,0.32274505496025085,7.368220981845788,8.473613092579828e-08,2.739901577205733e-10
1010750,14,15,0.3132089078426361,7.344163110948672,2.8368038869481562e-11,8.706723387956542e-14
1010750,15,14,0.25451937317848206,7.869872806121792,2.822999173243327e-10,3.414303882065288e-13
1010750,16,21,0.35867875814437866,7.323617950750348,1.8339579982290836e-07,8.969749452231856e-10
1010750,17,17,0.3471585810184479,7.617818875461754,4.262560793343652e-07,6.37539448801166e-09
1010750,18,18,0.3614148199558258,7.655297123687953,2.5804114802209946e-08,2.4695463138329324e-09
1010750,19,26,0.3874455392360687,7.384431923056719,2.939130561524341e-07,4.716829571524277e-06
1010750,20,20,0.36030399799346924,7.465072816623221,5.685154953534326e-07,3.289464189489488e-11
1010750,21,16,0.3356325626373291,7.906021750807245,1.304971714601226e-06,7.55064331326411e-11
1010750,22,22,0.36101141571998596,7.964770313793087,4.378900322296796e-09,4.043607051977383e-10
1010750,23,19,0.34867727756500244,7.811108557996808,1.3701935260347905e-08,6.541700532284637e-08
1010750,24,24,0.4000566005706787,7.304985972470904,1.230070565366504e-06,7.11726084581516e-11
1010750,25,25,0.3669154942035675,7.641006620674361,1.4177289195324311e-06,2.5244889484653036e-07
1010750,26,23,0.3606865704059601,7.77902946287565,3.128362336240879e-08,3.2820873664244576e-07
1010750,27,31,0.4570296108722687,6.884099618588948,1.8556017121108972e-08,3.881367484140708e-07
1010750,28,28,0.4441947937011719,6.404455640022766,2.0770856627902503e-06,1.2018140159931724e-10
1010750,29,29,0.4394786059856415,6.960610508162706,6.13186286199871e-08,5.010715367237877e-11
1010750,30,30,0.4599340558052063,6.9054741919802956,1.1404694414537946e-09,2.69362962046112e-12
1010750,31,27,0.3911123275756836,7.092886842708793,1.337741070098892e-09,7.946737168776949e-12
1010750,32,32,0.49188172817230225,6.597181905563931,1.6798115943490463e-06,9.719488967077732e-11
1010750,33,33,0.5158557891845703,7.164786887936097,1.5110004297434175e-06,1.0389390274057302e-07
1010750,34,34,0.5471784472465515,6.7837861042404155,7.199579484139898e-09,2.587455871135194e-11
1010750,35,35,0.4923398494720459,6.891349254888589,2.4796827630421623e-10,1.8041512710732346e-13
1010750,36,40,0.6873982548713684,6.235483496348212,9.606101460020087e-07,5.558146965492014e-11
1010750,37,37,0.582377016544342,6.719155492689798,4.83934436586027e-07,1.4843063281836927e-09
1010750,38,38,0.6066687703132629,6.349225074653471,5.237494713282287e-08,2.0235803866291105e-08
1010750,39,39,0.5805796980857849,6.633380237846294,3.779723822032802e-10,3.869542846759611e-13
1010750,40,36,0.6233025193214417,6.353945272125159,5.457221513917432e-07,3.15758055688228e-11
1010750,41,41,0.5726121664047241,6.455948282593912,3.7080081704623917e-09,1.0012024880496995e-12
1010750,42,43,0.6578392386436462,6.520371786887148,6.817814609764214e-10,2.4894396025632026e-12
1010750,43,42,0.6216309666633606,6.5753617952835075,1.1810064585593078e-08,4.946460228316855e-10
1010750,44,48,0.6783260703086853,6.08953663942412,2.2512282133780866e-07,1.3025739229274447e-11
1010750,45,46,0.6777333617210388,6.337401168677948,8.523537010272819e-10,5.067222595248658e-13
1010750,46,45,0.6500756740570068,6.183751460172298,4.791980093240436e-07,4.019507904678386e-09
1010750,47,47,0.664066731929779,6.152104018028308,2.46091686198673e-10,1.1758520011244258e-13
1010750,48,44,0.7171081304550171,6.21809136048872,6.58989130351749e-07,3.812949978095632e-11
1010750,49,49,0.7177422046661377,6.075358911234158,2.2231153566203232e-07,5.390613706890699e-10
1010750,50,50,0.7028218507766724,6.2396298205150575,1.9735646717322856e-08,8.171037320277415e-11
1010750,51,51,0.6950307488441467,6.104690754508829,7.539199729854806e-09,9.41176009681503e-10
1010750,52,52,0.7720428705215454,5.947303956918034,6.520892989396337e-07,3.7730271465647907e-11
1010750,53,56,0.8340392112731934,5.59844740324869,8.532403491691299e-07,4.936898987906202e-11
1010750,54,54,0.8047360777854919,5.92073704854775,4.941727117231932e-10,1.8880170765532994e-13
1010750,55,59,0.7508924007415771,5.831346426475999,2.363738403914699e-09,7.697450446635962e-13
1010750,56,53,0.8314816951751709,5.959729089508208,9.793085171777132e-08,1.0133197314916775e-10
1010750,57,60,0.8464081287384033,6.019867291716948,1.0289120799347114e-07,5.953345983954706e-12
1010750,58,58,0.8443166613578796,5.812552567513171,1.5828235969157643e-09,8.452336881706176e-13
1010750,59,55,0.8299480080604553,5.85607924022465,5.755628499301274e-10,3.308469104931344e-13
1010750,60,61,0.9097083210945129,5.330034372212649,1.0494648984173803e-09,1.030741586991165e-13
1010750,61,63,0.8981057405471802,5.519797389252399,1.7966142193447913e-09,1.5755421882632046e-12
1010750,62,57,0.912056565284729,5.3449781024732035,3.034980284518643e-09,4.665625885033006e-13
1010750,63,62,0.9338148236274719,5.2865883235256605,7.023361077443362e-09,1.3971434173374226e-11
1011000,0,8,0.19180336594581604,8.287054634670637,6.591561079308448e-07,3.813916120217303e-11
1011000,1,5,0.1303209811449051,8.868011631312845,3.1626757819071996e-07,4.8521500040995005e-09
1011000,2,4,0.17283134162425995,8.567383809491327,1.0552490147892657e-06,6.105733042483531e-11
1011000,3,1,0.09043563157320023,8.92838547554765,1.336461895726141e-06,1.1196153141821238e-07
1011000,4,9,0.18900859355926514,8.379439780780372,4.736104442661884e-08,5.979868652814503e-11
1011000,5,6,0.14798825979232788,8.164753334715918,1.704964466409998e-10,7.293545566360355e-14
1011000,6,7,0.15709087252616882,8.433016752361235,5.658569280538193e-10,5.853414917732895e-11
1011000,7,3,0.16224385797977448,8.402898161774791,1.3648019916719716e-11,7.010814222230843e-15
1011000,8,2,0.16269893944263458,8.76926869834153,6.17350356980833e-10,4.744483217877824e-12
1011000,9,0,0.15040241181850433,8.895245658852724,1.0272037921115012e-06,5.943461729847793e-11
1011000,10,11,0.1546860933303833,8.694888665691996,1.8097947782724005e-10,2.224683988318568e-12
1011000,11,10,0.17723484337329865,8.389607315593917,2.486959341655185e-09,1.2666739020495793e-10
1011000,12,12,0.2738751769065857,7.153293357179234,2.5901378990454845e-09,1.498669066082859e-13
1011000,13,17,0.33181053400039673,7.368220981845788,9.723908498987283e-08,2.0570454804002413e-10
1011000,14,14,0.29509833455085754,7.344163110948672,1.6685736422017455e-10,1.957485708402716e-13
1011000,15,15,0.24132484197616577,7.869872806121792,1.409516668076647e-11,5.255534722710784e-15
1011000,16,20,0.3554750978946686,7.323617950750348,4.6361002916121886e-07,2.6824749743468767e-11
1011000,17,13,0.3121185302734375,7.617818875461754,5.844190940698926e-08,7.977877711592603e-11
1011000,18,18,0.32288163900375366,7.655297123687953,1.2039325191759653e-07,1.5485902971289626e-06
1011000,19,26,0.3591062128543854,7.384431923056719,1.0630935055714903e-08,3.45366065241585e-10
1011000,20,21,0.3420035243034363,7.465072816623221,4.793714790040357e-08,5.4217659795277414e-11
1011000,21,16,0.31689056754112244,7.906021750807245,1.9154852499792983e-06,1.1083110639552712e-10
1011000,22,23,0.373663991689682,7.964770313793087,1.3843250978413266e-09,4.5482151496530926e-11
1011000,23,19,0.3413160443305969,7.811108557996808,4.4379610955985395e-09,6.064968781599596e-09
1011000,24,29,0.42611923813819885,7.304985972470904,1.6914999030794912e-07,5.98717592068293e-10
1011000,25,24,0.3620569109916687,7.641006620674361,1.0103536652653924e-06,5.845965902026629e-11
1011000,26,22,0.34435591101646423,7.77902946287565,7.932061687607477e-10,1.333024905339729e-12
1011000,27,31,0.4377173185348511,6.884099618588948,1.0398781161355466e-07,5.396322348881953e-05
1011000,28,32,0.4875122904777527,6.404455640022766,1.2022592928259434e-06,6.956343182472623e-11
1011000,29,25,0.4186844527721405,6.960610508162706,3.576250047176695e-07,1.1807338916536936e-09
1011000,30,30,0.4337264895439148,6.9054741919802956,3.471236184481482e-11,5.3661951396110675e-15
1011000,31,27,0.3839179575443268,7.092886842708793,7.73983583538319e-09,1.515388629007026e-08
1011000,32,28,0.4592469036579132,6.597181905563931,1.3727614072073864e-06,7.94287847319731e-11
1011000,33,33,0.497798353433609,7.164786887936097,1.1301218534255004e-06,3.229797398604249e-08
1011000,34,34,0.5271536111831665,6.7837861042404155,1.5747572045226665e-08,3.069657216514332e-10
1011000,35,35,0.5006060004234314,6.891349254888589,2.3259481391737485e-09,1.441859665136454e-10
1011000,36,52,0.689902126789093,6.235483496348212,4.582559812455239e-07,2.651496137302976e-11
1011000,37,37,0.5540450811386108,6.719155492689798,1.6150619648970078e-06,4.772792539218475e-08
1011000,38,42,0.6138766407966614,6.349225074653471,1.921086337843229e-09,2.9884176424962635e-12
1011000,39,38,0.5580213665962219,6.633380237846294,7.419761247660819e-09,2.0399801335937463e-11
1011000,40,36,0.6025949120521545,6.353945272125159,1.1626783562947508e-07,6.727325549057232e-12
1011000,41,39,0.6029499173164368,6.455948282593912,3.364998787531599e-11,4.450617528999395e-15
1011000,42,43,0.6247431635856628,6.520371786887148,4.498441713319361e-09,4.912581746228129e-10
1011000,43,41,0.6008374094963074,6.5753617952835075,5.640832622139143e-07,4.815792661212968e-09
1011000,44,45,0.6753518581390381,6.08953663942412,1.593071082515496e-07,2.7395181618032096e-10
1011000,45,46,0.6170031428337097,6.337401168677948,3.656787668392746e-08,6.699363297335452e-10
1011000,46,40,0.6036103367805481,6.183751460172298,3.021745628109496e-07,1.7483998439186236e-11
1011000,47,50,0.6856773495674133,6.152104018028308,9.021393376648896e-09,2.6949370714710677e-11
1011000,48,44,0.6647116541862488,6.21809136048872,4.901435714410248e-07,2.8359996150349353e-11
1011000,49,49,0.7331719398498535,6.075358911234158,8.24648194707999e-07,1.1269677197539805e-08
1011000,50,47,0.6676352024078369,6.2396298205150575,2.5874928014529078e-09,1.1248289885854321e-11
1011000,51,51,0.6681311726570129,6.104690754508829,7.1768080363722296e-09,1.0470617926739614e-10
1011000,52,48,0.719579815864563,5.947303956918034,1.839289595255412e-06,1.064223808698823e-10
1011000,53,56,0.8281314373016357,5.59844740324869,9.824571135943385e-07,5.684554808604944e-11
1011000,54,54,0.8030627369880676,5.92073704854775,1.5724577772606398e-09,6.000238224964244e-13
1011000,55,55,0.7464009523391724,5.831346426475999,2.1308520340704615e-08,1.0259472463540347e-09
1011000,56,53,0.8290736079216003,5.959729089508208,1.700596403757093e-08,7.101574773848511e-12
1011000,57,57,0.8219671249389648,6.019867291716948,3.198867988950959e-08,9.66235931939087e-12
1011000,58,58,0.8299058079719543,5.812552567513171,2.176131837812724e-09,7.014945929027827e-12
1011000,59,59,0.8173872828483582,5.85607924022465,8.526574480281643e-10,5.717765904484656e-13
1011000,60,63,0.900007426738739,5.330034372212649,7.697673231619092e-10,2.284918136725167e-13
1011000,61,61,0.8840101361274719,5.519797389252399,1.9739769123388546e-08,1.278176733396621e-11
1011000,62,60,0.915905773639679,5.3449781024732035,8.168217863421405e-08,4.726179035273101e-12
1011000,63,62,0.9105107188224792,5.2865883235256605,1.455501977257785e-09,6.869552933200715e-13
1011250,0,8,0.1985214501619339,8.287054634670637,1.2757423555351316e-06,7.381520517640265e-11
1011250,1,0,0.11297784745693207,8.868011631312845,1.4102080279142584e-06,8.159546829362473e-11
1011250,2,4,0.1759125143289566,8.567383809491327,2.3764171318833375e-07,1.3750089695901449e-11
1011250,3,5,0.11457666754722595,8.92838547554765,3.982339925490398e-08,8.33591292513813e-11
1011250,4,10,0.20945370197296143,8.379439780780372,7.1973116872002965e-09,1.2313706547342388e-10
1011250,5,2,0.14207175374031067,8.164753334715918,3.0542131389055515e-10,3.9241475074056617e-13
1011250,6,6,0.18342037498950958,8.433016752361235,8.074646885231747e-10,3.7711273578472565e-13
1011250,7,3,0.16763490438461304,8.402898161774791,3.444686757863608e-11,2.6955263726587222e-14
1011250,8,7,0.16787774860858917,8.76926869834153,1.5966210457190065e-09,5.3259097503298264e-11
1011250,9,1,0.16483692824840546,8.895245658852724,4.002854057129074e-08,6.133323536140083e-11
1011250,10,11,0.17668773233890533,8.694888665691996,1.77331358409546e-09,2.76933251754978e-10
1011250,11,9,0.17196176946163177,8.389607315593917,5.567883129938257e-08,9.486336694526158e-11
1011250,12,18,0.26548099517822266,7.153293357179234,3.0550000379492316e-09,1.3695916552614337e-11
1011250,13,12,0.33553841710090637,7.368220981845788,2.3010476818748406e-07,1.331399761255315e-11
1011250,14,15,0.28964975476264954,7.344163110948672,1.0793140100429468e-10,1.2544434282749854e-12
1011250,15,14,0.2504625916481018,7.869872806121792,5.174128120898578e-09,2.46194355816513e-11
1011250,16,24,0.37191131711006165,7.323617950750348,1.9605684533377758e-07,1.1343964713377035e-11
1011250,17,17,0.3304404020309448,7.617818875461754,3.8857056891325143e-07,4.4995594400528065e-09
1011250,18,22,0.3414539098739624,7.655297123687953,1.6532963902596632e-08,1.3668852212077141e-09
1011250,19,26,0.38034388422966003,7.384431923056719,2.330746606107033e-07,1.0609206487105112e-06
1011250,20,21,0.32956087589263916,7.465072816623221,8.931524525661924e-07,9.249793809615232e-08
1011250,21,16,0.3156822919845581,7.906021750807245,4.159927482022074e-07,2.406958578055601e-11
1011250,22,19,0.35345858335494995,7.964770313793087,6.734226224679211e-08,1.144773543036431e-05
1011250,23,13,0.32442358136177063,7.811108557996808,1.4515788754908458e-07,3.850676604493598e-10
1011250,24,29,0.43092674016952515,7.304985972470904,3.205074572764115e-07,1.386965696326372e-09
1011250,25,20,0.34871622920036316,7.641006620674361,9.229041825953603e-07,5.3399780371688594e-11
1011250,26,23,0.34192439913749695,7.77902946287565,4.486071933227038e-09,2.897046585123604e-10
1011250,27,30,0.4457663297653198,6.884099618588948,2.5949448637920376e-07,7.024466615632005e-07
1011250,28,32,0.4954591989517212,6.404455640022766,1.4112058620157968e-06,8.165320356330305e-11
1011250,29,25,0.39187750220298767,6.960610508162706,1.7559184605164513e-07,1.0255750459441328e-09
1011250,30,34,0.5042322874069214,6.9054741919802956,4.382238106818585e-09,8.908357777670909e-12
1011250,31,27,0.42768967151641846,7.092886842708793,9.839311117981303e-10,7.678828520502796e-12
1011250,32,33,0.4648047685623169,6.597181905563931,8.547761948526661e-07,1.881080378048039e-08
1011250,33,28,0.501521110534668,7.164786887936097,1.6096318050562174e-06,9.313424566737753e-11
1011250,34,31,0.503975510597229,6.7837861042404155,6.236977139012095e-10,1.6744177543211355e-12
1011250,35,35,0.4859151542186737,6.891349254888589,1.4185835214690335e-09,1.7773402247523766e-12
1011250,36,52,0.6971931457519531,6.235483496348212,1.0831194732329102e-06,6.266993158952363e-11
1011250,37,37,0.5611273050308228,6.719155492689798,1.8004235253333257e-07,4.6139578902181673e-10
1011250,38,43,0.600654661655426,6.349225074653471,9.643333021568697e-10,4.145903363313611e-12
1011250,39,38,0.543415904045105,6.633380237846294,3.116719473392483e-10,2.4182536473104247e-13
1011250,40,36,0.6331790685653687,6.353945272125159,1.139269013502894e-06,6.591877710884557e-11
1011250,41,39,0.6014208197593689,6.455948282593912,6.340995184008434e-11,1.333818151732109e-14
1011250,42,42,0.637395977973938,6.520371786887148,2.7535440744791752e-08,9.652259272275092e-10
1011250,43,44,0.6243184804916382,6.5753617952835075,1.5826721776168038e-06,9.15743457218396e-11
1011250,44,49,0.6889236569404602,6.08953663942412,1.37697673148695e-07,3.176008423723829e-10
1011250,45,46,0.6545825600624084,6.337401168677948,3.5372935193410657e-09,2.6824438521535393e-11
1011250,46,41,0.6101810932159424,6.183751460172298,7.689780265634414e-08,5.179538904132816e-11
1011250,47,50,0.6586774587631226,6.152104018028308,1.807093913152927e-08,1.7544398907078318e-10
1011250,48,40,0.6428356170654297,6.21809136048872,1.329127896154611e-06,7.69041240456261e-11
1011250,49,45,0.7070651054382324,6.075358911234158,4.79798908221242e-07,8.197033995971209e-10
1011250,50,47,0.6886025667190552,6.2396298205150575,2.228036537182833e-10,3.0695940164943166e-13
1011250,51,51,0.6786184906959534,6.104690754508829,3.1934402314720974e-09,3.9727559058196836e-11
1011250,52,48,0.7004876732826233,5.947303956918034,1.6618084286408022e-06,9.615321588389333e-11
1011250,53,60,0.8459275960922241,5.59844740324869,3.5032039172935367e-07,2.026974449878868e-11
1011250,54,54,0.7606500387191772,5.92073704854775,1.0265062300472535e-08,6.827493649413635e-11
1011250,55,53,0.8038954734802246,5.831346426475999,1.6513321138966046e-07,1.52285302682314e-10
1011250,56,57,0.8473678231239319,5.959729089508208,1.2456955795394877e-07,1.0598133284853273e-10
1011250,57,59,0.8398171663284302,6.019867291716948,2.95732377382577e-08,6.321428091477271e-10
1011250,58,61,0.8260923027992249,5.812552567513171,1.292541733222468e-07,1.667515611041543e-10
1011250,59,55,0.832937479019165,5.85607924022465,7.244198146880877e-09,2.791685870050527e-11
1011250,60,62,0.8933896422386169,5.330034372212649,1.588444031114441e-09,4.386244994710581e-13
1011250,61,56,0.8850234150886536,5.519797389252399,4.71711706124046e-08,2.7293517551239146e-12
1011250,62,58,0.9080030918121338,5.3449781024732035,3.382628797394722e-08,5.471229910602648e-11
1011250,63,63,0.9231002926826477,5.2865883235256605,3.46214623308809e-09,7.963161760366973e-13
1011500,0,8,0.2071370780467987,8.287054634670637,1.5940978511356992e-06,9.223544193097334e-11
1011500,1,0,0.12624584138393402,8.868011631312845,1.0279165925141613e-06,5.947586035021452e-11
1011500,2,4,0.16784875094890594,8.567383809491327,7.397563201628446e-07,4.280273702322581e-11
1011500,3,5,0.0951898992061615,8.92838547554765,1.2093673918245739e-06,2.0717830924683351e-07
1011500,4,10,0.19654208421707153,8.379439780780372,6.999092049164268e-11,7.77887107751555e-14
1011500,5,2,0.14882361888885498,8.164753334715918,4.464422944096467e-10,1.2675807096793038e-12
1011500,6,6,0.17362412810325623,8.433016752361235,2.057652684701732e-11,7.88124151069183e-15
1011500,7,3,0.16623882949352264,8.402898161774791,3.8303499679380443e-10,4.779841890521085e-12
1011500,8,7,0.17876259982585907,8.76926869834153,2.493196132451645e-10,2.3284015134576134e-13
1011500,9,1,0.16763651371002197,8.895245658852724,2.3813641979568218e-07,1.6929196210983676e-09
1011500,10,11,0.18273116648197174,8.694888665691996,6.421326663246468e-11,1.938794578904866e-13
1011500,11,9,0.18572880327701569,8.389607315593917,6.124947015808e-08,1.8129483327734313e-10
1011500,12,18,0.3137505054473877,7.153293357179234,4.09104126123989e-10,6.230282252177655e-13
1011500,13,12,0.32575422525405884,7.368220981845788,3.1688454563170053e-07,1.833512672174575e-11
1011500,14,15,0.30559593439102173,7.344163110948672,2.8817712270800138e-11,1.0974594105843494e-14
1011500,15,14,0.23977133631706238,7.869872806121792,1.1014927522076277e-08,4.3835420338580936e-10
1011500,16,24,0.37922537326812744,7.323617950750348,5.767961018431109e-07,3.3373762670628775e-11
1011500,17,17,0.3324713408946991,7.617818875461754,4.784700550510216e-07,3.3077634459778926e-09
1011500,18,22,0.3631533086299896,7.655297123687953,2.980312046348075e-08,3.0079690246201624e-09
1011500,19,26,0.3592187464237213,7.384431923056719,2.6158073304521148e-09,2.672723940854116e-11
1011500,20,21,0.34560027718544006,7.465072816623221,1.6691240452494956e-07,4.721824500779679e-10
1011500,21,16,0.32511991262435913,7.906021750807245,9.283571331934921e-07,5.3715291309670306e-11
1011500,22,19,0.3660987913608551,7.964770313793087,6.415294963668479e-08,1.8197801538969865e-06
1011500,23,13,0.2998438775539398,7.811108557996808,4.0621521679276425e-08,3.918508713464519e-11
1011500,24,29,0.41629528999328613,7.304985972470904,6.948206406271603e-07,2.272135603371528e-08
1011500,25,20,0.34515029191970825,7.641006620674361,6.996216768623688e-07,4.048052288880243e-11
1011500,26,23,0.3334265947341919,7.77902946287565,1.6866127583486184e-08,2.1419163349538674e-08
1011500,27,30,0.4641369581222534,6.884099618588948,5.818243003796165e-07,2.3063705410238586e-05
1011500,28,32,0.5097681879997253,6.404455640022766,7.35745793227824e-07,4.2570685569192327e-11
1011500,29,25,0.43079090118408203,6.960610508162706,8.874235558248241e-07,3.6762610833325444e-08
1011500,30,34,0.5324979424476624,6.9054741919802956,7.207829047080742e-08,3.3892784695836495e-09
1011500,31,27,0.41968053579330444,7.092886842708793,4.324348768937257e-09,9.647418885416356e-11
1011500,32,33,0.5155575275421143,6.597181905563931,4.10990110720199e-08,2.748888410105132e-11
1011500,33,28,0.5000302195549011,7.164786887936097,2.047567365314994e-06,1.1847345549629678e-10
1011500,34,31,0.5014382600784302,6.7837861042404155,1.956768558019632e-09,2.301672993897807e-10
1011500,35,35,0.5126420855522156,6.891349254888589,4.664997519739933e-10,2.3036883174188038e-12
1011500,36,52,0.6994516849517822,6.235483496348212,1.6540079823540103e-06,9.570187746071637e-11
1011500,37,37,0.5822871327400208,6.719155492689798,1.8386142064865168e-06,2.544674025408784e-07
1011500,38,43,0.6161695718765259,6.349225074653471,2.872719609732867e-10,9.546112898967349e-14
1011500,39,38,0.5770132541656494,6.633380237846294,5.023561547314022e-08,8.036424463101557e-09
1011500,40,36,0.6056540608406067,6.353945272125159,4.177842093692838e-07,2.417324078036033e-11
1011500,41,39,0.5766276121139526,6.455948282593912,1.6974179846334956e-09,5.684705366041182e-10
1011500,42,42,0.6326556205749512,6.520371786887148,6.568729360212823e-10,4.604487609541576e-13
1011500,43,44,0.6000036597251892,6.5753617952835075,2.954824654061414e-07,1.7096789736070583e-11
1011500,44,49,0.6692633628845215,6.08953663942412,5.491582746499902e-09,1.6899434660712977e-12
1011500,45,46,0.679694652557373,6.337401168677948,9.763877074668422e-08,1.787390056891567e-07
1011500,46,41,0.6115401983261108,6.183751460172298,2.587726393509977e-07,2.532084829418273e-10
1011500,47,50,0.7057287096977234,6.152104018028308,2.0616934575400708e-07,1.243590531377668e-07
1011500,48,40,0.6582885980606079,6.21809136048872,1.7459385092236537e-06,1.0102103196978752e-10
1011500,49,45,0.7131019234657288,6.075358911234158,1.1507665211319447e-06,2.8437495680396742e-08
1011500,50,47,0.6382580399513245,6.2396298205150575,2.1467041740536923e-09,6.981760010554259e-10
1011500,51,51,0.6965858936309814,6.104690754508829,1.0481279290365488e-08,1.7418913998466641e-10
1011500,52,48,0.7230761051177979,5.947303956918034,1.5468270807333437e-06,8.950032727325483e-11
1011500,53,60,0.8317090272903442,5.59844740324869,2.2263312215872675e-07,1.2881683766246127e-11
1011500,54,54,0.7814465761184692,5.92073704854775,1.9109258909098968e-07,2.918376314292289e-08
1011500,55,53,0.7697411775588989,5.831346426475999,6.825952528773538e-07,2.6102775381176327e-09
1011500,56,57,0.8306897282600403,5.959729089508208,9.762294513484743e-09,2.3823104447334182e-12
1011500,57,59,0.8143715262413025,6.019867291716948,2.1524746492840348e-08,2.199555259796028e-09
1011500,58,61,0.8254646062850952,5.812552567513171,1.0946527192131412e-07,1.429756504289261e-10
1011500,59,55,0.8447386026382446,5.85607924022465,5.02798387785698e-10,4.953878419870466e-13
1011500,60,62,0.9017317295074463,5.330034372212649,1.1196835450562561e-09,1.9741842894058873e-13
1011500,61,56,0.8878487944602966,5.519797389252399,2.4788411162229344e-08,1.434272091067681e-12
1011500,62,58,0.923044741153717,5.3449781024732035,6.97597554061344e-09,1.834063923748098e-12
1011500,63,63,0.9114492535591125,5.2865883235256605,3.616398538481074e-10,3.7985621634531487e-13
1011750,0,8,0.2110547572374344,8.12163592123959,9.073393934055276e-07,5.249919248841404e-11
1011750,1,0,0.10461454093456268,8.934708171020548,7.805085777633591e-07,4.516068668534374e-11
1011750,2,5,0.21202188730239868,8.72301011683876,4.2321039546251364e-08,2.0043327210351051e-10
1011750,3,4,0.0936451330780983,8.493755476071748,1.4748290208479122e-06,8.533447706087683e-11
1011750,4,7,0.18266761302947998,8.386256432506142,1.8779962537561316e-09,1.3787646502118483e-09
1011750,5,6,0.16786789894104004,8.069558743187509,6.100819329002056e-11,7.939519213034861e-14
1011750,6,2,0.18006575107574463,8.184458944893278,7.331787424329067e-10,8.587661105871599e-11
1011750,7,3,0.17857632040977478,8.284568020841537,2.317093177906961e-11,3.600386020142322e-14
1011750,8,10,0.17550808191299438,8.715432258850656,5.877900224813837e-09,4.844132994863304e-10
1011750,9,1,0.16137279570102692,9.012243112993376,9.607501045189382e-07,1.1607423844701252e-07
1011750,10,11,0.19511638581752777,8.88370688025687,6.792068262941815e-12,4.683030764684997e-16
1011750,11,14,0.20958830416202545,8.445774302107983,1.1916752264419568e-08,6.515568256484672e-10
1011750,12,23,0.32568806409835815,7.362642822636585,1.3064545629661042e-10,1.1033675052358615e-13
1011750,13,12,0.3155566453933716,7.78852381172409,7.515183582213368e-08,4.348329548302247e-12
1011750,14,18,0.3005126118659973,7.350988831974959,5.8062289447425923e-11,1.6232761465435307e-14
1011750,15,13,0.23920832574367523,7.909718885420749,4.6171648130697864e-08,5.240416042792873e-11
1011750,16,24,0.39392417669296265,7.691381784530868,1.0608390067430687e-06,6.138077065648877e-11
1011750,17,17,0.34992560744285583,7.7130827620441,3.9271622588643745e-07,3.192053253737835e-09
1011750,18,22,0.33594006299972534,8.187462908782264,1.1059767832625371e-07,4.766069295617808e-07
1011750,19,26,0.36935141682624817,7.207136175710569,1.7388585059061719e-07,3.392549806597341e-06
1011750,20,21,0.3518926203250885,7.59407850440862,7.422858102617681e-07,6.01880867940353e-09
1011750,21,16,0.3065321743488312,7.95694168121932,1.2633562559485298e-06,7.309853814849245e-11
1011750,22,19,0.3498006761074066,7.941058467723044,1.3029757072118109e-08,2.6419008102114887e-08
1011750,23,9,0.28799599409103394,7.436395624314443,1.6661769343272707e-07,7.928488958003744e-10
1011750,24,25,0.41300275921821594,7.5460233967406225,5.629736223051602e-07,5.646715962653368e-09
1011750,25,20,0.3514505624771118,7.264534195401562,9.223069914487726e-07,5.336522653969902e-11
1011750,26,15,0.32342103123664856,7.621273810448487,2.195166101010025e-08,4.7584169175186863e-08
1011750,27,34,0.47043123841285706,6.910143146576823,1.7773050865930093e-08,9.036452226168386e-09
1011750,28,32,0.5181520581245422,6.412996621184454,1.0669712888871731e-06,6.173558811841805e-11
1011750,29,29,0.4450682997703552,7.011282698762632,7.403867747867667e-08,1.2612624707762914e-10
1011750,30,35,0.5019053816795349,7.005056803448358,2.6200982389194833e-08,6.6051447250926505e-09
1011750,31,27,0.422036737203598,6.958311931702434,1.064086423913788e-10,5.13463477796935e-14
1011750,32,33,0.517888069152832,6.65333349282624,1.9104326568890554e-06,3.333809531546121e-07
1011750,33,28,0.499011367559433,6.473997172928008,2.277570365030107e-06,1.3178156472501154e-10
1011750,34,30,0.48021653294563293,7.0404992573096585,5.558030515937957e-07,2.7656540998032414e-05
1011750,35,31,0.4736863970756531,6.950561300808217,5.138738914180214e-08,1.0705339673398678e-07
1011750,36,52,0.6895499229431152,6.1837515783115755,1.794656643102484e-06,1.038398919319688e-10
1011750,37,36,0.537527859210968,6.637162257042849,1.2300963745206602e-06,7.117410179103436e-11
1011750,38,39,0.5932106971740723,6.472032294942764,1.6206162248187303e-10,2.3636085227861364e-13
1011750,39,38,0.5586366653442383,6.557804912509524,1.3821644067747472e-07,2.8995501920436134e-08
1011750,40,37,0.6334019899368286,6.310129746706558,2.1019906059153768e-07,5.517881433189472e-10
1011750,41,43,0.6148595213890076,6.738651560016022,3.0368501954869916e-10,7.500219107711459e-13
1011750,42,42,0.6059131026268005,6.513842527249027,4.299986577528111e-08,8.658523704308567e-09
1011750,43,45,0.5714127421379089,6.580061820399922,9.612577561332508e-08,1.897943747488402e-10
1011750,44,53,0.6814709901809692,6.098445985739175,1.5777241087210986e-07,4.2243145392540323e-10
1011750,45,50,0.6622207164764404,6.29038201994903,5.044842585042795e-09,3.0041523718623246e-11
1011750,46,41,0.6174998879432678,6.444950135608684,8.251634871408608e-08,1.0290521162818368e-10
1011750,47,46,0.6678473949432373,6.080477777271632,5.7752445338318754e-09,2.3320620866001374e-11
1011750,48,40,0.6564868092536926,6.160804184692195,4.2700342496571405e-07,2.470667003264108e-11
1011750,49,44,0.7049584984779358,5.932101019033242,1.2890877781950556e-06,7.458737920318323e-11
1011750,50,47,0.6352270841598511,6.241287430576726,5.574640130483509e-10,5.932596171953521e-11
1011750,51,51,0.6986567974090576,6.090639801676177,1.0496665106382867e-08,5.724031339751113e-10
1011750,52,48,0.6963983178138733,5.860365529576894,1.0963322235438541e-06,6.34344291159364e-11
1011750,53,57,0.8546090126037598,5.432995675923234,5.865881363163271e-07,7.455502285987202e-09
1011750,54,54,0.8224559426307678,5.977328167404301,4.7267334297181205e-09,4.487273256455341e-12
1011750,55,49,0.7387009859085083,5.7759429591261915,2.3921349331028887e-07,5.499001371118838e-10
1011750,56,56,0.8080824017524719,5.831292012817019,6.088599089419337e-08,3.5228993461914463e-12
1011750,57,55,0.8134807348251343,5.963712428515034,1.822278945449816e-08,4.20775163602488e-09
1011750,58,61,0.8249015212059021,5.72398708913621,4.156570534251406e-09,1.0070111542149346e-12
1011750,59,58,0.822169303894043,5.893256877549112,2.7914021668581126e-08,2.8381091501155286e-09
1011750,60,63,0.9039049744606018,5.272619129807518,1.549893632542937e-08,1.1192894006946049e-10
1011750,61,60,0.8885616064071655,5.545213406250479,1.2751170139440245e-07,7.377902254308883e-12
1011750,62,59,0.9260187745094299,5.441268400397821,8.457428818207723e-10,2.600916938207305e-13
1011750,63,62,0.91412353515625,5.379567293387168,1.43242958337459e-08,5.873637108286327e-11
1012000,0,8,0.18621253967285156,8.12163592123959,1.469187904087085e-06,8.50080787177333e-11
1012000,1,0,0.11445875465869904,8.934708171020548,1.2367619207318448e-06,7.155977422642591e-11
1012000,2,5,0.1639443039894104,8.72301011683876,1.3623483146173302e-08,1.0320878120862378e-11
1012000,3,4,0.08322621136903763,8.493755476071748,8.905909618449202e-07,5.153011835940586e-11
1012000,4,7,0.180730938911438,8.386256432506142,2.802336226689629e-10,9.382534946120795e-13
1012000,5,6,0.14611876010894775,8.069558743187509,3.3141572545503594e-10,5.84385760177609e-13
1012000,6,2,0.13746829330921173,8.184458944893278,1.2738768389123476e-09,1.4312779980037065e-11
1012000,7,3,0.16280467808246613,8.284568020841537,1.2001906589552708e-11,1.1811303860430017e-14
1012000,8,10,0.17111791670322418,8.715432258850656,2.6143789250841142e-09,1.746992414865923e-10
1012000,9,1,0.17145921289920807,9.012243112993376,1.0505355694456464e-07,1.6322491133403792e-10
1012000,10,11,0.18176545202732086,8.88370688025687,8.849496515860477e-10,6.839226983374824e-11
1012000,11,14,0.22860422730445862,8.445774302107983,5.239288327708671e-10,1.5805275672726889e-12
1012000,12,23,0.344147264957428,7.362642822636585,1.7009507580713465e-11,3.979569749223344e-15
1012000,13,12,0.304721862077713,7.78852381172409,2.259957480339117e-09,1.3076247282798942e-13
1012000,14,18,0.2854295074939728,7.350988831974959,2.4419322496270174e-08,8.203723877096372e-10
1012000,15,13,0.24093881249427795,7.909718885420749,4.816813862781e-08,3.528563664513652e-11
1012000,16,24,0.3801446259021759,7.691381784530868,3.732758989193471e-07,2.159796368490085e-11
1012000,17,17,0.3147774934768677,7.7130827620441,1.195655749990837e-07,3.000348709686976e-10
1012000,18,22,0.36392033100128174,8.187462908782264,3.385490567567309e-07,0.00022764664513099414
1012000,19,26,0.32983556389808655,7.207136175710569,7.763949136771691e-08,3.008691712789872e-07
1012000,20,21,0.31605765223503113,7.59407850440862,2.0836227310082872e-07,5.556253147549109e-10
1012000,21,16,0.2892390489578247,7.95694168121932,3.199650211088001e-07,1.851336484984145e-11
1012000,22,19,0.30537134408950806,7.941058467723044,1.6478045946321588e-08,3.3913763371765445e-09
1012000,23,9,0.31209662556648254,7.436395624314443,5.742432980249482e-08,8.3039358670472e-11
1012000,24,25,0.42034396529197693,7.5460233967406225,2.609610038685559e-07,1.1198695800839743e-09
1012000,25,20,0.3202579915523529,7.264534195401562,1.467299058821702e-06,8.489878901655988e-11
1012000,26,15,0.3323350250720978,7.621273810448487,8.761018918712162e-10,3.997772873316618e-11
1012000,27,34,0.47813794016838074,6.910143146576823,6.735211417821697e-08,1.438671157868537e-09
1012000,28,32,0.5263745188713074,6.412996621184454,1.8621045713759972e-06,1.0774246884542737e-10
1012000,29,29,0.4251343905925751,7.011282698762632,1.7966422622253674e-07,3.0869306360830067e-10
1012000,30,35,0.4872745871543884,7.005056803448358,5.225751136431398e-10,4.218538021250151e-12
1012000,31,27,0.4206377863883972,6.958311931702434,7.418959079512987e-10,7.474120077533109e-12
1012000,32,33,0.5399463772773743,6.65333349282624,7.651138323653967e-07,2.0562087196456842e-08
1012000,33,28,0.4475528597831726,6.473997172928008,1.4222679495900125e-06,8.22932624752199e-11
1012000,34,30,0.5146411061286926,7.0404992573096585,1.1005022984540013e-08,4.392407102689519e-11
1012000,35,31,0.49901995062828064,6.950561300808217,3.246773011546756e-10,7.80786704272105e-13
1012000,36,52,0.6933850646018982,6.1837515783115755,9.109376725545705e-07,5.270739104239012e-11
1012000,37,36,0.556665301322937,6.637162257042849,1.756610005998319e-06,1.0163849106765557e-10
1012000,38,39,0.6059207916259766,6.472032294942764,2.5012870791364313e-08,4.62511233766611e-10
1012000,39,38,0.5613273978233337,6.557804912509524,3.0480121420288566e-09,1.2241530171945938e-11
1012000,40,37,0.6008186340332031,6.310129746706558,5.840190115335154e-07,6.886054150982794e-09
1012000,41,43,0.6125199198722839,6.738651560016022,1.2001828608110963e-08,2.230230018064387e-10
1012000,42,42,0.6338561177253723,6.513842527249027,5.84487149919438e-10,2.4967548771158794e-12
1012000,43,45,0.5819795727729797,6.580061820399922,5.0225712752623975e-08,4.9023198090184284e-11
1012000,44,53,0.7204185724258423,6.098445985739175,3.1596715864344874e-07,1.1798198732460644e-09
1012000,45,50,0.6729996800422668,6.29038201994903,9.295346851607658e-08,3.782188131830798e-08
1012000,46,41,0.6129271984100342,6.444950135608684,2.1480165147097567e-07,5.054260423636464e-10
1012000,47,46,0.6535604000091553,6.080477777271632,4.833117197314508e-08,1.6043300648790846e-09
1012000,48,40,0.6278471350669861,6.160804184692195,1.517113367296945e-07,8.778107428745868e-12
1012000,49,44,0.7043540477752686,5.932101019033242,1.9304991545163173e-07,1.1169981976785523e-11
1012000,50,47,0.6281724572181702,6.241287430576726,1.864765950565386e-08,8.222240179803927e-09
1012000,51,51,0.707257866859436,6.090639801676177,1.0507405561925437e-09,1.3912842499389426e-11
1012000,52,48,0.7182657718658447,5.860365529576894,7.98317974526212e-07,4.6191148886754704e-11
1012000,53,57,0.8384100794792175,5.432995675923234,3.672601554151023e-07,1.767886566683401e-09
1012000,54,54,0.7937537431716919,5.977328167404301,2.3470570033920194e-09,3.0643034616852466e-12
1012000,55,49,0.7570270299911499,5.7759429591261915,4.1669555830798144e-07,4.322711665836265e-09
1012000,56,56,0.7969965934753418,5.831292012817019,3.3323914441653354e-07,1.9281413454049004e-11
1012000,57,55,0.7997124195098877,5.963712428515034,2.106560937668894e-10,2.0285376013587943e-13
1012000,58,61,0.8175997734069824,5.72398708913621,1.0276866751908489e-07,1.42635932880216e-10
1012000,59,58,0.8352192640304565,5.893256877549112,2.137951010380673e-09,1.1107666188561632e-12
1012000,60,63,0.903343677520752,5.272619129807518,2.059967180744176e-10,4.0672120118098525e-14
1012000,61,60,0.8593166470527649,5.545213406250479,1.9128954973518892e-08,1.1068126178096317e-12
1012000,62,59,0.9166899919509888,5.441268400397821,9.113094768891637e-09,1.6365517237421562e-10
1012000,63,62,0.9082164168357849,5.379567293387168,2.7909388852249482e-09,4.256934895011488e-12
1012250,0,8,0.2060091346502304,8.12163592123959,1.4037444077295112e-06,8.12214794172271e-11
1012250,1,4,0.12261506170034409,8.934708171020548,1.989189637639517e-07,1.150956857394167e-11
1012250,2,9,0.21670788526535034,8.72301011683876,2.26162738433761e-08,2.207665553401694e-11
1012250,3,0,0.10079517960548401,8.493755476071748,1.3285736081843991e-06,7.687205261672775e-11
1012250,4,1,0.18952389061450958,8.386256432506142,4.8693587361045084e-08,2.43931088402337e-10
1012250,5,7,0.17903129756450653,8.069558743187509,2.368471255547457e-10,9.399002182544925e-13
1012250,6,6,0.15763594210147858,8.184458944893278,2.775071496024316e-09,2.2551768760987767e-11
1012250,7,11,0.16544072329998016,8.284568020841537,2.332222778528122e-11,6.173564118388557e-15
1012250,8,2,0.1481364220380783,8.715432258850656,4.12599923388778e-08,1.9422916521057904e-08
1012250,9,5,0.17850562930107117,9.012243112993376,4.5239404461726833e-08,9.587348189247166e-11
1012250,10,3,0.18983469903469086,8.88370688025687,4.372480187482096e-10,1.6334756042248052e-11
1012250,11,10,0.21198172867298126,8.445774302107983,2.8277917038700012e-08,7.743991011418813e-10
1012250,12,23,0.4112822413444519,7.362642822636585,3.32751230493911e-11,1.3302121063492719e-14
1012250,13,19,0.33683452010154724,7.78852381172409,2.586353702910656e-10,2.916449348193253e-12
1012250,14,14,0.3141479790210724,7.350988831974959,9.493262285782445e-09,3.6293496429898785e-10
1012250,15,13,0.2615189552307129,7.909718885420749,7.834034220858574e-09,2.066223602178245e-12
1012250,16,24,0.38595783710479736,7.691381784530868,4.606264569787314e-07,2.6652118497156907e-11
1012250,17,22,0.3334238827228546,7.7130827620441,5.32172060837068e-10,5.4589719602645424e-12
1012250,18,25,0.37158629298210144,8.187462908782264,1.488898954264666e-07,3.6753324205531803e-10
1012250,19,26,0.3868609666824341,7.207136175710569,1.2858296048819854e-08,1.9354934316815052e-09
1012250,20,21,0.36137983202934265,7.59407850440862,7.81289090620825e-08,1.1533514265808813e-10
1012250,21,16,0.2917250096797943,7.95694168121932,1.9100907796522957e-07,1.1051897916052682e-11
1012250,22,18,0.320903480052948,7.941058467723044,9.306473925893816e-08,5.6088287586990055e-08
1012250,23,12,0.32484370470046997,7.436395624314443,1.5929010077178545e-06,9.216619186486971e-11
1012250,24,20,0.4373183250427246,7.5460233967406225,2.2122239568083526e-06,1.280005830013104e-10
1012250,25,17,0.32687777280807495,7.264534195401562,2.362113655553808e-08,1.2684106573832803e-11
1012250,26,15,0.35882270336151123,7.621273810448487,5.8813751182971825e-09,8.411513837063742e-10
1012250,27,30,0.47912734746932983,6.910143146576823,1.0056112915177003e-06,0.0007918257156467427
1012250,28,33,0.538810133934021,6.412996621184454,6.963752206790784e-08,5.600223948764078e-11
1012250,29,29,0.46077635884284973,7.011282698762632,2.650420910918285e-07,1.9000263379423584e-09
1012250,30,35,0.5453636050224304,7.005056803448358,2.829815004850637e-10,1.9705695768425467e-12
1012250,31,27,0.39534541964530945,6.958311931702434,1.22687631531454e-10,1.5960964239476113e-13
1012250,32,32,0.528092086315155,6.65333349282624,1.7943404578458442e-06,1.0382159726652079e-10
1012250,33,28,0.4583822190761566,6.473997172928008,1.8938134663900704e-06,1.0957716421414822e-10
1012250,34,34,0.5567176938056946,7.0404992573096585,2.690523780033774e-08,1.156011099103604e-09
1012250,35,31,0.49141725897789,6.950561300808217,5.703795039089197e-08,3.338632718601313e-07
1012250,36,48,0.699627697467804,6.1837515783115755,1.4523042748334712e-06,8.403118197046238e-11
1012250,37,36,0.5651615262031555,6.637162257042849,1.3916042941862095e-06,8.051904528687501e-11
1012250,38,50,0.6425236463546753,6.472032294942764,2.241020764715657e-08,1.1538193149104858e-09
1012250,39,39,0.5483361482620239,6.557804912509524,1.2504074391662462e-10,1.310737682731374e-13
1012250,40,37,0.5855632424354553,6.310129746706558,1.00287501673597e-07,1.6856184170911959e-10
1012250,41,38,0.5843977928161621,6.738651560016022,6.703848898990001e-09,1.3506295882679614e-10
1012250,42,43,0.6343454718589783,6.513842527249027,3.385874907059696e-09,5.322676707514168e-11
1012250,43,40,0.5947006344795227,6.580061820399922,1.3645048607009826e-08,7.895105608106285e-13
1012250,44,44,0.6793228387832642,6.098445985739175,6.406682493574502e-08,3.706944280021939e-12
1012250,45,42,0.6656020283699036,6.29038201994903,8.768596186717843e-08,5.514253693673238e-09
1012250,46,41,0.6216492652893066,6.444950135608684,1.1832022306631713e-06,1.3121662845102906e-08
1012250,47,47,0.672773540019989,6.080477777271632,1.0494740787035392e-09,1.9136886226975174e-12
1012250,48,45,0.6753093004226685,6.160804184692195,7.554999836115569e-08,5.372377584198375e-11
1012250,49,49,0.7281050682067871,5.932101019033242,1.3189375300902452e-06,1.5682383033211517e-08
1012250,50,46,0.6333291530609131,6.241287430576726,2.8019998199514794e-08,1.8414627118811835e-09
1012250,51,51,0.7219972014427185,6.090639801676177,6.522494501505868e-09,6.860393703414399e-11
1012250,52,52,0.7220242023468018,5.860365529576894,4.611449418326432e-07,2.6682118336627913e-11
1012250,53,56,0.8777377605438232,5.432995675923234,4.7544555111587124e-07,2.7509560024841043e-11
1012250,54,54,0.7937697768211365,5.977328167404301,1.1129962346543792e-09,1.6545717497584018e-13
1012250,55,53,0.7725856900215149,5.7759429591261915,3.401487050142215e-07,1.5318123185015126e-09
1012250,56,57,0.8120040893554688,5.831292012817019,5.5159970748557866e-08,2.2032861806916084e-11
1012250,57,55,0.8161149621009827,5.963712428515034,3.621945943909462e-09,9.652940894058675e-11
1012250,58,60,0.8262754082679749,5.72398708913621,1.1657151055956965e-07,6.744896359632439e-12
1012250,59,58,0.8406938314437866,5.893256877549112,2.9523822703069615e-10,6.051967857134317e-14
1012250,60,59,0.9074200391769409,5.272619129807518,1.7736889156174867e-09,2.608957549642997e-12
1012250,61,61,0.8895444273948669,5.545213406250479,1.4520944054643801e-08,4.7291746030579045e-12
1012250,62,63,0.9127413034439087,5.441268400397821,1.6476213092000555e-09,1.1129441148035462e-12
1012250,63,62,0.9253654479980469,5.379567293387168,1.0706361571739223e-09,2.5826459671409836e-13
1012500,0,8,0.18727175891399384,8.12163592123959,1.4813068069368998e-06,8.570928558484943e-11
1012500,1,4,0.1350492686033249,8.934708171020548,9.766847337446393e-07,5.651155478315956e-11
1012500,2,9,0.19003616273403168,8.72301011683876,1.940400808414213e-08,2.0439094300031556e-11
1012500,3,0,0.11651165038347244,8.493755476071748,1.1389874747560645e-06,6.590248711089079e-11
1012500,4,5,0.13993488252162933,8.386256432506142,7.46837241121651e-09,8.108816767544592e-12
1012500,5,11,0.19351157546043396,8.069558743187509,2.847830230417885e-10,7.489397812083787e-13
1012500,6,7,0.15761545300483704,8.184458944893278,2.129310198046726e-10,2.232799372897251e-12
1012500,7,3,0.14752891659736633,8.284568020841537,3.752505433482961e-10,3.179660557273128e-11
1012500,8,6,0.16270199418067932,8.715432258850656,3.211488290460296e-08,9.055848005015589e-10
1012500,9,1,0.17556127905845642,9.012243112993376,4.413345704556941e-09,1.95736756646968e-12
1012500,10,2,0.17540650069713593,8.88370688025687,2.974194438834689e-09,3.135910923691626e-11
1012500,11,10,0.19378119707107544,8.445774302107983,3.108828658840749e-08,2.5277716482798096e-09
1012500,12,27,0.3802584111690521,7.362642822636585,5.636821049520668e-10,6.5947296372507475e-12
1012500,13,15,0.3438703715801239,7.78852381172409,2.1502085027634703e-09,3.4420432069717447e-10
1012500,14,18,0.3231411576271057,7.350988831974959,1.0683676833536004e-08,2.265230510750931e-09
1012500,15,14,0.24251548945903778,7.909718885420749,1.4153218310952313e-08,4.121266313861077e-09
1012500,16,24,0.4031153917312622,7.691381784530868,1.5267404227543665e-06,8.833810139465704e-11
1012500,17,26,0.35344022512435913,7.7130827620441,2.4926588445436e-08,1.0764711614882456e-08
1012500,18,16,0.32283374667167664,8.187462908782264,1.7929945189287346e-06,1.0374372044688688e-10
1012500,19,25,0.39714300632476807,7.207136175710569,1.7453712989199424e-07,3.91342141552489e-10
1012500,20,22,0.3619323968887329,7.59407850440862,1.8631138499123416e-07,6.238752729233904e-06
1012500,21,17,0.2998412251472473,7.95694168121932,6.974848275086582e-07,4.249844422176577e-08
1012500,22,13,0.2954834997653961,7.941058467723044,5.288123339201889e-07,4.618291247206572e-09
1012500,23,12,0.30098724365234375,7.436395624314443,1.5620979183817094e-06,9.038390694695551e-11
1012500,24,20,0.4080837666988373,7.5460233967406225,1.9085485144946215e-06,1.1042974278881298e-10
1012500,25,21,0.33911067247390747,7.264534195401562,2.6137378233321797e-07,3.561730870467149e-09
1012500,26,19,0.3200578987598419,7.621273810448487,2.3705055182432296e-08,6.008327909768797e-09
1012500,27,30,0.4867285490036011,6.910143146576823,1.0747606082103127e-07,2.0124915518412906e-08
1012500,28,37,0.5656334161758423,6.412996621184454,1.0168315574137491e-07,3.028872570108462e-10
1012500,29,29,0.42843201756477356,7.011282698762632,2.9215649778553665e-07,1.2696404907412327e-09
1012500,30,35,0.4770348072052002,7.005056803448358,1.2765620114142873e-10,7.012861900690867e-14
1012500,31,23,0.39592859148979187,6.958311931702434,5.910011916529668e-11,1.3017335361301147e-14
1012500,32,32,0.5619239211082458,6.65333349282624,1.029847792902737e-06,5.958760074379868e-11
1012500,33,28,0.4365951716899872,6.473997172928008,2.0597635766387617e-06,1.191791354773154e-10
1012500,34,31,0.5044671893119812,7.0404992573096585,3.729724366584323e-09,4.247306817793249e-11
1012500,35,34,0.49809372425079346,6.950561300808217,8.22055945443083e-08,1.487786458746526e-07
1012500,36,52,0.6911953687667847,6.1837515783115755,1.4998773284810996e-06,8.678378691505158e-11
1012500,37,36,0.5540834069252014,6.637162257042849,2.0440715489575023e-06,1.182711854998767e-10
1012500,38,43,0.6258987188339233,6.472032294942764,2.9245057857719862e-08,2.754027178320091e-07
1012500,39,38,0.5652589797973633,6.557804912509524,3.175827398806807e-08,1.2675410753308655e-09
1012500,40,40,0.6271077990531921,6.310129746706558,1.472546683008843e-07,8.520241964729155e-12
1012500,41,39,0.5909644961357117,6.738651560016022,2.8529529019006015e-10,7.427718037004925e-13
1012500,42,42,0.5983953475952148,6.513842527249027,2.3608772947087545e-09,4.3499301787529654e-11
1012500,43,33,0.5963869690895081,6.580061820399922,1.5518589685197502e-08,5.452496102029536e-12
1012500,44,44,0.6912602782249451,6.098445985739175,1.8366258191635466e-07,1.0626825321400263e-11
1012500,45,51,0.640569806098938,6.29038201994903,2.3963881214454286e-10,3.315141838335168e-13
1012500,46,41,0.6989210844039917,6.444950135608684,1.1876748757791737e-07,5.288616624861249e-10
1012500,47,47,0.6729302406311035,6.080477777271632,8.557873269915082e-10,2.4608862043393183e-12
1012500,48,45,0.6682042479515076,6.160804184692195,6.327637170040302e-08,6.884599888690418e-11
1012500,49,49,0.734934389591217,5.932101019033242,8.198696256870503e-08,7.607312275143795e-11
1012500,50,46,0.6596773862838745,6.241287430576726,5.100657909734687e-09,5.480352108782114e-11
1012500,51,50,0.7203212380409241,6.090639801676177,1.1510587068812466e-08,3.9173922654800976e-11
1012500,52,48,0.7382473945617676,5.860365529576894,3.304491556700128e-07,1.911998305952558e-11
1012500,53,60,0.869543194770813,5.432995675923234,2.1495839242149167e-07,1.2437619376779507e-11
1012500,54,54,0.7601718306541443,5.977328167404301,7.602218029504238e-10,1.510921988069169e-13
1012500,55,53,0.7850220799446106,5.7759429591261915,2.5489095970610814e-08,1.4779850762507745e-11
1012500,56,56,0.7965490221977234,5.831292012817019,1.0078864023992434e-06,5.831690173553813e-11
1012500,57,55,0.7801047563552856,5.963712428515034,6.1039400406763604e-09,8.304543450731412e-11
1012500,58,57,0.8153170347213745,5.72398708913621,4.2646962849039444e-07,1.8229146884582812e-09
1012500,59,58,0.8283203840255737,5.893256877549112,4.1468397352208336e-10,2.569756347313538e-13
1012500,60,62,0.9032112956047058,5.272619129807518,5.541070824274332e-10,1.9355006377512608e-13
1012500,61,61,0.8745484352111816,5.545213406250479,5.788898016325147e-08,4.592312809824582e-11
1012500,62,63,0.9054990410804749,5.441268400397821,9.665935534099453e-10,1.1517809496516739e-12
1012500,63,59,0.9268003702163696,5.379567293387168,6.846783005578694e-09,2.528960951105949e-11
1012750,0,8,0.18691742420196533,8.12163592123959,1.1944712589436998e-06,6.911281159059783e-11
1012750,1,4,0.12658821046352386,8.934708171020548,2.7208882082935633e-07,1.5743219662327248e-11
1012750,2,9,0.17744120955467224,8.72301011683876,3.360963452560945e-07,1.012150725782851e-08
1012750,3,0,0.13146653771400452,8.493755476071748,1.2941522680135427e-06,7.488041357132433e-11
1012750,4,5,0.14019103348255157,8.386256432506142,3.58105187629493e-08,4.145840349349892e-11
1012750,5,11,0.19623444974422455,8.069558743187509,8.317564145660647e-11,1.3074905922050394e-13
1012750,6,7,0.1692197173833847,8.184458944893278,2.2593773184392576e-09,6.715955642518476e-10
1012750,7,3,0.14783798158168793,8.284568020841537,1.670850991038171e-09,6.281964674151518e-10
1012750,8,6,0.14677120745182037,8.715432258850656,9.755051201317851e-09,4.556710335060098e-09
1012750,9,1,0.1906108260154724,9.012243112993376,1.8074912272031062e-07,1.6559178252503695e-09
1012750,10,2,0.15980862081050873,8.88370688025687,1.2621235014318954e-10,1.6178383305098309e-13
1012750,11,10,0.17129544913768768,8.445774302107983,9.477872846579853e-10,6.279588739029983e-12
1012750,12,27,0.3845103979110718,7.362642822636585,9.922402787904976e-11,3.364805851723184e-14
1012750,13,15,0.3072725534439087,7.78852381172409,9.67884722967661e-10,1.1533516687499043e-11
1012750,14,18,0.2971266210079193,7.350988831974959,5.828390809633349e-08,1.9177038799519725e-08
1012750,15,14,0.2516587972640991,7.909718885420749,3.9923720261618634e-11,3.425603479289412e-14
1012750,16,24,0.42585113644599915,7.691381784530868,1.986562752106141e-06,1.149436925930108e-10
1012750,17,26,0.38022759556770325,7.7130827620441,1.9069433697834015e-07,2.810700217503503e-07
1012750,18,16,0.31136730313301086,8.187462908782264,1.712907312693183e-06,9.91098274553803e-11
1012750,19,25,0.45480024814605713,7.207136175710569,4.034243735480756e-07,2.158214216019403e-09
1012750,20,22,0.3621683120727539,7.59407850440862,4.917140590535084e-08,3.784557323238946e-09
1012750,21,17,0.3086073696613312,7.95694168121932,4.4337331385063763e-07,4.906131669016243e-09
1012750,22,13,0.31025993824005127,7.941058467723044,1.5805388692061783e-07,8.144913716580595e-10
1012750,23,12,0.3257388770580292,7.436395624314443,7.463102859176868e-07,4.318195334759874e-11
1012750,24,20,0.39484184980392456,7.5460233967406225,2.0513507045265274e-06,1.1869236173464463e-10
1012750,25,21,0.34640300273895264,7.264534195401562,2.602500890704266e-07,2.588150200333794e-09
1012750,26,19,0.3277275860309601,7.621273810448487,2.6978690663871588e-08,2.541246890030249e-07
1012750,27,30,0.4717070162296295,6.910143146576823,9.669506113724306e-08,4.469943882222048e-09
1012750,28,37,0.5794212818145752,6.412996621184454,7.066906064335955e-08,1.0773384744570312e-10
1012750,29,29,0.41773346066474915,7.011282698762632,4.731590779556777e-07,2.0771092130793404e-09
1012750,30,35,0.517451822757721,7.005056803448358,5.805148362938994e-11,1.1628342875625044e-14
1012750,31,23,0.3484245538711548,6.958311931702434,1.640084596117682e-10,8.677154750060496e-12
1012750,32,32,0.5716807246208191,6.65333349282624,1.1703391018709721e-06,6.771651074823416e-11
1012750,33,28,0.48227739334106445,6.473997172928008,2.2654510320882765e-06,1.310803329725176e-10
1012750,34,31,0.5344122648239136,7.0404992573096585,1.9118096719929848e-09,4.585203991559571e-12
1012750,35,34,0.5137643814086914,6.950561300808217,4.513358211776273e-08,4.281428474371332e-09
1012750,36,52,0.7102793455123901,6.1837515783115755,1.2649779994218576e-06,7.319237318242984e-11
1012750,37,36,0.5737151503562927,6.637162257042849,1.5587675309760136e-06,9.019120876726276e-11
1012750,38,43,0.6177660226821899,6.472032294942764,8.271709704099074e-10,3.2649182711364094e-12
1012750,39,38,0.541304349899292,6.557804912509524,2.602671607708583e-10,2.100494851522733e-13
1012750,40,40,0.6385298371315002,6.310129746706558,6.047585684237596e-07,3.499168748039415e-11
1012750,41,39,0.5926140546798706,6.738651560016022,2.8979258473893997e-08,1.9549216246256056e-07
1012750,42,42,0.6067808270454407,6.513842527249027,3.271993244999202e-09,1.1907740186377201e-11
1012750,43,33,0.5780515670776367,6.580061820399922,2.6845603387772436e-07,8.339257776356074e-10
1012750,44,44,0.6779295206069946,6.098445985739175,7.173698359594146e-07,4.150744184274917e-11
1012750,45,51,0.6537954807281494,6.29038201994903,1.9433194952033485e-09,2.0274758641165776e-11
1012750,46,41,0.6727906465530396,6.444950135608684,2.565647585480492e-07,6.778355661295489e-10
1012750,47,47,0.7142279744148254,6.080477777271632,2.9284680380962714e-10,1.1783842143910763e-13
1012750,48,45,0.6564587354660034,6.160804184692195,8.109196586253516e-08,1.1081638865541673e-10
1012750,49,49,0.7248619794845581,5.932101019033242,4.0217297061840984e-07,4.15300579213418e-09
1012750,50,46,0.6474180221557617,6.241287430576726,8.55173473334298e-09,2.0362290740632303e-11
1012750,51,50,0.7217540740966797,6.090639801676177,5.1626880147302045e-08,1.3685623862141827e-09
1012750,52,48,0.7663019299507141,5.860365529576894,9.531143997030636e-07,5.514776135276481e-11
1012750,53,60,0.851601243019104,5.432995675923234,6.352605494682703e-08,3.675655009494837e-12
1012750,54,54,0.7772367596626282,5.977328167404301,5.790443138175766e-09,6.30649849528903e-12
1012750,55,53,0.7331539392471313,5.7759429591261915,4.2737120149574574e-07,1.806586188429216e-09
1012750,56,56,0.8247931003570557,5.831292012817019,6.479156216957411e-07,3.748878003851021e-11
1012750,57,55,0.7969855666160583,5.963712428515034,8.850703868357421e-09,1.888108921441644e-10
1012750,58,57,0.8311376571655273,5.72398708913621,1.2151872883631847e-07,2.8848944970120317e-10
1012750,59,58,0.8430970311164856,5.893256877549112,2.2690085406145536e-08,1.3915117984251038e-10
1012750,60,62,0.9113004803657532,5.272619129807518,3.96323161763885e-10,7.687501955196272e-14
1012750,61,61,0.8909144997596741,5.545213406250479,4.075697713474953e-08,1.0831289517668118e-11
1012750,62,63,0.9093285799026489,5.441268400397821,7.157928557449174e-10,4.2923818944846827e-13
1012750,63,59,0.926936686038971,5.379567293387168,2.0606545706318264e-10,2.0628508256868954e-14
1013000,0,8,0.23825785517692566,8.12163592123959,8.911368146812137e-07,5.156170172648019e-11
1013000,1,0,0.11953672021627426,8.934708171020548,4.1906840171292283e-07,2.424754490683253e-11
1013000,2,9,0.19969625771045685,8.72301011683876,1.9471557668728405e-07,8.822574465996509e-10
1013000,3,4,0.13715291023254395,8.493755476071748,1.252886913878021e-06,7.249277584104565e-11
1013000,4,2,0.13872961699962616,8.386256432506142,2.232326978492252e-09,8.8796961203045e-12
1013000,5,7,0.18195919692516327,8.069558743187509,8.725323353549435e-11,9.352407856096496e-14
1013000,6,11,0.18860964477062225,8.184458944893278,5.763866793939765e-10,2.3452212991964175e-11
1013000,7,3,0.16016831994056702,8.284568020841537,4.93175292066295e-09,1.985781665760653e-09
1013000,8,1,0.16365088522434235,8.715432258850656,5.839931137869282e-08,2.7446481358913174e-10
1013000,9,5,0.18135583400726318,9.012243112993376,5.3134249217393945e-08,1.1200146886742783e-10
1013000,10,6,0.1527475118637085,8.88370688025687,7.361310414135453e-11,9.856426614005697e-14
1013000,11,10,0.21220605075359344,8.445774302107983,1.001610595716113e-09,2.636817294769688e-12
1013000,12,27,0.3508862853050232,7.362642822636585,2.3717588842922067e-11,6.806949040535571e-15
1013000,13,15,0.33149945735931396,7.78852381172409,7.16041764800986e-10,4.6753724277028654e-12
1013000,14,14,0.2915038764476776,7.350988831974959,4.521310940638862e-10,1.4657110591686735e-12
1013000,15,19,0.2890264391899109,7.909718885420749,8.347365217332359e-11,1.3735242878182084e-13
1013000,16,25,0.391651451587677,7.691381784530868,1.6442048080373037e-06,2.2649939492123832e-07
1013000,17,22,0.3826029598712921,7.7130827620441,7.950496779472871e-10,2.8561122865996936e-12
1013000,18,16,0.2945466935634613,8.187462908782264,3.71654619559173e-07,2.1504155504824148e-11
1013000,19,24,0.4531879127025604,7.207136175710569,1.6347982263937707e-07,9.459038965015519e-12
1013000,20,26,0.37957334518432617,7.59407850440862,6.886736844092224e-09,8.63427975940003e-11
1013000,21,21,0.3187846541404724,7.95694168121932,2.9496562374908704e-07,2.880992171759273e-09
1013000,22,12,0.2788618505001068,7.941058467723044,8.543975127300741e-07,4.9435944045240754e-11
1013000,23,13,0.3484647572040558,7.436395624314443,2.274053517700591e-07,5.975660908776186e-09
1013000,24,20,0.4412192702293396,7.5460233967406225,9.173496642083557e-07,5.3078392661533864e-11
1013000,25,17,0.342507541179657,7.264534195401562,1.2421221070860695e-06,2.0967929834218947e-08
1013000,26,18,0.32356953620910645,7.621273810448487,2.978981918337677e-07,8.164307565477441e-05
1013000,27,33,0.4774535000324249,6.910143146576823,1.2439086404108163e-07,2.3678161791515854e-10
1013000,28,37,0.6056738495826721,6.412996621184454,1.5666311433377095e-07,3.2809701005544695e-10
1013000,29,29,0.46134668588638306,7.011282698762632,3.423942330049471e-07,9.529653049228445e-10
1013000,30,31,0.4934726655483246,7.005056803448358,1.993718967053375e-10,4.543126418047118e-13
1013000,31,23,0.4146054685115814,6.958311931702434,5.304349351457936e-10,1.2171056157728848e-11
1013000,32,28,0.5262106657028198,6.65333349282624,1.3416776604513088e-06,7.76302608101985e-11
1013000,33,32,0.5039312839508057,6.473997172928008,2.125247034961034e-06,1.2296804700067026e-10
1013000,34,35,0.5049014091491699,7.0404992573096585,9.432342651493193e-10,9.128466529346355e-12
1013000,35,30,0.5318261981010437,6.950561300808217,2.5024984369731333e-07,8.717375880088273e-08
1013000,36,52,0.7376328110694885,6.1837515783115755,4.3623380958210887e-07,2.524074553100493e-11
1013000,37,36,0.5703328847885132,6.637162257042849,1.418636150542795e-06,8.208312444016409e-11
1013000,38,46,0.6221286058425903,6.472032294942764,1.3669229860610679e-08,1.254531970622506e-10
1013000,39,38,0.5139476656913757,6.557804912509524,2.4985690878564715e-10,2.2396206108802523e-13
1013000,40,40,0.6488180160522461,6.310129746706558,6.370644505247256e-07,3.686092487408979e-11
1013000,41,39,0.6372407674789429,6.738651560016022,1.0667696329071706e-09,1.7621455565663574e-12
1013000,42,42,0.5931264758110046,6.513842527249027,7.165426618950578e-09,1.3797256242948394e-10
1013000,43,34,0.6094366312026978,6.580061820399922,1.790147195532087e-08,2.5293131351003047e-10
1013000,44,44,0.6846516728401184,6.098445985739175,2.020472155604208e-08,1.1690571068056503e-12
1013000,45,49,0.6802008152008057,6.29038201994903,2.0107868369018365e-08,4.644804266141582e-12
1013000,46,43,0.6843624114990234,6.444950135608684,3.241582450288972e-08,3.7109425439148634e-07
1013000,47,47,0.680778443813324,6.080477777271632,3.5204466036944925e-09,9.165207276426564e-11
1013000,48,45,0.6539058685302734,6.160804184692195,7.293709302827879e-07,4.726491969903149e-09
1013000,49,48,0.7503406405448914,5.932101019033242,6.094323060417942e-07,3.526211269573579e-11
1013000,50,41,0.6640815734863281,6.241287430576726,2.4918158930334675e-07,6.916909291510326e-10
1013000,51,51,0.7479137778282166,6.090639801676177,6.074914054801186e-08,5.778855356819851e-08
1013000,52,54,0.7337132096290588,5.860365529576894,4.5076909368795215e-08,8.991477045251687e-10
1013000,53,60,0.8561892509460449,5.432995675923234,3.8282916148741306e-07,2.215072109199512e-11
1013000,54,50,0.780981183052063,5.977328167404301,1.9503256409712756e-08,5.042476744739026e-11
1013000,55,53,0.7347460985183716,5.7759429591261915,2.7815737399738955e-07,6.806702808043767e-10
1013000,56,56,0.8339096903800964,5.831292012817019,4.120847189655276e-07,2.3843464903805866e-11
1013000,57,58,0.7924886345863342,5.963712428515034,6.298101837293433e-09,1.131770323587581e-11
1013000,58,61,0.8338888883590698,5.72398708913621,3.070514083061934e-07,1.5280971983175676e-09
1013000,59,55,0.8482142686843872,5.893256877549112,9.115038839761276e-10,1.7088648756570953e-12
1013000,60,62,0.9167248606681824,5.272619129807518,5.714502871856168e-10,9.813719253982796e-14
1013000,61,57,0.895274817943573,5.545213406250479,7.237439833794301e-09,1.7268361355342204e-12
1013000,62,63,0.9032087326049805,5.441268400397821,1.4525458321147033e-08,1.4223317390088905e-09
1013000,63,59,0.9323326349258423,5.379567293387168,3.0233378195371847e-10,5.045886690797654e-14
1013250,0,5,0.19112257659435272,8.12163592123959,6.394339233848004e-08,2.2067440357303548e-10
1013250,1,0,0.1048421636223793,8.934708171020548,1.5238613793090805e-06,8.817151824273495e-11
1013250,2,9,0.1584782749414444,8.72301011683876,1.44448785354533e-07,5.866790140270688e-10
1013250,3,1,0.1275341957807541,8.493755476071748,5.447450259733158e-07,4.549923057029994e-08
1013250,4,2,0.13225144147872925,8.386256432506142,5.505766337556288e-10,9.821815171685096e-12
1013250,5,11,0.20103976130485535,8.069558743187509,2.315021612257261e-10,3.991687776113261e-12
1013250,6,10,0.1725263148546219,8.184458944893278,5.212341666069926e-10,2.1875207711982157e-12
1013250,7,7,0.18013912439346313,8.284568020841537,1.4728884978288765e-09,2.195333346269868e-11
1013250,8,4,0.18057969212532043,8.715432258850656,1.4204532605606952e-06,8.218826349760563e-11
1013250,9,8,0.19221094250679016,9.012243112993376,6.214391726416645e-07,3.5956837079346364e-11
1013250,10,6,0.17922410368919373,8.88370688025687,3.6892214387714875e-11,3.146240801105233e-14
1013250,11,3,0.19395329058170319,8.445774302107983,2.2808670417849965e-11,6.229900989519296e-14
1013250,12,23,0.378046452999115,7.362642822636585,7.55290871355889e-11,2.490997508321949e-13
1013250,13,15,0.282751202583313,7.78852381172409,3.8534511281943e-10,7.428318817928378e-12
1013250,14,14,0.3045421540737152,7.350988831974959,4.886500146200432e-10,1.2976763580005015e-12
1013250,15,19,0.26122093200683594,7.909718885420749,5.314865523765752e-10,4.110055985970368e-11
1013250,16,20,0.410917192697525,7.691381784530868,2.05147561062726e-06,1.1869958887530777e-10
1013250,17,21,0.33927464485168457,7.7130827620441,1.7307904433671115e-07,7.077644791431506e-10
1013250,18,12,0.2965829372406006,8.187462908782264,1.6796673640284217e-06,9.718654441935303e-11
1013250,19,28,0.4195297658443451,7.207136175710569,1.197154875714394e-06,6.926808723985726e-11
1013250,20,26,0.38373473286628723,7.59407850440862,1.404024778400437e-07,2.9222173985482434e-07
1013250,21,18,0.3106515109539032,7.95694168121932,2.0693960616787826e-08,7.373903703119553e-08
1013250,22,16,0.2792612314224243,7.941058467723044,1.218552035928489e-06,7.050613955076705e-11
1013250,23,17,0.3547106385231018,7.436395624314443,2.9791314551227263e-07,2.129215009169218e-09
1013250,24,25,0.418221116065979,7.5460233967406225,9.983287047132427e-09,3.234092540199441e-12
1013250,25,22,0.3286896347999573,7.264534195401562,4.373874914184851e-08,3.12378793694415e-08
1013250,26,13,0.3348865509033203,7.621273810448487,3.6556039505905354e-10,5.233421825255454e-14
1013250,27,29,0.46244746446609497,6.910143146576823,5.270858018733885e-07,3.411780836328217e-09
1013250,28,36,0.5913822054862976,6.412996621184454,6.56943368724207e-08,3.801113080651267e-12
1013250,29,24,0.4411701261997223,7.011282698762632,1.2573927194299075e-06,7.275348440798665e-11
1013250,30,35,0.4961410164833069,7.005056803448358,1.395084214953624e-09,7.745745587313879e-11
1013250,31,27,0.4183712303638458,6.958311931702434,7.910161681010265e-09,9.016559543555287e-10
1013250,32,33,0.5081749558448792,6.65333349282624,2.5022072395223216e-07,1.6903491630969808e-09
1013250,33,32,0.5135582685470581,6.473997172928008,1.1434972725371095e-06,6.616342667056568e-11
1013250,34,30,0.4924760162830353,7.0404992573096585,4.533704344205675e-08,8.899840477548717e-08
1013250,35,31,0.493980348110199,6.950561300808217,2.541054992839495e-09,4.9778632811736666e-11
1013250,36,48,0.7338299751281738,6.1837515783115755,1.634366239104258e-06,9.456539461078015e-11
1013250,37,37,0.5975273847579956,6.637162257042849,1.3376435411009117e-06,5.963806752292478e-08
1013250,38,51,0.6486627459526062,6.472032294942764,2.881219225755454e-09,1.1298524798450384e-10
1013250,39,39,0.572435200214386,6.557804912509524,2.3706129271338657e-10,1.4850687980280726e-13
1013250,40,40,0.6299113631248474,6.310129746706558,1.5799966826804426e-07,9.141954000670513e-12
1013250,41,42,0.611406147480011,6.738651560016022,1.1903251319397754e-08,9.393759716598106e-11
1013250,42,38,0.6235161423683167,6.513842527249027,6.710902978328026e-09,2.2105492809215963e-11
1013250,43,34,0.5781901478767395,6.580061820399922,4.659709244645536e-09,9.621331614876423e-12
1013250,44,44,0.7081423401832581,6.098445985739175,5.24406464354417e-07,3.034246734397701e-11
1013250,45,49,0.6894561648368835,6.29038201994903,1.9879615029446274e-07,3.963363226740136e-10
1013250,46,43,0.6237486600875854,6.444950135608684,1.5051353563668815e-08,3.069368993519223e-09
1013250,47,46,0.7043036222457886,6.080477777271632,3.0484629575473317e-09,3.1012066118723755e-11
1013250,48,45,0.6738195419311523,6.160804184692195,4.488995201522125e-08,2.550363734915487e-11
1013250,49,52,0.7704800963401794,5.932101019033242,1.706738700847298e-06,9.875290793547726e-11
1013250,50,41,0.6403988599777222,6.241287430576726,2.485889048655194e-07,8.657087965126506e-10
1013250,51,47,0.6979687213897705,6.090639801676177,2.120313950871147e-09,9.534373242005139e-12
1013250,52,58,0.7547800540924072,5.860365529576894,3.740866791389745e-08,1.7499056629815352e-10
1013250,53,60,0.8227903842926025,5.432995675923234,2.8118174725108446e-07,1.626934174846917e-11
1013250,54,50,0.7530131340026855,5.977328167404301,7.859338251643236e-09,1.4273705776155027e-11
1013250,55,53,0.7342985272407532,5.7759429591261915,2.659670822037786e-07,1.0538577300440436e-09
1013250,56,56,0.8363622426986694,5.831292012817019,5.933552319595311e-07,3.433188370641862e-11
1013250,57,54,0.7829316854476929,5.963712428515034,8.15421083915672e-10,2.5982999508122927e-13
1013250,58,57,0.8371654748916626,5.72398708913621,4.635875917227454e-07,3.032662750171547e-09
1013250,59,55,0.8289352059364319,5.893256877549112,3.3507384733913993e-10,3.0319136641487754e-13
1013250,60,63,0.8965600728988647,5.272619129807518,1.334000518661617e-10,2.213750643523068e-14
1013250,61,61,0.8835633397102356,5.545213406250479,7.603767359087788e-09,1.4956548891494668e-12
1013250,62,59,0.9018115401268005,5.441268400397821,3.0887281314856405e-10,7.352922481346996e-14
1013250,63,62,0.9178282618522644,5.379567293387168,5.871344903982467e-09,3.5989170437125336e-12
1013500,0,5,0.15678581595420837,8.12163592123959,2.2854279670330743e-07,2.443750087826231e-09
1013500,1,0,0.11550772935152054,8.934708171020548,1.3570063270021157e-06,7.851718649830397e-11
1013500,2,9,0.15674635767936707,8.72301011683876,8.260475795389995e-07,1.0277468045728538e-07
1013500,3,1,0.08943600207567215,8.493755476071748,7.363189436206223e-07,1.2465619744725113e-08
1013500,4,2,0.13963696360588074,8.386256432506142,1.2945235653726455e-09,2.748661818871066e-11
1013500,5,11,0.19721247255802155,8.069558743187509,1.8330891381403578e-10,5.7362760959774765e-12
1013500,6,10,0.14739961922168732,8.184458944893278,2.3332070074697147e-09,2.367767346857352e-11
1013500,7,7,0.1660192757844925,8.284568020841537,4.5131896995692303e-10,1.602535513332606e-12
1013500,8,4,0.12927685678005219,8.715432258850656,1.021585539904483e-06,5.910954191190428e-11
1013500,9,8,0.16681160032749176,9.012243112993376,1.0593683770439494e-07,6.129567915465993e-12
1013500,10,6,0.1637946218252182,8.88370688025687,5.183147281360507e-09,2.8938497491538684e-10
1013500,11,3,0.2047395259141922,8.445774302107983,1.834274353523122e-10,1.1432786529971476e-12
1013500,12,23,0.34026840329170227,7.362642822636585,6.248290684976258e-10,5.082242419486975e-12
1013500,13,15,0.30915215611457825,7.78852381172409,5.4415546377473596e-11,7.981688453311066e-14
1013500,14,14,0.252104252576828,7.350988831974959,2.58612284654659e-09,1.961069198170668e-11
1013500,15,19,0.28295183181762695,7.909718885420749,3.4959294179760436e-11,7.0904248076801964e-15
1013500,16,20,0.36043810844421387,7.691381784530868,6.156085446545006e-07,3.561947350486565e-11
1013500,17,21,0.3289729952812195,7.7130827620441,4.2609785466892826e-07,6.470314714207538e-09
1013500,18,12,0.26750871539115906,8.187462908782264,1.2634528969051628e-06,7.310412985124602e-11
1013500,19,28,0.3808874785900116,7.207136175710569,1.578188526369129e-06,9.131491901600765e-11
1013500,20,26,0.3577895164489746,7.59407850440862,6.541753879946051e-09,3.5306632828961186e-10
1013500,21,18,0.29440784454345703,7.95694168121932,1.972503840031337e-08,1.6468635172235596e-09
1013500,22,16,0.2811110317707062,7.941058467723044,1.1686639694514556e-06,6.761958659837916e-11
1013500,23,17,0.3147682845592499,7.436395624314443,4.6828972341392416e-07,2.3189777230025734e-09
1013500,24,25,0.42288488149642944,7.5460233967406225,4.3100278022343173e-07,5.160440661239172e-09
1013500,25,22,0.32432007789611816,7.264534195401562,3.733068609450895e-08,1.6032521954858456e-08
1013500,26,13,0.345230370759964,7.621273810448487,7.714128281912779e-07,1.400583778579208e-08
1013500,27,29,0.4761029779911041,6.910143146576823,5.445392073741108e-07,2.0243189469579026e-09
1013500,28,36,0.5599639415740967,6.412996621184454,5.981567520813394e-08,3.4609702492799915e-12
1013500,29,24,0.4309924244880676,7.011282698762632,2.0679009474632316e-06,1.1964996855297412e-10
1013500,30,35,0.4575847387313843,7.005056803448358,4.754197744669126e-10,9.910293048145503e-13
1013500,31,27,0.4180581867694855,6.958311931702434,4.4842899049250217e-10,1.161593599284949e-12
1013500,32,33,0.4919233024120331,6.65333349282624,7.93985488900781e-07,1.7369393373019368e-08
1013500,33,32,0.4759122431278229,6.473997172928008,1.761817135961162e-06,1.0193977867868455e-10
1013500,34,30,0.4569002687931061,7.0404992573096585,1.5543691688903064e-07,1.7308519542932644e-07
1013500,35,31,0.4682879149913788,6.950561300808217,2.279195070860011e-09,5.840366291131037e-10
1013500,36,48,0.7104719877243042,6.1837515783115755,8.591050927341219e-07,4.970832740099854e-11
1013500,37,37,0.5673605799674988,6.637162257042849,5.710550716875427e-07,4.897849201084567e-09
1013500,38,51,0.6378719210624695,6.472032294942764,1.8395776204146664e-09,8.664321601319338e-12
1013500,39,39,0.5470057129859924,6.557804912509524,2.3730265597914676e-10,7.839327533199569e-13
1013500,40,40,0.6491643786430359,6.310129746706558,1.046431239458274e-06,6.054712874309866e-11
1013500,41,42,0.6362917423248291,6.738651560016022,9.100955495172915e-10,2.6347700780891938e-12
1013500,42,38,0.5942586064338684,6.513842527249027,6.72938997397253e-09,1.6679242193574848e-10
1013500,43,34,0.5796764492988586,6.580061820399922,2.494030070674119e-08,4.902887195072951e-10
1013500,44,44,0.6819317936897278,6.098445985739175,1.1318430213730064e-08,6.548910482405569e-13
1013500,45,49,0.6787108182907104,6.29038201994903,4.623383281916567e-08,4.3505206796717217e-11
1013500,46,43,0.647772490978241,6.444950135608684,1.5494784580913056e-09,5.2529377191146785e-12
1013500,47,46,0.6594529151916504,6.080477777271632,5.415173585980023e-10,4.986218971602023e-13
1013500,48,45,0.6486055850982666,6.160804184692195,8.843784531565769e-07,8.642544474903809e-09
1013500,49,52,0.725641131401062,5.932101019033242,5.807499296338876e-07,3.360253347873289e-11
1013500,50,41,0.6103604435920715,6.241287430576726,1.5178917991870413e-08,7.43008264141763e-12
1013500,51,47,0.702159583568573,6.090639801676177,7.646059146585752e-10,1.0064263196006163e-11
1013500,52,58,0.7468555569648743,5.860365529576894,3.467476518546763e-07,4.99338425487467e-08
1013500,53,60,0.8508315086364746,5.432995675923234,1.0549608004843646e-07,6.104065417515323e-12
1013500,54,50,0.781613826751709,5.977328167404301,1.3205656764242023e-09,1.962873256673498e-12
1013500,55,53,0.7661260962486267,5.7759429591261915,1.2229979532817307e-07,2.1027125665981684e-10
1013500,56,56,0.8289106488227844,5.831292012817019,5.55366351472127e-07,3.213382467401837e-11
1013500,57,54,0.7876670360565186,5.963712428515034,2.6250075327723994e-09,4.0380707355928895e-12
1013500,58,57,0.8175626397132874,5.72398708913621,1.4385771680415814e-07,2.07439826410153e-10
1013500,59,55,0.8208750486373901,5.893256877549112,4.908356124534984e-10,4.5389509975241325e-13
1013500,60,63,0.9022240042686462,5.272619129807518,5.300492082777339e-10,6.887036681466658e-14
1013500,61,61,0.8826728463172913,5.545213406250479,2.1402439768519486e-07,2.676804320772059e-10
1013500,62,59,0.9067056179046631,5.441268400397821,3.878161069706355e-09,4.106824611107423e-11
1013500,63,62,0.9388266801834106,5.379567293387168,7.540937591234626e-09,1.7895554134813533e-12
1013750,0,9,0.17747719585895538,8.12163592123959,8.914946869407934e-08,2.716247812820969e-10
1013750,1,4,0.14324015378952026,8.934708171020548,1.1311383872686078e-06,6.54483342791531e-11
1013750,2,3,0.15371108055114746,8.72301011683876,1.6243880849361633e-10,2.508706819851285e-12
1013750,3,1,0.09592945128679276,8.493755476071748,6.861364910020565e-07,1.109371273206753e-08
1013750,4,2,0.1521599143743515,8.386256432506142,3.400379693928464e-08,7.531449385946457e-09
1013750,5,11,0.21576784551143646,8.069558743187509,6.034884954769022e-11,2.412227875760134e-14
1013750,6,5,0.17070485651493073,8.184458944893278,2.328301357600754e-08,2.896271312732809e-11
1013750,7,10,0.1658351570367813,8.284568020841537,8.864574685788398e-10,5.248227533160694e-12
1013750,8,0,0.1438574343919754,8.715432258850656,1.2369825025571986e-06,7.157253722094908e-11
1013750,9,8,0.16944414377212524,9.012243112993376,7.202712621729535e-08,4.1675320074844655e-12
1013750,10,6,0.16833390295505524,8.88370688025687,1.735605006651815e-11,8.81317789539581e-15
1013750,11,7,0.2004389762878418,8.445774302107983,1.5567375375080664e-10,4.693777574319182e-13
1013750,12,19,0.3201717734336853,7.362642822636585,2.200249060272619e-11,9.64932498277747e-15
1013750,13,23,0.30532968044281006,7.78852381172409,1.2006038514172112e-09,4.0669755202086616e-11
1013750,14,14,0.2672753632068634,7.350988831974959,1.5240577287233214e-07,2.7953444463623105e-08
1013750,15,15,0.27386900782585144,7.909718885420749,8.729020536034104e-11,3.706586472261938e-12
1013750,16,20,0.4017479121685028,7.691381784530868,1.0804293045607717e-06,6.251427684338193e-11
1013750,17,18,0.35278695821762085,7.7130827620441,1.0346246769638278e-07,4.007941974151245e-07
1013750,18,13,0.28556180000305176,8.187462908782264,1.2591325361638585e-06,4.4127358913947e-08
1013750,19,24,0.41682955622673035,7.207136175710569,1.5286047067085975e-06,8.844596996388011e-11
1013750,20,27,0.3934585452079773,7.59407850440862,3.3617511665164885e-08,3.2803682672974233e-07
1013750,21,17,0.3070884048938751,7.95694168121932,1.9192307649060675e-07,6.883734281545254e-10
1013750,22,16,0.3074689507484436,7.941058467723044,2.3113701389119392e-07,1.337372395783066e-11
1013750,23,21,0.35896944999694824,7.436395624314443,7.494761552817418e-07,1.7739107742748963e-08
1013750,24,26,0.42983278632164,7.5460233967406225,1.693504531568303e-08,2.351172593520009e-10
1013750,25,22,0.39124518632888794,7.264534195401562,3.375172397482076e-08,3.4494584152779304e-10
1013750,26,12,0.356217622756958,7.621273810448487,1.945828216561994e-06,1.1258676833952749e-10
1013750,27,29,0.5035921335220337,6.910143146576823,9.250005243166096e-08,1.7472604220432116e-10
1013750,28,33,0.5642595291137695,6.412996621184454,1.3053932678355972e-06,5.779353331936996e-08
1013750,29,28,0.45308977365493774,7.011282698762632,1.0795489924838219e-06,6.246334146736523e-11
1013750,30,31,0.4821045696735382,7.005056803448358,3.5223776849642905e-09,1.1994626565694063e-10
1013750,31,25,0.4006008803844452,6.958311931702434,1.6685301796560378e-08,9.59524960740541e-12
1013750,32,37,0.5672775506973267,6.65333349282624,4.676494952949838e-07,3.5328283642578777e-09
1013750,33,32,0.5158394575119019,6.473997172928008,2.1115773841132715e-06,1.2217711293969803e-10
1013750,34,30,0.5258197784423828,7.0404992573096585,1.979318854840395e-08,1.1757301054160309e-09
1013750,35,35,0.49084946513175964,6.950561300808217,2.344755037703367e-08,9.188051986652104e-10
1013750,36,52,0.6925070285797119,6.1837515783115755,1.0025925434612976e-06,5.801059593485366e-11
1013750,37,36,0.5763446688652039,6.637162257042849,2.0012135428493917e-06,1.1579139598705206e-10
1013750,38,47,0.6728589534759521,6.472032294942764,1.0951885449420556e-09,1.0884505190017084e-11
1013750,39,42,0.5846714973449707,6.557804912509524,5.657058754317352e-09,2.5248338925337406e-11
1013750,40,45,0.6768089532852173,6.310129746706558,7.170020354788577e-07,4.942903370138298e-09
1013750,41,39,0.5889516472816467,6.738651560016022,3.744268229866884e-09,7.785966149584939e-11
1013750,42,34,0.6131879091262817,6.513842527249027,7.593057801628751e-09,8.817693576401911e-11
1013750,43,38,0.6295746564865112,6.580061820399922,1.0868700722382177e-07,2.073767818191389e-08
1013750,44,40,0.69703608751297,6.098445985739175,9.863914236479701e-08,5.707318958636981e-12
1013750,45,44,0.7055421471595764,6.29038201994903,1.3448581239824827e-07,7.78142843060797e-12
1013750,46,43,0.6174274682998657,6.444950135608684,6.364952118337246e-10,7.429262027152881e-13
1013750,47,46,0.7018213868141174,6.080477777271632,7.064781060157585e-09,5.2945361711514306e-11
1013750,48,49,0.6926578879356384,6.160804184692195,2.901907738048104e-07,1.16366321326364e-09
1013750,49,48,0.7699797749519348,5.932101019033242,1.3758911044883742e-07,7.96098708626748e-12
1013750,50,41,0.6483665108680725,6.241287430576726,3.025590003266615e-07,2.5018340239411466e-09
1013750,51,51,0.6876264214515686,6.090639801676177,3.009978452120913e-09,6.260493482915588e-10
1013750,52,54,0.765234112739563,5.860365529576894,1.3944629954952508e-07,4.0999897187897887e-07
1013750,53,60,0.8804147243499756,5.432995675923234,5.656829031160145e-07,3.2730746437258784e-11
1013750,54,50,0.7736185193061829,5.977328167404301,4.390111590422469e-09,7.090302204432363e-12
1013750,55,53,0.7827574610710144,5.7759429591261915,3.8901480404617205e-07,1.2986258263013392e-09
1013750,56,56,0.8495637774467468,5.831292012817019,6.315337062439707e-07,3.654091274774554e-11
1013750,57,55,0.8073551058769226,5.963712428515034,1.0018046311738721e-08,3.572604336584157e-10
1013750,58,57,0.829069972038269,5.72398708913621,1.150297947149792e-07,5.3826075896793515e-11
1013750,59,58,0.8056589365005493,5.893256877549112,5.578466873247015e-10,2.7003298313397606e-13
1013750,60,62,0.918339192867279,5.272619129807518,8.906389932764593e-10,1.7050672956279372e-13
1013750,61,61,0.8854461908340454,5.545213406250479,6.994646265169696e-09,1.7957323114191425e-12
1013750,62,59,0.898502767086029,5.441268400397821,4.39958490322619e-10,1.2679914177591427e-13
1013750,63,63,0.9431372284889221,5.379567293387168,5.0385653339221765e-09,2.082278336910327e-12
1014000,0,9,0.17335444688796997,8.12163592123959,2.949689432069366e-07,1.5810644036837176e-08
1014000,1,4,0.1169697567820549,8.934708171020548,1.1485445944607362e-06,6.645546769418422e-11
1014000,2,3,0.16048471629619598,8.72301011683876,5.946116825130918e-09,6.530352381388033e-09
1014000,3,1,0.09711911529302597,8.493755476071748,1.2299000870041558e-06,1.5693887813895306e-07
1014000,4,2,0.16746845841407776,8.386256432506142,3.753718324537078e-09,2.417419786842606e-10
1014000,5,11,0.2137068808078766,8.069558743187509,5.0708746148668834e-11,5.725892349238889e-14
1014000,6,5,0.17805662751197815,8.184458944893278,6.174375167693275e-08,1.015707575662899e-10
1014000,7,10,0.17173025012016296,8.284568020841537,2.7009407729189966e-09,1.1860052148140218e-10
1014000,8,0,0.15423105657100677,8.715432258850656,1.2561516011200407e-06,7.268167257051516e-11
1014000,9,8,0.16584829986095428,9.012243112993376,2.5006262097177584e-07,1.446877074661201e-11
1014000,10,6,0.16881564259529114,8.88370688025687,5.323579350973091e-10,6.715199307865996e-13
1014000,11,7,0.1926109343767166,8.445774302107983,4.889976752119863e-11,2.636616565130781e-13
1014000,12,19,0.3081325888633728,7.362642822636585,1.3712166358828412e-11,2.4438838256194123e-15
1014000,13,23,0.2876122295856476,7.78852381172409,2.5147428088774797e-10,3.8660735050973626e-13
1014000,14,14,0.2795166075229645,7.350988831974959,1.0584675064836555e-10,1.6334345552932555e-13
1014000,15,15,0.2655069828033447,7.909718885420749,1.6116240898984463e-10,1.4199550547560618e-13
1014000,16,20,0.37990206480026245,7.691381784530868,2.4633352283093956e-07,1.4253002928608265e-11
1014000,17,18,0.3500113785266876,7.7130827620441,1.5409025372510516e-08,1.3217260258934725e-10
1014000,18,13,0.27591633796691895,8.187462908782264,4.2603429975438484e-07,4.778211301077541e-09
1014000,19,24,0.41908320784568787,7.207136175710569,1.0456488292351772e-06,6.050185802609276e-11
1014000,20,27,0.38207170367240906,7.59407850440862,2.6063798032906717e-08,8.634730335444638e-07
1014000,21,17,0.33347007632255554,7.95694168121932,1.365744830026964e-07,2.468331025482994e-10
1014000,22,16,0.29971227049827576,7.941058467723044,8.400515160762715e-07,4.860587621699489e-11
1014000,23,21,0.37650546431541443,7.436395624314443,7.185597962884056e-07,1.053402276978296e-08
1014000,24,26,0.4046054184436798,7.5460233967406225,2.058153824786889e-08,1.609468573659476e-09
1014000,25,22,0.4246971011161804,7.264534195401562,1.649643211091426e-08,2.665255058689747e-10
1014000,26,12,0.3154486417770386,7.621273810448487,5.226873410098536e-07,3.0242997853251195e-11
1014000,27,29,0.48160088062286377,6.910143146576823,7.406985026735522e-08,6.366879679125999e-11
1014000,28,33,0.5294324159622192,6.412996621184454,1.7865832435975048e-07,1.6781261054063006e-10
1014000,29,28,0.42800334095954895,7.011282698762632,1.8893492816618372e-06,1.0931886385261348e-10
1014000,30,31,0.47176775336265564,7.005056803448358,1.4198078363980474e-10,6.647824213686561e-14
1014000,31,25,0.44748371839523315,6.958311931702434,3.196888740992327e-08,2.096868144504529e-11
1014000,32,37,0.5646774768829346,6.65333349282624,7.072774664375443e-07,3.4032346907638546e-08
1014000,33,32,0.5104934573173523,6.473997172928008,1.4316280083682098e-06,8.283484099707278e-11
1014000,34,30,0.5384981632232666,7.0404992573096585,1.6049923443470634e-08,5.83120058202051e-10
1014000,35,35,0.5124880075454712,6.950561300808217,5.540199802436071e-08,1.2783618730731237e-07
1014000,36,52,0.7051559686660767,6.1837515783115755,1.3959829582099704e-06,8.077239737000536e-11
1014000,37,36,0.5745933055877686,6.637162257042849,1.112596975976345e-06,6.437551728529819e-11
1014000,38,47,0.674824059009552,6.472032294942764,7.708129425252847e-09,7.76033831867578e-10
1014000,39,42,0.6209811568260193,6.557804912509524,2.3187755802317788e-09,7.104803224442909e-12
1014000,40,45,0.6861512660980225,6.310129746706558,9.024594495662963e-07,8.13284176708671e-09
1014000,41,39,0.6049233078956604,6.738651560016022,8.686177312979374e-11,4.14107684627095e-14
1014000,42,34,0.6301239132881165,6.513842527249027,3.387612535706915e-09,3.528585843685946e-12
1014000,43,38,0.597895622253418,6.580061820399922,1.7255025277863367e-09,8.14876669738387e-13
1014000,44,40,0.6993250250816345,6.098445985739175,2.3319513662833627e-07,1.349280815336683e-11
1014000,45,44,0.687174916267395,6.29038201994903,5.989991568470259e-08,3.465844452942727e-12
1014000,46,43,0.646018922328949,6.444950135608684,5.804415357932043e-10,5.081927774517061e-13
1014000,47,46,0.729381263256073,6.080477777271632,2.1899568516519152e-09,3.5181771105778877e-12
1014000,48,49,0.6975521445274353,6.160804184692195,1.8109319153025792e-07,3.282272727968005e-10
1014000,49,48,0.7403014898300171,5.932101019033242,6.877000588232713e-07,3.979073103720121e-11
1014000,50,41,0.6759503483772278,6.241287430576726,9.968001657906744e-08,1.1907594192138932e-10
1014000,51,51,0.6573681831359863,6.090639801676177,4.88931155958241e-09,5.75348795091067e-11
1014000,52,54,0.7665528059005737,5.860365529576894,1.3109828825708134e-08,1.2402023257235336e-10
1014000,53,60,0.8583772778511047,5.432995675923234,1.9283941499590904e-07,1.115780229625561e-11
1014000,54,50,0.7600404620170593,5.977328167404301,3.014664815127683e-08,2.0495953850679633e-09
1014000,55,53,0.7644439935684204,5.7759429591261915,5.156983061468525e-07,4.730294080077834e-09
1014000,56,56,0.8439849019050598,5.831292012817019,2.351120401986246e-07,1.3603721324612069e-11
1014000,57,55,0.8211537003517151,5.963712428515034,2.3594102050266267e-09,5.2737531080711155e-12
1014000,58,57,0.8421593904495239,5.72398708913621,2.2593614800461818e-08,8.145679564534104e-12
1014000,59,58,0.8089607954025269,5.893256877549112,1.140456469671612e-09,1.1467311161598658e-12
1014000,60,62,0.916719913482666,5.272619129807518,3.7260322459945354e-10,8.795916093644886e-14
1014000,61,61,0.8854098916053772,5.545213406250479,1.1377264703229593e-08,8.00579854007941e-12
1014000,62,59,0.9031938910484314,5.441268400397821,4.042930694466553e-09,3.2817319214698168e-12
1014000,63,63,0.9170237183570862,5.379567293387168,3.988382552969271e-10,7.500083174830918e-14
1014250,0,9,0.19035491347312927,8.12163592123959,6.500142162753327e-08,5.42737729832381e-11
1014250,1,1,0.1381130814552307,8.934708171020548,3.6998920094719216e-07,4.95950511553762e-09
1014250,2,6,0.15996773540973663,8.72301011683876,2.7245105734292226e-10,1.3416673279043046e-12
1014250,3,0,0.12970976531505585,8.493755476071748,1.318159536447001e-06,7.626948828335546e-11
1014250,4,2,0.16721409559249878,8.386256432506142,1.206696662287115e-10,2.1002632841090956e-13
1014250,5,11,0.2295687198638916,8.069558743187509,2.652415179022102e-10,7.870510448513044e-13
1014250,6,5,0.18242652714252472,8.184458944893278,5.409800106271232e-08,7.357187022151592e-11
1014250,7,10,0.18705250322818756,8.284568020841537,3.3702342564020544e-11,5.925711062563787e-15
1014250,8,8,0.15782523155212402,8.715432258850656,1.3534677660122913e-07,7.83124432722444e-12
1014250,9,4,0.16843673586845398,9.012243112993376,1.4334950220649762e-07,8.294286751080904e-12
1014250,10,3,0.17786401510238647,8.88370688025687,5.885632940167999e-11,1.426109050817487e-13
1014250,11,7,0.2084084153175354,8.445774302107983,1.1577138163430389e-10,5.543578410473804e-13
1014250,12,19,0.3162940442562103,7.362642822636585,1.4498257601888856e-11,3.1543915824606694e-15
1014250,13,23,0.30046865344047546,7.78852381172409,4.277115773696573e-09,1.1166727885321714e-09
1014250,14,15,0.277420312166214,7.350988831974959,6.236730588643394e-11,2.7911521966248847e-14
1014250,15,14,0.2834487557411194,7.909718885420749,1.5315921823165828e-10,3.7289955068754964e-14
1014250,16,16,0.3225230872631073,7.691381784530868,3.1952809910362896e-07,1.8488084284907774e-11
1014250,17,18,0.355010986328125,7.7130827620441,1.7504651818356785e-09,9.431385878733904e-12
1014250,18,12,0.29308316111564636,8.187462908782264,1.4523634494748424e-06,8.40346058501159e-11
1014250,19,24,0.4128907322883606,7.207136175710569,1.5365955191407053e-06,8.890832308451046e-11
1014250,20,22,0.3392183482646942,7.59407850440862,7.790323450562121e-08,8.479635271006443e-08
1014250,21,17,0.2834205627441406,7.95694168121932,2.698023878692909e-07,1.914712709603184e-09
1014250,22,21,0.2859759032726288,7.941058467723044,2.3154226850583719e-07,4.138113984218743e-09
1014250,23,20,0.32960131764411926,7.436395624314443,2.352441860614746e-07,1.3611367362181617e-11
1014250,24,26,0.4071853458881378,7.5460233967406225,6.277922819653385e-08,1.3353346939708116e-08
1014250,25,27,0.4207184314727783,7.264534195401562,6.794691986351726e-09,1.8161195215082739e-10
1014250,26,13,0.35152024030685425,7.621273810448487,9.138396332413397e-07,2.084255270921214e-08
1014250,27,29,0.4601646959781647,6.910143146576823,9.102022638992408e-08,1.274802789747286e-10
1014250,28,37,0.5322214961051941,6.412996621184454,2.764000672178812e-07,1.5979547980466133e-09
1014250,29,28,0.4317278563976288,7.011282698762632,1.4603000508975303e-06,8.449382228976534e-11
1014250,30,31,0.47344163060188293,7.005056803448358,4.379234508966063e-11,2.817310518819081e-14
1014250,31,25,0.3946317136287689,6.958311931702434,1.4583034520040758e-07,2.1283903652924264e-10
1014250,32,33,0.5141286849975586,6.65333349282624,1.615995518119991e-07,2.3131514472098357e-10
1014250,33,32,0.5314472913742065,6.473997172928008,1.6278552523482775e-06,9.41886650766324e-11
1014250,34,30,0.5064229965209961,7.0404992573096585,9.428927263560287e-09,9.489220923958455e-11
1014250,35,34,0.4914039075374603,6.950561300808217,3.051040796354311e-07,1.2003442965608888e-06
1014250,36,48,0.7186596989631653,6.1837515783115755,6.942025673193488e-07,4.0166970014230264e-11
1014250,37,36,0.5625039935112,6.637162257042849,8.859040010667458e-07,5.1258928044218996e-11
1014250,38,51,0.6690487861633301,6.472032294942764,1.608346188013953e-09,1.4351738822453905e-11
1014250,39,35,0.5876942276954651,6.557804912509524,7.514976929062233e-10,3.1106848514436747e-12
1014250,40,40,0.6313778758049011,6.310129746706558,9.378416143913223e-07,5.426406898611249e-11
1014250,41,38,0.5570674538612366,6.738651560016022,5.244651695413385e-08,7.784946127515413e-09
1014250,42,42,0.645808756351471,6.513842527249027,6.96174619424554e-09,1.0328876394776691e-10
1014250,43,39,0.5902491211891174,6.580061820399922,5.4783216637248134e-09,1.171422684209178e-10
1014250,44,44,0.6695405840873718,6.098445985739175,6.756778068451304e-07,3.909511644652877e-11
1014250,45,41,0.6796790957450867,6.29038201994903,3.0559606264324913e-08,1.1493247929690338e-11
1014250,46,43,0.6711387634277344,6.444950135608684,5.358472014120565e-09,3.1055021543466266e-11
1014250,47,47,0.7010600566864014,6.080477777271632,2.191953817923436e-08,1.5527415631237984e-09
1014250,48,49,0.686211884021759,6.160804184692195,7.034448059758249e-07,2.45075526689381e-09
1014250,49,52,0.7737104296684265,5.932101019033242,9.775600136386104e-07,5.65621989941007e-11
1014250,50,45,0.6777645945549011,6.241287430576726,2.630327798471941e-08,1.9758295801605557e-11
1014250,51,46,0.6526540517807007,6.090639801676177,3.74589177019725e-08,1.25652736500211e-09
1014250,52,55,0.734605610370636,5.860365529576894,2.7948902859039876e-09,2.0783932423245775e-11
1014250,53,56,0.870627760887146,5.432995675923234,5.838467677988298e-07,3.378171836159849e-11
1014250,54,50,0.7543998956680298,5.977328167404301,4.541969563722028e-09,4.126350941071057e-12
1014250,55,53,0.7247615456581116,5.7759429591261915,2.1900311161418406e-07,9.281068152182653e-10
1014250,56,60,0.8339315056800842,5.831292012817019,2.830029833148614e-08,1.6374719541358996e-12
1014250,57,57,0.8169234991073608,5.963712428515034,6.327256263325847e-08,5.578578873123623e-11
1014250,58,58,0.8151419758796692,5.72398708913621,8.802479967648385e-08,3.554829444599111e-08
1014250,59,54,0.8034695386886597,5.893256877549112,6.384869840623808e-09,1.3197480169507953e-11
1014250,60,62,0.9158510565757751,5.272619129807518,7.918045581976567e-10,1.8822288755970153e-13
1014250,61,61,0.8759598731994629,5.545213406250479,6.90085198570453e-08,3.2473197442788834e-11
1014250,62,63,0.8971335291862488,5.441268400397821,2.0914192237562024e-09,5.793573922383363e-12
1014250,63,59,0.9092417359352112,5.379567293387168,1.1370613986238069e-10,7.37728142018122e-15
1014500,0,8,0.18992552161216736,8.181423613463712,1.1606831913459883e-06,6.715781406980684e-11
1014500,1,0,0.13620682060718536,8.374881131238936,1.1355604217631793e-06,6.570419580330623e-11
1014500,2,2,0.1472989171743393,8.87829675455334,2.9337973566740203e-09,2.9017259958431633e-11
1014500,3,4,0.13166813552379608,9.08981803614617,1.4069197284415428e-06,8.140520534655957e-11
1014500,4,3,0.15497630834579468,8.372705768507052,1.791448761947963e-10,7.921960603806926e-13
1014500,5,15,0.22384198009967804,8.366108734084458,6.513626044285894e-11,9.047791054822096e-14
1014500,6,9,0.14052225649356842,8.132583881789689,7.4146273894037155e-09,9.333612497729888e-12
1014500,7,7,0.16968561708927155,8.147376909798322,3.5876997029576547e-10,1.4856350914856986e-11
1014500,8,1,0.1734929382801056,8.816696736834533,4.36615098192534e-07,1.779224852111294e-08
1014500,9,5,0.15331636369228363,8.89440031894938,1.1306547908319349e-07,8.775708513275806e-10
1014500,10,6,0.16658857464790344,8.718718269595646,2.9063328524661194e-09,4.344741828333285e-11
1014500,11,11,0.19131077826023102,8.292470777023107,2.0019059365455392e-10,7.242071802962746e-13
1014500,12,19,0.2947971224784851,7.142369863151618,6.956159802899872e-11,3.3254557405973955e-13
1014500,13,14,0.3264293074607849,7.3802346243570955,4.450312516844873e-08,7.687675064288407e-09
1014500,14,23,0.29639479517936707,7.426151528740465,1.033554755404084e-11,1.166210043405412e-15
1014500,15,10,0.23735859990119934,7.9635463777694895,9.869229733957817e-10,1.4899593415794493e-11
1014500,16,16,0.3367922008037567,7.756288920942213,7.927726665733989e-07,4.5870294097755055e-11
1014500,17,22,0.3347684442996979,7.729017642913719,5.729248607210617e-09,6.485519091231316e-11
1014500,18,12,0.28002995252609253,7.530240269142846,1.0630246698230155e-07,6.150723441148806e-12
1014500,19,24,0.3963891565799713,7.401228974011006,8.057171864491902e-07,4.6619271652976746e-11
1014500,20,18,0.31563422083854675,7.7045713934493865,3.058367970685277e-08,8.340618342448172e-09
1014500,21,17,0.2911052107810974,8.17266707364679,1.0881251131470077e-07,3.687481315488422e-10
1014500,22,21,0.2925280034542084,7.831137057047611,9.66157288767005e-07,4.710307743271302e-08
1014500,23,20,0.3475351333618164,7.702497023735745,1.0168726975333897e-06,5.883685407248508e-11
1014500,24,26,0.3981468081474304,7.357350990227992,2.0601725721851907e-09,3.2568270266121284e-11
1014500,25,27,0.41879796981811523,7.137774691954802,1.4388877564562626e-09,1.8771632401666438e-11
1014500,26,13,0.3257642984390259,7.367001157318055,6.898065956849346e-07,4.878426866151245e-09
1014500,27,29,0.45287013053894043,6.987207981154855,1.0053751706591212e-08,6.233468277963217e-12
1014500,28,37,0.5494482517242432,6.5708412908201534,7.250087427065785e-08,9.878007442302955e-11
1014500,29,28,0.48448970913887024,6.766810943186084,1.2213862588628756e-06,7.067012936149179e-11
1014500,30,31,0.445346474647522,6.850498717027943,4.0858541207638976e-10,6.516602708178975e-13
1014500,31,25,0.38821011781692505,6.809919506814694,8.549261692305329e-08,3.352031834941617e-10
1014500,32,34,0.5466355681419373,6.760659871722627,3.837132631768081e-07,1.5975901391545046e-06
1014500,33,33,0.5244995355606079,6.5636668024269715,8.856945520653586e-07,1.7963406876267787e-08
1014500,34,32,0.5202746987342834,6.630115628295701,1.7794640298265391e-06,1.0296083836659671e-10
1014500,35,30,0.4513801336288452,7.132488682289809,1.035137950636165e-08,1.0371986753691536e-10
1014500,36,44,0.6694660186767578,5.985410700867064,1.3976886360351445e-06,8.087108889504864e-11
1014500,37,40,0.5838068127632141,6.497426174570256,1.0911853759066645e-06,6.3136629475827e-11
1014500,38,46,0.6437836289405823,6.497479307574383,1.3310891346259046e-09,8.423801978256901e-13
1014500,39,35,0.5616440773010254,6.609286666965838,8.701440451304889e-10,5.130400591014441e-12
1014500,40,36,0.6067384481430054,6.516836535976902,1.7115772644682379e-06,9.90328700805682e-11
1014500,41,42,0.5796362161636353,6.819351189191606,2.857228491947321e-08,5.491516757344491e-09
1014500,42,41,0.6342225074768066,6.343531090273515,1.2608989731863438e-07,9.662287508738669e-11
1014500,43,38,0.5924853086471558,6.505480375900419,1.3812872171178715e-08,2.9786083681665814e-10
1014500,44,49,0.6925475001335144,6.146542663418741,2.02683876608994e-08,1.0186361655909387e-11
1014500,45,43,0.6197749376296997,6.035263679595824,3.7080208813334176e-09,4.022819512671161e-10
1014500,46,39,0.638435959815979,6.372076683422775,1.6592586676821107e-09,1.1421315413603162e-11
1014500,47,47,0.6661481261253357,5.95949728854467,1.949364471632254e-10,1.4296610909018706e-13
1014500,48,48,0.6674277782440186,5.923712139359784,1.064037579732231e-06,6.156584197629117e-11
1014500,49,52,0.7763038277626038,5.948054712981076,1.1103401315052376e-06,6.424493493302052e-11
1014500,50,45,0.6746460795402527,6.28506059009501,1.5103725829841684e-07,3.363736742482648e-10
1014500,51,51,0.6873937845230103,6.279775076566258,8.071396123294836e-09,1.6238261120290358e-09
1014500,52,55,0.7529752850532532,5.8401420171461655,5.144868636117212e-09,2.918010623414033e-11
1014500,53,56,0.8896496891975403,5.523528445820235,1.079726612247942e-06,6.247361865168476e-11
1014500,54,50,0.7641123533248901,6.017009795598316,5.539903924053091e-09,4.452328371713698e-12
1014500,55,53,0.7398188710212708,6.118994214559863,1.926941938530514e-07,2.421276181604489e-10
1014500,56,60,0.834307074546814,5.79648134705231,3.1748001807334434e-07,1.836958110845332e-11
1014500,57,58,0.8271403312683105,5.907977043052435,9.346751098264714e-10,1.3046657198319648e-12
1014500,58,57,0.8220139741897583,5.881978135711778,2.3074715084640197e-07,4.687148977410368e-10
1014500,59,54,0.8382233381271362,6.04856883654798,3.867270986411715e-10,7.476989957492005e-14
1014500,60,62,0.92154461145401,5.2183293434780165,3.643603926478507e-10,5.1701572124547793e-14
1014500,61,61,0.8817728161811829,5.457515038017741,1.0432480875970909e-07,7.950466774036535e-11
1014500,62,63,0.8840780854225159,5.573218704108912,3.827716905128859e-09,2.9866751005075233e-12
1014500,63,59,0.8943887948989868,5.349933968355255,1.3521720754727073e-10,1.0993104881915135e-14
1014750,0,8,0.2456599771976471,8.181423613463712,4.0074232137267065e-07,2.318718708887217e-11
1014750,1,0,0.12582102417945862,8.374881131238936,1.2260242943705426e-06,7.093848883166875e-11
1014750,2,2,0.1376240998506546,8.87829675455334,2.6428906473040602e-08,5.265402284534214e-09
1014750,3,4,0.1332605928182602,9.08981803614617,1.4070050804923407e-06,8.141014386656288e-11
1014750,4,3,0.13007594645023346,8.372705768507052,2.3268753410930647e-11,3.2925281349786027e-14
1014750,5,15,0.2238028347492218,8.366108734084458,2.7327159326649357e-10,7.255297099733283e-13
1014750,6,9,0.18050812184810638,8.132583881789689,4.0680574749535017e-08,9.367620491427946e-11
1014750,7,7,0.17248812317848206,8.147376909798322,9.87497831849654e-11,2.1984485809496075e-13
1014750,8,1,0.17075519263744354,8.816696736834533,5.635340864710338e-07,1.9120841938259374e-08
1014750,9,5,0.16420583426952362,8.89440031894938,1.116747262280562e-06,7.259340175210515e-08
1014750,10,6,0.14800919592380524,8.718718269595646,3.221733641924883e-09,1.2012743559817823e-09
1014750,11,11,0.20804576575756073,8.292470777023107,1.5555800473935592e-09,2.936575552463111e-10
1014750,12,19,0.3014773726463318,7.142369863151618,1.946151076112394e-10,4.788584832502269e-13
1014750,13,14,0.3071185350418091,7.3802346243570955,3.783185636328987e-10,3.64018442496594e-13
1014750,14,23,0.32392704486846924,7.426151528740465,2.417994781273738e-09,6.619568056465231e-11
1014750,15,10,0.25582829117774963,7.9635463777694895,3.537137937270011e-08,9.204001397841101e-09
1014750,16,16,0.32080700993537903,7.756288920942213,1.588639665904102e-06,9.191962811401204e-11
1014750,17,22,0.3593582808971405,7.729017642913719,5.0917003690351456e-08,6.871296558572597e-09
1014750,18,12,0.2505013644695282,7.530240269142846,1.7579584924140949e-06,1.0171651528706529e-10
1014750,19,24,0.4306265711784363,7.401228974011006,7.447094931566394e-07,4.308933053423134e-11
1014750,20,18,0.33470451831817627,7.7045713934493865,1.284234111132946e-08,5.261628679327017e-10
1014750,21,17,0.3169863522052765,8.17266707364679,6.328617858118928e-07,4.131589414777612e-09
1014750,22,21,0.2959686815738678,7.831137057047611,5.168340819565297e-07,6.635151348807238e-09
1014750,23,20,0.33657610416412354,7.702497023735745,4.32072575620945e-07,2.4999974079545606e-11
1014750,24,26,0.43628546595573425,7.357350990227992,1.053972709565206e-09,1.6857951230911213e-11
1014750,25,27,0.44103652238845825,7.137774691954802,4.4121007583061655e-09,1.161877586173446e-09
1014750,26,13,0.34979894757270813,7.367001157318055,4.7378218843123283e-07,5.301627568212883e-09
1014750,27,29,0.47275492548942566,6.987207981154855,1.9145140287686475e-07,5.460981383487541e-10
1014750,28,37,0.5423941016197205,6.5708412908201534,4.8446252596601545e-08,7.901537688960131e-11
1014750,29,28,0.47440305352211,6.766810943186084,1.2101070329053257e-06,7.001750669463798e-11
1014750,30,31,0.4750785827636719,6.850498717027943,2.0593867211028062e-11,1.7695354760271969e-15
1014750,31,25,0.41364866495132446,6.809919506814694,4.4481253523587955e-08,1.1158818786159601e-10
1014750,32,34,0.5659888982772827,6.760659871722627,1.8245436379453093e-07,6.11678761392324e-08
1014750,33,33,0.5803914070129395,6.5636668024269715,3.0640416540690395e-07,2.721130619083753e-09
1014750,34,32,0.4590943455696106,6.630115628295701,8.806967456230267e-07,5.0957633172792765e-11
1014750,35,30,0.4679127633571625,7.132488682289809,5.722746956741257e-08,1.4861681369745e-09
1014750,36,44,0.7011951208114624,5.985410700867064,2.019157452705202e-07,1.1682964119536307e-11
1014750,37,40,0.5912153124809265,6.497426174570256,1.9815864939226076e-06,1.1465576335931048e-10
1014750,38,46,0.6487471461296082,6.497479307574383,5.958040235963533e-11,6.492174859872263e-15
1014750,39,35,0.5733284950256348,6.609286666965838,6.116571070381287e-09,5.323260740416322e-10
1014750,40,36,0.6366113424301147,6.516836535976902,1.5359937269346692e-06,8.887350303250751e-11
1014750,41,42,0.5900633335113525,6.819351189191606,7.722026822011526e-09,6.153382654201147e-11
1014750,42,41,0.6075342297554016,6.343531090273515,1.722684183512411e-08,7.800820419398175e-12
1014750,43,38,0.6207992434501648,6.505480375900419,4.859303466316355e-09,7.101128025311151e-11
1014750,44,49,0.6729786396026611,6.146542663418741,5.690402803700915e-08,4.1324390596705786e-11
1014750,45,43,0.6576290726661682,6.035263679595824,3.023959040236533e-09,3.2993993725562126e-11
1014750,46,39,0.6323825716972351,6.372076683422775,3.3270456474416295e-09,2.586615611753436e-11
1014750,47,47,0.7096197605133057,5.95949728854467,1.0911392451652779e-10,2.6934085956378385e-14
1014750,48,48,0.6656996011734009,5.923712139359784,4.1132376905102507e-07,2.379943589291334e-11
1014750,49,52,0.8060224056243896,5.948054712981076,1.3016978394697861e-06,7.531700478647009e-11
1014750,50,45,0.6578572392463684,6.28506059009501,7.017111531648427e-07,5.4815046379214044e-09
1014750,51,51,0.6686650514602661,6.279775076566258,2.2340856141265172e-08,1.5674014246367306e-09
1014750,52,55,0.7832345366477966,5.8401420171461655,6.405377487925621e-10,4.79048467514806e-13
1014750,53,56,0.8797071576118469,5.523528445820235,8.399030622836507e-08,4.8597286592989536e-12
1014750,54,50,0.7424589395523071,6.017009795598316,1.978408517294867e-09,1.4431523943291361e-11
1014750,55,53,0.7747043371200562,6.118994214559863,9.000762504338898e-08,1.5503348971829562e-10
1014750,56,60,0.8303551077842712,5.79648134705231,9.729989805072271e-08,5.629829492683443e-12
1014750,57,58,0.8122212290763855,5.907977043052435,3.0377176756530663e-09,1.4971062467298092e-12
1014750,58,57,0.8187040090560913,5.881978135711778,2.466204270310391e-07,6.484591833231234e-10
1014750,59,54,0.8113835453987122,6.04856883654798,3.582448914646429e-10,4.4909626871277444e-14
1014750,60,62,0.920799195766449,5.2183293434780165,9.12643281591638e-10,7.254104256627242e-13
1014750,61,61,0.8713475465774536,5.457515038017741,1.5586964917583722e-08,6.159954375950057e-12
1014750,62,63,0.8892938494682312,5.573218704108912,5.840502135933899e-09,2.3813025504670848e-11
1014750,63,59,0.8983200192451477,5.349933968355255,9.73713779483556e-10,8.404037001485986e-13
1015000,0,12,0.22427713871002197,8.181423613463712,1.4558259904172062e-06,8.423495051138981e-11
1015000,1,4,0.10609962046146393,8.374881131238936,1.5622507916683342e-06,9.03927522854907e-11
1015000,2,2,0.1453363001346588,8.87829675455334,1.4511376887285418e-09,7.50083876762987e-12
1015000,3,0,0.15622512996196747,9.08981803614617,1.1662131454074545e-06,6.747778047359689e-11
1015000,4,3,0.15563996136188507,8.372705768507052,2.5753997819700204e-11,1.461936246678677e-14
1015000,5,15,0.2147616446018219,8.366108734084458,1.998934733732559e-09,1.3483609418790952e-09
1015000,6,9,0.19295936822891235,8.132583881789689,4.3101220653383733e-10,1.0419934314530979e-13
1015000,7,7,0.18770800530910492,8.147376909798322,9.09950367796871e-11,5.031650422804573e-13
1015000,8,1,0.14656925201416016,8.816696736834533,5.113738704814089e-07,9.66943694169948e-09
1015000,9,5,0.16560927033424377,8.89440031894938,4.7453389855032933e-07,1.755431926183178e-08
1015000,10,11,0.17302533984184265,8.718718269595646,9.913631204347223e-10,1.2672421577283608e-11
1015000,11,6,0.17666031420230865,8.292470777023107,9.067875963083428e-10,4.0477632930436e-12
1015000,12,19,0.3349968492984772,7.142369863151618,1.8536581884925076e-09,1.1875262689240787e-11
1015000,13,14,0.27478012442588806,7.3802346243570955,5.393604723681743e-09,2.073558952755249e-10
1015000,14,23,0.3297465741634369,7.426151528740465,1.1125783395442124e-10,8.317158054603604e-14
1015000,15,10,0.2422409951686859,7.9635463777694895,1.2925755043742254e-10,3.6279513854947195e-14
1015000,16,13,0.3082033097743988,7.756288920942213,7.740027549445869e-07,1.6270085275252935e-08
1015000,17,22,0.33904412388801575,7.729017642913719,3.35579605311886e-08,4.6904134743147e-08
1015000,18,8,0.24421173334121704,7.530240269142846,1.7500084035536784e-06,1.0125651845631327e-10
1015000,19,28,0.4370743930339813,7.401228974011006,4.120555360691997e-07,2.3841776364211106e-11
1015000,20,18,0.33975255489349365,7.7045713934493865,1.8511958233224256e-08,5.692584897044365e-10
1015000,21,16,0.28947582840919495,8.17266707364679,6.91749044886234e-07,4.0025007759062124e-11
1015000,22,17,0.30058395862579346,7.831137057047611,2.983182541045603e-07,1.8366458621907436e-09
1015000,23,20,0.35756784677505493,7.702497023735745,5.578248549388674e-07,3.2276075134730163e-11
1015000,24,27,0.3724038004875183,7.357350990227992,2.5195769073251563e-08,4.933669349730664e-08
1015000,25,26,0.41229674220085144,7.137774691954802,5.099912618832359e-08,1.9495105335493947e-09
1015000,26,21,0.3693772256374359,7.367001157318055,1.988263944750514e-06,2.4382220201838307e-07
1015000,27,24,0.472492516040802,6.987207981154855,1.0481414399305481e-06,6.064608195117078e-11
1015000,28,42,0.5686060190200806,6.5708412908201534,1.1983915845117535e-09,2.102994142818446e-12
1015000,29,29,0.42554906010627747,6.766810943186084,4.1040928504096054e-07,4.491273418160995e-09
1015000,30,31,0.429995059967041,6.850498717027943,1.3947835524010464e-10,3.603387771524637e-13
1015000,31,30,0.4337897300720215,6.809919506814694,5.257900845567749e-09,1.6231639636059328e-11
1015000,32,34,0.5403909683227539,6.760659871722627,1.2390336963898177e-09,3.7641015866691025e-12
1015000,33,37,0.585080087184906,6.5636668024269715,6.319484672833817e-07,3.8139989640193754e-09
1015000,34,32,0.46281343698501587,6.630115628295701,2.979363755217745e-08,1.7238774422777898e-12
1015000,35,25,0.4752611815929413,7.132488682289809,7.746768722407972e-07,1.599433662259891e-08
1015000,36,48,0.6846041083335876,5.985410700867064,1.0712607024537536e-06,6.198377611745225e-11
1015000,37,36,0.5855210423469543,6.497426174570256,1.4316962614273883e-06,8.28387901593356e-11
1015000,38,43,0.6131764650344849,6.497479307574383,3.1098249969571924e-09,1.631101981411164e-10
1015000,39,35,0.5857118368148804,6.609286666965838,2.10285913172056e-08,4.978694403730063e-09
1015000,40,40,0.6541029214859009,6.516836535976902,3.414734993456802e-07,1.9757858087209496e-11
1015000,41,33,0.5447933673858643,6.819351189191606,4.723027060918475e-08,5.527804012825269e-11
1015000,42,41,0.5875127911567688,6.343531090273515,3.597400963977881e-08,2.107442964430876e-11
1015000,43,38,0.5855953693389893,6.505480375900419,8.926333873560567e-09,4.843937911050651e-11
1015000,44,45,0.6819952726364136,6.146542663418741,4.661267114482128e-08,4.487477392746726e-11
1015000,45,47,0.6564654111862183,6.035263679595824,4.289984971470418e-10,2.3211168823854485e-12
1015000,46,39,0.6135221719741821,6.372076683422775,2.325565730143583e-09,6.243458886682298e-11
1015000,47,51,0.7001377940177917,5.95949728854467,6.4336611159150446e-09,8.725393108942492e-11
1015000,48,49,0.6759070158004761,5.923712139359784,3.2026751505078606e-07,6.468806545356326e-10
1015000,49,52,0.7790542840957642,5.948054712981076,4.767974658804826e-07,2.7587782610536205e-11
1015000,50,44,0.6558833718299866,6.28506059009501,8.95134492469044e-07,5.179300972127819e-11
1015000,51,46,0.7056530714035034,6.279775076566258,4.991299921517178e-08,6.356731277050026e-09
1015000,52,59,0.7828603982925415,5.8401420171461655,7.34496587955649e-09,4.955759797632265e-10
1015000,53,61,0.8950949311256409,5.523528445820235,1.660687559112921e-07,2.0616053420519487e-10
1015000,54,50,0.742831289768219,6.017009795598316,3.0096737831365244e-09,5.532726005793415e-12
1015000,55,56,0.7821947932243347,6.118994214559863,5.532646159922101e-07,3.2012217019460634e-11
1015000,56,53,0.8396077752113342,5.79648134705231,4.7364772341345775e-07,1.1889006508591024e-09
1015000,57,57,0.7974519729614258,5.907977043052435,9.400074946441654e-08,1.503414908295722e-10
1015000,58,54,0.8378866910934448,5.881978135711778,6.830184448809943e-08,3.193017782015868e-08
1015000,59,55,0.8041150569915771,6.04856883654798,1.1257764504712556e-10,9.93528077373147e-15
1015000,60,62,0.9199985265731812,5.2183293434780165,1.0147244279993068e-08,1.788525485000351e-11
1015000,61,60,0.8689969182014465,5.457515038017741,6.118703285137882e-08,3.540317811401084e-12
1015000,62,63,0.8802655339241028,5.573218704108912,3.4434485582910485e-09,8.68815696408237e-12
1015000,63,58,0.9024216532707214,5.349933968355255,2.211334634970827e-10,3.3676594625234236e-14
1015250,0,8,0.218998983502388,8.181423613463712,1.4419046058754867e-06,8.342945099040247e-11
1015250,1,1,0.10510210692882538,8.374881131238936,4.473547517765272e-07,2.1180490994981918e-08
1015250,2,6,0.12457729130983353,8.87829675455334,2.217661688022186e-11,7.515675929996975e-15
1015250,3,0,0.1538434624671936,9.08981803614617,1.3769365646238397e-06,7.96703618027681e-11
1015250,4,3,0.1609141081571579,8.372705768507052,3.607219097934598e-10,9.42659689357357e-13
1015250,5,14,0.2209673374891281,8.366108734084458,4.1573331683187264e-10,5.894597538923e-13
1015250,6,10,0.177420511841774,8.132583881789689,4.724823292702056e-11,1.4045510108615763e-14
1015250,7,7,0.1711081564426422,8.147376909798322,5.458231885932019e-10,1.9530457560242344e-11
1015250,8,4,0.19139431416988373,8.816696736834533,1.4237309919983117e-06,8.237791497192678e-11
1015250,9,5,0.14534813165664673,8.89440031894938,4.086681979381693e-07,4.837062817466561e-09
1015250,10,11,0.17709007859230042,8.718718269595646,9.657787946585802e-10,2.952203769786189e-12
1015250,11,2,0.19005116820335388,8.292470777023107,6.391350759364705e-08,1.631442793139319e-08
1015250,12,23,0.38158348202705383,7.142369863151618,2.811792628843879e-10,3.71879046346253e-13
1015250,13,15,0.2855806350708008,7.3802346243570955,3.9046959328870187e-10,6.702474968843565e-12
1015250,14,19,0.3006865680217743,7.426151528740465,3.7124186693347294e-10,3.660049449447864e-12
1015250,15,9,0.2573316991329193,7.9635463777694895,1.5793533593869287e-08,7.805371677671392e-12
1015250,16,18,0.3038162291049957,7.756288920942213,5.407587092642736e-10,7.02908381228607e-13
1015250,17,22,0.32252591848373413,7.729017642913719,6.916144037830834e-08,5.304374969071792e-09
1015250,18,16,0.30381742119789124,7.530240269142846,1.6295791788215429e-06,9.42884124792182e-11
1015250,19,24,0.4341835677623749,7.401228974011006,8.420619444380786e-07,4.8722200787842026e-11
1015250,20,13,0.3268447816371918,7.7045713934493865,4.5989818300036725e-07,7.188533634682017e-09
1015250,21,12,0.2917253375053406,8.17266707364679,1.3536453966293675e-06,7.832272108452238e-11
1015250,22,17,0.3307682275772095,7.831137057047611,3.221216796876441e-08,3.40518291660229e-11
1015250,23,20,0.35866445302963257,7.702497023735745,9.34689482574897e-07,5.408168477995765e-11
1015250,24,27,0.4141589403152466,7.357350990227992,2.1913396212776483e-09,4.707646898583493e-11
1015250,25,26,0.4114972651004791,7.137774691954802,9.603812894169322e-08,2.9490895393089175e-07
1015250,26,21,0.3919270634651184,7.367001157318055,1.305933865175321e-06,9.477186555366135e-08
1015250,27,30,0.46323490142822266,6.987207981154855,2.2735518661564867e-08,6.726102139179635e-10
1015250,28,42,0.56600421667099,6.5708412908201534,1.5992951684524876e-08,4.3490737954580186e-10
1015250,29,28,0.46290987730026245,6.766810943186084,7.986782875147873e-07,4.6211996808800966e-11
1015250,30,31,0.4471968710422516,6.850498717027943,3.476282947195737e-10,3.0328969899099233e-12
1015250,31,29,0.4414821267127991,6.809919506814694,4.621191559293281e-07,2.9059373026378773e-09
1015250,32,34,0.5480133891105652,6.760659871722627,4.880614921494626e-08,4.952221069095376e-10
1015250,33,33,0.5894261598587036,6.5636668024269715,1.8347413325497542e-06,2.231117119872113e-07
1015250,34,32,0.4934518039226532,6.630115628295701,6.935153760894187e-07,4.012720872433295e-11
1015250,35,25,0.45352160930633545,7.132488682289809,1.981494203624343e-07,4.270959555872528e-10
1015250,36,49,0.7322059869766235,5.985410700867064,1.2062487187708704e-06,5.779821511327624e-08
1015250,37,40,0.6002393960952759,6.497426174570256,1.775284710674713e-06,1.0271902049533828e-10
1015250,38,47,0.6615927219390869,6.497479307574383,1.2203546076618515e-08,1.8963362560543588e-09
1015250,39,35,0.5936004519462585,6.609286666965838,9.653786795646362e-10,3.512594192084148e-12
1015250,40,36,0.6201704740524292,6.516836535976902,9.948061687050153e-07,5.756007169873213e-11
1015250,41,37,0.6065034866333008,6.819351189191606,2.0078415050667483e-07,2.2248713393313497e-10
1015250,42,38,0.577350378036499,6.343531090273515,9.836894007050606e-09,3.908263814750326e-10
1015250,43,45,0.6501571536064148,6.505480375900419,2.0201154546857374e-07,2.6712676221027533e-10
1015250,44,41,0.6747783422470093,6.146542663418741,7.70594869331897e-08,5.4011144377899276e-11
1015250,45,43,0.6737870573997498,6.035263679595824,5.570930506407396e-10,1.1646808036708942e-12
1015250,46,39,0.5816823840141296,6.372076683422775,2.0019896371442105e-10,1.4654406576039721e-12
1015250,47,51,0.693166196346283,5.95949728854467,3.150419181503062e-09,1.1618513988765431e-11
1015250,48,48,0.6952375173568726,5.923712139359784,6.453547834190849e-07,3.734060842533562e-11
1015250,49,52,0.7535080909729004,5.948054712981076,1.3154229831320135e-06,7.611114969441882e-11
1015250,50,44,0.6480676531791687,6.28506059009501,1.963998812234027e-06,1.1363812972287333e-10
1015250,51,46,0.6744251847267151,6.279775076566258,1.859624217816385e-07,1.8477767800067068e-07
1015250,52,54,0.8281084895133972,5.8401420171461655,8.187456082921671e-08,1.0446724430434017e-08
1015250,53,61,0.8827665448188782,5.523528445820235,1.4477836314299086e-08,9.262982737661517e-12
1015250,54,50,0.7434386610984802,6.017009795598316,2.5285600977280605e-08,1.2647053846607695e-10
1015250,55,56,0.7958356738090515,6.118994214559863,3.070348001649422e-07,1.7765214639255485e-11
1015250,56,57,0.8284751772880554,5.79648134705231,2.8497988896439857e-08,1.741178808833263e-11
1015250,57,53,0.810194730758667,5.907977043052435,2.837224019183036e-07,3.842923227315453e-10
1015250,58,58,0.8321071267127991,5.881978135711778,5.849983906802791e-10,3.057030874383361e-13
1015250,59,55,0.7797467708587646,6.04856883654798,1.9519599348654566e-10,2.8319881449338766e-13
1015250,60,63,0.9196772575378418,5.2183293434780165,1.0859877627284685e-09,6.60037910196101e-13
1015250,61,60,0.8640608191490173,5.457515038017741,6.911343365346236e-08,3.998944037125769e-12
1015250,62,59,0.8804696798324585,5.573218704108912,5.535202195042496e-10,1.4066109295181862e-13
1015250,63,62,0.9014118313789368,5.349933968355255,1.4796997391791603e-10,1.2098590181457528e-14
1015500,0,8,0.1765059232711792,8.181423613463712,1.4188887652763658e-06,8.209774087765117e-11
1015500,1,1,0.12055366486310959,8.374881131238936,2.664223808880276e-07,3.7799494960618115e-09
1015500,2,6,0.12980011105537415,8.87829675455334,1.3199529367060005e-10,5.567101491493279e-14
1015500,3,0,0.12329281866550446,9.08981803614617,4.3114607266996313e-07,2.4946366072312376e-11
1015500,4,3,0.1190418004989624,8.372705768507052,6.090049757450537e-11,3.888604687621561e-13
1015500,5,14,0.215074360370636,8.366108734084458,7.9893065723495e-11,2.6601152792889614e-14
1015500,6,10,0.21461498737335205,8.132583881789689,2.1819559624024314e-11,5.585294650984243e-15
1015500,7,7,0.16232270002365112,8.147376909798322,1.0588406165672806e-09,1.4327467557442472e-10
1015500,8,4,0.16986621916294098,8.816696736834533,1.4295393526589898e-06,8.271399014576284e-11
1015500,9,5,0.14586204290390015,8.89440031894938,2.787735475272864e-08,4.021756495618014e-11
1015500,10,11,0.184742733836174,8.718718269595646,3.23958809411302e-11,7.505869918103965e-15
1015500,11,2,0.17123746871948242,8.292470777023107,6.118149348246098e-09,4.05162134574137e-10
1015500,12,23,0.3609224557876587,7.142369863151618,8.690222155422612e-10,2.9365789036738586e-12
1015500,13,15,0.28948697447776794,7.3802346243570955,7.12123675238412e-10,6.9133274153233045e-12
1015500,14,19,0.28184083104133606,7.426151528740465,2.0137016862988588e-10,1.5934890113068776e-13
1015500,15,9,0.24372997879981995,7.9635463777694895,2.29249360327196e-09,5.820632360724363e-13
1015500,16,18,0.31673288345336914,7.756288920942213,1.8975503274796054e-09,3.796989824710254e-12
1015500,17,22,0.3428047001361847,7.729017642913719,9.310496332634735e-09,2.088616978929141e-10
1015500,18,16,0.30929243564605713,7.530240269142846,1.8764883523402132e-06,1.0857472289616097e-10
1015500,19,24,0.42667195200920105,7.401228974011006,5.447629204090427e-07,3.152030389837005e-11
1015500,20,13,0.3174611032009125,7.7045713934493865,3.694091820949481e-07,4.0162012375370424e-09
1015500,21,12,0.27708548307418823,8.17266707364679,1.819503966749801e-06,1.0527757273417267e-10
1015500,22,17,0.32179445028305054,7.831137057047611,3.5553496013672864e-07,1.877830967120866e-09
1015500,23,20,0.3621852397918701,7.702497023735745,1.2728358688993432e-06,7.36470341452907e-11
1015500,24,27,0.3515126407146454,7.357350990227992,3.141656121519624e-10,1.2940928469235891e-12
1015500,25,26,0.39921486377716064,7.137774691954802,1.9198594839098626e-08,6.928157716580833e-10
1015500,26,21,0.3892863988876343,7.367001157318055,2.5010744513918303e-07,1.467752552912592e-09
1015500,27,30,0.49138143658638,6.987207981154855,6.974749395344112e-09,5.2113316402538355e-11
1015500,28,42,0.5628213286399841,6.5708412908201534,3.223412857154522e-07,5.426779894449066e-07
1015500,29,28,0.4980141520500183,6.766810943186084,1.9804863344518846e-06,1.1459210748341549e-10
1015500,30,31,0.4006947875022888,6.850498717027943,3.0900709939280995e-09,8.661145754921914e-11
1015500,31,29,0.40890932083129883,6.809919506814694,9.436750666734954e-08,1.7291935682028363e-10
1015500,32,34,0.5372108221054077,6.760659871722627,5.568251207753618e-08,1.3655804688046984e-08
1015500,33,33,0.557095468044281,6.5636668024269715,8.912565688355791e-07,1.1716949714855519e-08
1015500,34,32,0.46262499690055847,6.630115628295701,1.5376019615872322e-06,8.896655643810753e-11
1015500,35,25,0.43814897537231445,7.132488682289809,4.4762856458264874e-07,4.05522903476938e-09
1015500,36,49,0.693568229675293,5.985410700867064,2.2501306160580213e-07,5.054749140457602e-10
1015500,37,40,0.5780757665634155,6.497426174570256,1.94577677765721e-06,1.1258379205415611e-10
1015500,38,47,0.6524956226348877,6.497479307574383,2.0666636427774244e-09,2.422913988136409e-11
1015500,39,35,0.6077262759208679,6.609286666965838,1.505881786057576e-09,7.783920627901108e-12
1015500,40,36,0.6194337606430054,6.516836535976902,2.568932271329497e-07,1.4863993648069083e-11
1015500,41,37,0.5721529126167297,6.819351189191606,9.357224323366585e-07,2.704844087213048e-08
1015500,42,38,0.5592367649078369,6.343531090273515,3.910417781353826e-08,3.598600412119933e-09
1015500,43,45,0.6092613339424133,6.505480375900419,2.4847512919141268e-08,1.2547260859147385e-11
1015500,44,41,0.6686244606971741,6.146542663418741,2.5341450834480987e-08,1.4484211932279059e-11
1015500,45,43,0.6225239634513855,6.035263679595824,7.191918916139511e-09,1.4085778606802494e-09
1015500,46,39,0.6385930776596069,6.372076683422775,1.067056773047131e-08,1.2639657748444917e-09
1015500,47,51,0.6962042450904846,5.95949728854467,9.435080709725051e-10,4.359493266091101e-12
1015500,48,48,0.6774619221687317,5.923712139359784,7.886988116061174e-07,4.563457844642149e-11
1015500,49,52,0.7757042646408081,5.948054712981076,1.5024793265152976e-06,8.693434005607523e-11
1015500,50,44,0.6718123555183411,6.28506059009501,1.1041088247357781e-06,6.388438784785943e-11
1015500,51,46,0.6443895101547241,6.279775076566258,6.655837925692232e-09,5.523539572535692e-11
1015500,52,54,0.7771409749984741,5.8401420171461655,3.27113478484072e-08,1.3197744411117694e-10
1015500,53,61,0.8498109579086304,5.523528445820235,4.833997074484202e-08,2.4233956012214762e-11
1015500,54,50,0.7417910695075989,6.017009795598316,2.9404426769181527e-08,5.316884940290969e-10
1015500,55,56,0.78573077917099,6.118994214559863,1.840416888626692e-07,1.0648760672926843e-11
1015500,56,57,0.8317447304725647,5.79648134705231,4.859311925802908e-07,1.7249267789524435e-09
1015500,57,53,0.7682124376296997,5.907977043052435,1.3643611189667363e-07,2.829697244225933e-10
1015500,58,58,0.8171141743659973,5.881978135711778,4.264779612706848e-08,1.1631751821468963e-09
1015500,59,55,0.7781263589859009,6.04856883654798,1.1668247153139598e-09,7.009701389419092e-12
1015500,60,63,0.9245139360427856,5.2183293434780165,1.0186740486339879e-08,3.211323642786289e-11
1015500,61,60,0.8528162837028503,5.457515038017741,1.0694950786944218e-08,6.188161608530004e-13
1015500,62,59,0.8698406219482422,5.573218704108912,8.236809059546864e-09,1.3529221610899849e-10
1015500,63,62,0.89645916223526,5.349933968355255,4.450935368185344e-09,2.101548424127581e-12
1015750,0,8,0.23443464934825897,8.181423613463712,1.2807914222870028e-06,7.410734715681234e-11
1015750,1,1,0.12305625528097153,8.374881131238936,9.320981726143378e-08,2.183815583458015e-10
1015750,2,3,0.13254065811634064,8.87829675455334,7.691264284043268e-09,3.615897813690632e-08
1015750,3,0,0.12053089588880539,9.08981803614617,1.4476521265299893e-06,8.376200592559543e-11
1015750,4,2,0.1099393293261528,8.372705768507052,3.341229040592741e-10,4.721038520853746e-13
1015750,5,11,0.2211463302373886,8.366108734084458,2.0576645573526291e-10,1.982920232689166e-13
1015750,6,7,0.1783376932144165,8.132583881789689,4.0080145679897584e-10,6.1136542640357e-12
1015750,7,10,0.19474665820598602,8.147376909798322,6.189802704193959e-11,2.751260911174921e-14
1015750,8,4,0.1880943328142166,8.816696736834533,1.5209677634237966e-06,8.800409192083915e-11
1015750,9,5,0.18451383709907532,8.89440031894938,1.9032228547327715e-07,9.469272589868952e-10
1015750,10,9,0.19059422612190247,8.718718269595646,6.713911439808442e-08,7.125288822468712e-11
1015750,11,6,0.17800669372081757,8.292470777023107,1.0136265681045797e-09,2.9618982464552285e-12
1015750,12,23,0.3515968322753906,7.142369863151618,2.4884733556939105e-11,1.088292030441261e-14
1015750,13,19,0.2622544765472412,7.3802346243570955,6.194691708710754e-10,7.711083292278571e-13
1015750,14,15,0.3044329881668091,7.426151528740465,1.2197113835780581e-09,2.176676829852594e-12
1015750,15,14,0.2648641765117645,7.9635463777694895,2.944893666757712e-10,1.889464173359552e-13
1015750,16,18,0.32528892159461975,7.756288920942213,1.02155643862046e-09,9.192438638307842e-12
1015750,17,22,0.3566317856311798,7.729017642913719,5.688453046192239e-08,1.4694551703832658e-08
1015750,18,12,0.32368743419647217,7.530240269142846,1.9095234343468555e-06,1.1048615222651074e-10
1015750,19,24,0.4413614571094513,7.401228974011006,1.0915413171482567e-06,6.315722444601415e-11
1015750,20,21,0.3375200927257538,7.7045713934493865,4.0506473641577833e-07,1.7281261059293745e-09
1015750,21,16,0.2745315134525299,8.17266707364679,1.1461916919338466e-06,6.63193273661399e-11
1015750,22,13,0.30774086713790894,7.831137057047611,3.764132217955036e-08,5.062879905966916e-11
1015750,23,20,0.38358983397483826,7.702497023735745,2.1062273343091815e-06,1.218675559023549e-10
1015750,24,27,0.38214805722236633,7.357350990227992,1.1495250340233875e-09,7.816499311694576e-11
1015750,25,26,0.398298978805542,7.137774691954802,1.86608000326016e-08,1.3678911343026974e-09
1015750,26,17,0.3471825122833252,7.367001157318055,4.905648815837831e-07,5.328303481660215e-09
1015750,27,30,0.483746737241745,6.987207981154855,1.2828977063616227e-06,0.0011092759591552076
1015750,28,34,0.5368514657020569,6.5708412908201534,1.3419499453743592e-08,2.738318799630813e-10
1015750,29,28,0.48235923051834106,6.766810943186084,1.3417498154372411e-06,7.763443574024437e-11
1015750,30,31,0.4684726297855377,6.850498717027943,3.748953093087252e-10,1.8186857907618646e-12
1015750,31,29,0.4671296179294586,6.809919506814694,6.173114768347788e-09,1.961724437514021e-12
1015750,32,35,0.553154706954956,6.760659871722627,2.4583556640809523e-08,1.3124500870473033e-08
1015750,33,33,0.5595766305923462,6.5636668024269715,2.844652850524256e-07,9.204702705262298e-10
1015750,34,32,0.47639909386634827,6.630115628295701,1.121467647224772e-06,6.488877955601772e-11
1015750,35,25,0.43979716300964355,7.132488682289809,3.1385226982628513e-07,5.533587528399192e-09
1015750,36,53,0.7591941356658936,5.985410700867064,1.0078475933898205e-07,7.735017252397196e-11
1015750,37,37,0.6152423620223999,6.497426174570256,5.528386868628103e-07,3.805772282282418e-09
1015750,38,51,0.6959627270698547,6.497479307574383,1.0734315325454927e-09,3.104293866443131e-12
1015750,39,42,0.6390484571456909,6.609286666965838,1.2862905987653693e-08,3.0616491444392104e-10
1015750,40,36,0.6245334148406982,6.516836535976902,1.022668975342416e-06,5.917223012539772e-11
1015750,41,40,0.5923035144805908,6.819351189191606,1.016790919588735e-06,5.883212235237138e-11
1015750,42,38,0.6323800086975098,6.343531090273515,1.269045654596859e-09,1.16078198526941e-12
1015750,43,41,0.6436725854873657,6.505480375900419,4.6057865245576267e-08,3.882834994507639e-11
1015750,44,46,0.691744327545166,6.146542663418741,2.5322386727185043e-09,9.62972390678896e-13
1015750,45,43,0.6648066639900208,6.035263679595824,8.605340584074497e-10,2.594081880451963e-12
1015750,46,39,0.6429837942123413,6.372076683422775,9.642631316152161e-09,1.1382447347201231e-09
1015750,47,45,0.6898846626281738,5.95949728854467,2.529324092987167e-07,5.549130097606676e-10
1015750,48,44,0.6822604537010193,5.923712139359784,3.130574019929806e-07,1.811368593340324e-11
1015750,49,57,0.769140362739563,5.948054712981076,1.2030651814343576e-06,1.4225737748122786e-08
1015750,50,48,0.6843675971031189,6.28506059009501,3.155070549844487e-07,1.8255424300395342e-11
1015750,51,47,0.6598566174507141,6.279775076566258,6.576903566062829e-11,1.2150793301628594e-14
1015750,52,58,0.8323752284049988,5.8401420171461655,5.223876672238992e-08,6.706417887614765e-10
1015750,53,61,0.8671854734420776,5.523528445820235,2.8107989443579864e-08,8.321788168185611e-12
1015750,54,50,0.74335777759552,6.017009795598316,2.0746580755359397e-08,1.655366024245843e-10
1015750,55,52,0.7784642577171326,6.118994214559863,1.5176152343052178e-06,8.781011260857909e-11
1015750,56,60,0.8242834806442261,5.79648134705231,7.066667423595793e-07,4.088815453393939e-11
1015750,57,49,0.7846646904945374,5.907977043052435,1.8061117451736134e-07,1.460811147782842e-10
1015750,58,54,0.8476870656013489,5.881978135711778,1.0137627854374476e-09,4.627200590778406e-13
1015750,59,55,0.7777237892150879,6.04856883654798,1.133564226039567e-09,6.232690936865985e-12
1015750,60,59,0.9180504083633423,5.2183293434780165,2.732786052950613e-09,2.8319293994686884e-12
1015750,61,56,0.8637271523475647,5.457515038017741,1.2552234326874091e-08,7.262796819753157e-13
1015750,62,63,0.8795607686042786,5.573218704108912,2.8906371290599785e-10,2.4676436785116603e-13
1015750,63,62,0.8977080583572388,5.349933968355255,2.21266678923844e-09,9.344516372520842e-13
1016000,0,8,0.21929310262203217,8.181423613463712,1.3079051758281357e-06,7.567616492950565e-11
1016000,1,1,0.1316327452659607,8.374881131238936,3.7286480986525945e-07,4.167573300507132e-09
1016000,2,3,0.13898739218711853,8.87829675455334,5.319833405238814e-10,3.0989713957733724e-11
1016000,3,0,0.1186893880367279,9.08981803614617,1.465823788643348e-06,8.481342901386547e-11
1016000,4,2,0.1508738398551941,8.372705768507052,2.45604396965377e-10,6.828221117391377e-13
1016000,5,11,0.19471195340156555,8.366108734084458,1.9089448754012403e-10,1.4735930510057572e-12
1016000,6,7,0.20819319784641266,8.132583881789689,8.983124008601986e-11,2.0192036927368035e-13
1016000,7,10,0.21665698289871216,8.147376909798322,1.1516723282362758e-10,2.7770409646538616e-14
1016000,8,4,0.1426013559103012,8.816696736834533,5.150992557030731e-07,2.980394676163715e-11
1016000,9,5,0.19910171627998352,8.89440031894938,1.5949011187106014e-07,5.763659115767601e-10
1016000,10,9,0.16531912982463837,8.718718269595646,1.9100965077514724e-08,2.4947984681468044e-11
1016000,11,6,0.19492648541927338,8.292470777023107,5.817947895098237e-11,1.633150201424131e-13
1016000,12,23,0.38195061683654785,7.142369863151618,2.1520569959711126e-10,1.9970633968343005e-12
1016000,13,19,0.29182103276252747,7.3802346243570955,2.627899405214372e-09,8.638277819881811e-10
1016000,14,15,0.29427802562713623,7.426151528740465,5.883330495605607e-09,1.271061138930827e-08
1016000,15,14,0.2759941816329956,7.9635463777694895,1.6844074483350433e-08,1.429395803612174e-09
1016000,16,18,0.337173730134964,7.756288920942213,4.064032994685692e-08,1.1042355653746323e-08
1016000,17,22,0.37085410952568054,7.729017642913719,3.2896163844132295e-09,2.950854079773914e-11
1016000,18,12,0.3108100891113281,7.530240269142846,1.7911677109754184e-06,1.0363802026118179e-10
1016000,19,24,0.43276482820510864,7.401228974011006,8.99659468942579e-07,5.205482752905356e-11
1016000,20,21,0.35931527614593506,7.7045713934493865,1.5623357087960708e-07,4.455412004662503e-10
1016000,21,16,0.3013067841529846,8.17266707364679,1.8903045590790771e-06,1.0937413676743676e-10
1016000,22,13,0.3121293783187866,7.831137057047611,8.35028283242343e-07,1.5892155449490263e-08
1016000,23,20,0.3621505796909332,7.702497023735745,4.0362924139978697e-07,2.3354225984464817e-11
1016000,24,27,0.42968904972076416,7.357350990227992,4.021700683639125e-09,1.8652149330780636e-11
1016000,25,26,0.39441990852355957,7.137774691954802,2.013053032303081e-08,2.2265114935018387e-09
1016000,26,17,0.38236862421035767,7.367001157318055,9.667286944917686e-08,3.132218014083356e-10
1016000,27,30,0.4726516902446747,6.987207981154855,3.843621634492611e-08,8.945662980655764e-10
1016000,28,34,0.5607556104660034,6.5708412908201534,8.613595148793155e-08,1.894482718132043e-08
1016000,29,28,0.4775051474571228,6.766810943186084,2.3080292886762157e-06,1.3354393601309697e-10
1016000,30,31,0.49174192547798157,6.850498717027943,9.466199608863474e-10,6.685215379226295e-12
1016000,31,29,0.5085204243659973,6.809919506814694,1.0839202140710652e-08,4.190889350693589e-12
1016000,32,35,0.5315960049629211,6.760659871722627,9.381088831543972e-10,9.017976382052362e-12
1016000,33,33,0.5652272701263428,6.5636668024269715,2.9934966397565303e-07,2.01720312575081e-09
1016000,34,32,0.47718334197998047,6.630115628295701,1.9060707866888127e-06,1.1028637999650305e-10
1016000,35,25,0.4615757167339325,7.132488682289809,5.835714835587612e-07,4.179425403065392e-09
1016000,36,53,0.7387362122535706,5.985410700867064,1.3478946571242886e-06,2.365330176831494e-08
1016000,37,37,0.6033540964126587,6.497426174570256,1.877875997526754e-06,2.0874918713399527e-07
1016000,38,51,0.7119246125221252,6.497479307574383,5.056769072456024e-10,6.695829329331871e-13
1016000,39,42,0.6389936208724976,6.609286666965838,3.6001597502449874e-08,1.6540938794069387e-09
1016000,40,36,0.6383377909660339,6.516836535976902,1.2528827216042233e-06,7.249253327361082e-11
1016000,41,40,0.5948569178581238,6.819351189191606,1.6067123351062715e-06,9.296532341405059e-11
1016000,42,38,0.6014614701271057,6.343531090273515,4.1228747563072196e-10,2.5052401415971656e-13
1016000,43,41,0.6403349041938782,6.505480375900419,5.2015721370560623e-08,5.3327971548686384e-11
1016000,44,46,0.6713551878929138,6.146542663418741,5.102096176169592e-10,1.4008295975771314e-13
1016000,45,43,0.6749758124351501,6.035263679595824,3.331911316993493e-10,1.8047520157870274e-12
1016000,46,39,0.6607261300086975,6.372076683422775,1.4024910457879389e-08,2.3192067832227155e-09
1016000,47,45,0.68754643201828,5.95949728854467,1.902138872737005e-07,3.299496535945272e-10
1016000,48,44,0.6775161027908325,5.923712139359784,1.8890174024757306e-06,1.0929966112714921e-10
1016000,49,57,0.7933894395828247,5.948054712981076,4.5877155498504013e-07,3.540862759055435e-09
1016000,50,48,0.6625398993492126,6.28506059009501,9.381005340911887e-07,5.427905023266831e-11
1016000,51,47,0.6952699422836304,6.279775076566258,4.167979890330956e-08,5.035674551954178e-08
1016000,52,58,0.7992561459541321,5.8401420171461655,2.311508253971233e-08,1.4738085796617496e-10
1016000,53,61,0.8389265537261963,5.523528445820235,7.363195385378784e-07,5.735011894757518e-09
1016000,54,50,0.7703284025192261,6.017009795598316,4.0472478103503897e-10,1.0316580295055692e-13
1016000,55,52,0.7483193278312683,6.118994214559863,6.868027692040959e-07,3.973881333057745e-11
1016000,56,60,0.8173686861991882,5.79648134705231,3.10606545797943e-07,1.7971877948342873e-11
1016000,57,49,0.7820900082588196,5.907977043052435,4.2686436622671134e-07,3.4765669960456238e-09
1016000,58,54,0.8325216174125671,5.881978135711778,3.203581352092369e-08,5.043349951557078e-10
1016000,59,55,0.8037806749343872,6.04856883654798,2.0803075665914285e-09,6.31513737502847e-11
1016000,60,59,0.8960028290748596,5.2183293434780165,2.0520879150644558e-08,7.452727876894861e-10
1016000,61,56,0.8728410601615906,5.457515038017741,6.720323035927942e-08,3.888418547808147e-12
1016000,62,63,0.8772609233856201,5.573218704108912,1.0909482935276245e-09,1.3257651525911497e-12
1016000,63,62,0.887764036655426,5.349933968355255,2.8620751096474528e-09,4.780328090501536e-12
1016250,0,8,0.21257860958576202,8.181423613463712,1.4979271590076547e-06,8.667094895902801e-11
1016250,1,4,0.138218492269516,8.374881131238936,1.3228179505713186e-06,7.653902687231196e-11
1016250,2,2,0.1343519538640976,8.87829675455334,6.728512201737476e-10,4.526028596402996e-13
1016250,3,0,0.10395079851150513,9.08981803614617,6.954272682630806e-07,4.02378319332134e-11
1016250,4,3,0.11804395914077759,8.372705768507052,9.027572814540572e-11,3.917498978956071e-13
1016250,5,7,0.2066909521818161,8.366108734084458,1.5828942486680596e-10,1.692396251784248e-13
1016250,6,6,0.19092513620853424,8.132583881789689,2.1646660205548783e-09,2.5591319977619606e-11
1016250,7,11,0.20998764038085938,8.147376909798322,6.672721739951099e-10,3.900040747920965e-11
1016250,8,1,0.160749614238739,8.816696736834533,6.443261002996734e-07,2.0646892157961452e-08
1016250,9,9,0.20512203872203827,8.89440031894938,5.3652039586760374e-08,1.589166395885348e-10
1016250,10,5,0.18441498279571533,8.718718269595646,3.48565944222343e-08,4.652543851570105e-11
1016250,11,10,0.20547941327095032,8.292470777023107,8.606845345514769e-10,9.502334695478794e-12
1016250,12,23,0.3702702820301056,7.142369863151618,1.1341124465731047e-10,1.1388515904368475e-12
1016250,13,19,0.3309831917285919,7.3802346243570955,4.846620982784466e-10,1.0485596638838379e-11
1016250,14,15,0.2927936017513275,7.426151528740465,1.5827146320764628e-10,1.3393303127718751e-12
1016250,15,14,0.27444639801979065,7.9635463777694895,1.2330848260332474e-09,1.242652487548665e-11
1016250,16,18,0.33752092719078064,7.756288920942213,3.477549827748888e-08,6.422440515625889e-09
1016250,17,22,0.34962591528892517,7.729017642913719,3.089113649413619e-07,8.274932357918942e-06
1016250,18,20,0.3234924077987671,7.530240269142846,6.11612105967617e-07,3.538823720517925e-11
1016250,19,24,0.45214390754699707,7.401228974011006,8.616878913810694e-07,4.9857769654151626e-11
1016250,20,21,0.3388059139251709,7.7045713934493865,1.3328779480128133e-07,5.7423698889096e-10
1016250,21,12,0.2680183947086334,8.17266707364679,1.207635709877406e-06,6.98745144865549e-11
1016250,22,16,0.323598176240921,7.831137057047611,1.991076394265299e-06,1.1520485459067065e-10
1016250,23,13,0.3206964433193207,7.702497023735745,5.352549714998689e-07,5.036019636416852e-09
1016250,24,27,0.42344793677330017,7.357350990227992,5.099139945515465e-09,1.8207295528931596e-10
1016250,25,26,0.4223783612251282,7.137774691954802,9.55027583241832e-08,2.0746961350655362e-08
1016250,26,17,0.3623431324958801,7.367001157318055,1.8776667952360642e-06,1.6637564568493037e-07
1016250,27,30,0.47524717450141907,6.987207981154855,1.5999583512142848e-08,2.054416818849329e-09
1016250,28,29,0.5291697382926941,6.5708412908201534,2.428159833917139e-07,1.2957045304659123e-09
1016250,29,32,0.4998239576816559,6.766810943186084,1.02908551556123e-06,5.954349492719665e-11
1016250,30,35,0.559550404548645,6.850498717027943,3.141919615426563e-10,2.6319362428237733e-13
1016250,31,34,0.5258734822273254,6.809919506814694,1.7210623573437222e-08,5.872449961173042e-10
1016250,32,31,0.5455687046051025,6.760659871722627,4.260302933832904e-10,1.0999249408441014e-12
1016250,33,33,0.5391344428062439,6.5636668024269715,1.0999425109145253e-06,6.559531232555819e-08
1016250,34,25,0.46141448616981506,6.630115628295701,1.662759067942147e-08,7.0402951382943634e-12
1016250,35,28,0.4639908969402313,7.132488682289809,1.44345611398029e-06,8.351922216448933e-11
1016250,36,52,0.7566630840301514,5.985410700867064,1.6257629745706144e-06,9.406760465030578e-11
1016250,37,37,0.6083001494407654,6.497426174570256,1.0055039243120503e-06,1.126670471788626e-08
1016250,38,43,0.6690942645072937,6.497479307574383,1.461746571970379e-08,3.763132045604093e-08
1016250,39,41,0.6523487567901611,6.609286666965838,2.334975619176948e-08,8.919275055982138e-12
1016250,40,40,0.6318650841712952,6.516836535976902,3.6511003364317507e-07,2.1125481903459517e-11
1016250,41,36,0.5657396912574768,6.819351189191606,6.122777887893581e-07,3.542675400589209e-11
1016250,42,39,0.6043620109558105,6.343531090273515,7.472930562531358e-10,1.9542160525828204e-12
1016250,43,42,0.6137235760688782,6.505480375900419,1.16075449590292e-08,1.5302896209520494e-10
1016250,44,47,0.676070511341095,6.146542663418741,1.4349394532143689e-09,2.6778458454039502e-12
1016250,45,51,0.7004773616790771,6.035263679595824,1.879947750520992e-09,9.083317120139982e-11
1016250,46,38,0.6261539459228516,6.372076683422775,7.253747392496225e-09,4.291607115354802e-11
1016250,47,45,0.741765558719635,5.95949728854467,9.778683225727277e-07,1.6330323327092875e-08
1016250,48,48,0.7225302457809448,5.923712139359784,1.379884326202364e-06,7.984092102641214e-11
1016250,49,53,0.8204426765441895,5.948054712981076,2.9173824349574405e-07,6.669260862835758e-10
1016250,50,44,0.6789869070053101,6.28506059009501,7.574919656654183e-07,4.3828931933215586e-11
1016250,51,46,0.7280234694480896,6.279775076566258,3.2247929966193065e-08,1.6599923955672355e-10
1016250,52,50,0.8023204803466797,5.8401420171461655,1.918013790207483e-08,8.289579793163153e-11
1016250,53,60,0.8650516271591187,5.523528445820235,2.563211505277494e-07,1.4830892958257937e-11
1016250,54,55,0.7826046347618103,6.017009795598316,1.831001331595294e-08,1.645751938029727e-10
1016250,55,49,0.74576336145401,6.118994214559863,1.0192937061606434e-07,8.827767703387518e-11
1016250,56,57,0.8188043236732483,5.79648134705231,2.7523557499029164e-07,3.2477867223943477e-10
1016250,57,56,0.8086476922035217,5.907977043052435,2.6668619096228614e-07,1.5430620311525962e-11
1016250,58,54,0.8441086411476135,5.881978135711778,3.664812159957831e-08,1.2531588455919865e-09
1016250,59,58,0.8100402355194092,6.04856883654798,1.572590997008612e-09,5.282179851202608e-13
1016250,60,62,0.912717878818512,5.2183293434780165,3.6607917225394026e-10,6.428475466525967e-14
1016250,61,61,0.8777379393577576,5.457515038017741,2.5714736996179985e-08,1.4239346181630906e-11
1016250,62,63,0.8823942542076111,5.573218704108912,2.739216310286548e-10,1.504097687967218e-13
1016250,63,59,0.9093480706214905,5.349933968355255,5.529517550890147e-10,2.9284800390091154e-13
1016500,0,12,0.18283964693546295,8.181423613463712,1.4598196847767566e-06,8.44660280226779e-11
1016500,1,4,0.1620330810546875,8.374881131238936,1.2382363272341445e-06,7.16450842563145e-11
1016500,2,2,0.13974063098430634,8.87829675455334,1.7818558724703738e-09,1.859869546376681e-11
1016500,3,0,0.11513549834489822,9.08981803614617,8.048863437851352e-07,4.6571198606369544e-11
1016500,4,3,0.13085198402404785,8.372705768507052,3.622270944551276e-11,2.3861648237389232e-14
1016500,5,7,0.2163132280111313,8.366108734084458,1.0613886459643103e-10,4.104449177676123e-14
1016500,6,6,0.20212504267692566,8.132583881789689,8.485715894408569e-10,1.317662355832421e-12
1016500,7,10,0.22140763700008392,8.147376909798322,2.1296801381587413e-09,1.1509245517410302e-11
1016500,8,9,0.15808454155921936,8.816696736834533,3.888714037632598e-09,1.4304393067110594e-12
1016500,9,5,0.19546091556549072,8.89440031894938,7.890702306452754e-08,2.4662584288231936e-10
1016500,10,1,0.19869787991046906,8.718718269595646,1.0153710424773263e-08,6.504673183841673e-12
1016500,11,11,0.190267413854599,8.292470777023107,8.638028240836869e-12,1.4383753484233482e-15
1016500,12,23,0.3151561915874481,7.142369863151618,5.206983372965152e-10,3.261828718870535e-12
1016500,13,15,0.3093811869621277,7.3802346243570955,6.8814011582209264e-09,4.414743520876111e-10
1016500,14,19,0.3075312376022339,7.426151528740465,2.8379098539155923e-10,2.477029968553032e-12
1016500,15,14,0.2619937062263489,7.9635463777694895,1.3227749685649577e-10,1.8385538916173875e-13
1016500,16,18,0.3458477854728699,7.756288920942213,1.2751060318635623e-09,4.97931825310636e-12
1016500,17,22,0.3438454568386078,7.729017642913719,1.8404416987955007e-08,4.392928907155078e-09
1016500,18,20,0.3307172656059265,7.530240269142846,2.4090819248423763e-07,1.3939090114665843e-11
1016500,19,24,0.43965205550193787,7.401228974011006,1.079994662147798e-06,6.248912817699725e-11
1016500,20,21,0.35515671968460083,7.7045713934493865,2.7373730422415623e-07,1.1684509097564989e-09
1016500,21,8,0.258159339427948,8.17266707364679,4.953994342332402e-07,2.866410347163032e-11
1016500,22,13,0.3151084780693054,7.831137057047611,7.765934572529907e-08,1.5204543908506595e-10
1016500,23,16,0.33896252512931824,7.702497023735745,6.842396674938281e-07,3.959051075379889e-11
1016500,24,27,0.4134615659713745,7.357350990227992,5.729243765764675e-10,1.4031153207074754e-11
1016500,25,26,0.41424188017845154,7.137774691954802,2.499884585130425e-09,1.1841888144128616e-11
1016500,26,17,0.4195425808429718,7.367001157318055,1.3118186878476562e-06,4.5543534076911906e-08
1016500,27,25,0.47339928150177,6.987207981154855,5.921207666246884e-07,6.772097150272505e-09
1016500,28,36,0.5395991802215576,6.5708412908201534,4.862421449902564e-07,2.8134257314686685e-11
1016500,29,33,0.5030379295349121,6.766810943186084,6.302063310624051e-08,9.237303129938547e-11
1016500,30,35,0.5227916240692139,6.850498717027943,1.0174390487082665e-09,5.528817735044478e-12
1016500,31,31,0.4556236267089844,6.809919506814694,9.726042770954492e-09,3.6999417244766317e-09
1016500,32,34,0.5235335230827332,6.760659871722627,9.136932114154351e-10,3.112549473782626e-12
1016500,33,32,0.5795654058456421,6.5636668024269715,1.9871049480276926e-06,1.1497506436884115e-10
1016500,34,29,0.48196977376937866,6.630115628295701,7.216251893451137e-07,3.449371774163866e-09
1016500,35,28,0.47312235832214355,7.132488682289809,5.082424676577401e-07,2.940720896091945e-11
1016500,36,53,0.7377315163612366,5.985410700867064,3.8828764088863434e-07,1.8898806535021788e-09
1016500,37,41,0.6388978958129883,6.497426174570256,3.688836086285581e-07,1.3078388332772948e-09
1016500,38,46,0.6449156999588013,6.497479307574383,1.9598181429754788e-08,2.9985725767149824e-10
1016500,39,37,0.5983728766441345,6.609286666965838,3.3580806659888555e-10,4.386575674103375e-14
1016500,40,40,0.6343016624450684,6.516836535976902,6.741194847984113e-07,3.900495101374338e-11
1016500,41,30,0.5504065752029419,6.819351189191606,7.48182879171762e-08,8.305908417739798e-08
1016500,42,39,0.6119648814201355,6.343531090273515,1.5707784947814757e-09,2.467604596607247e-10
1016500,43,38,0.5962179899215698,6.505480375900419,3.738041293587023e-10,2.04241117915902e-13
1016500,44,43,0.6837499141693115,6.146542663418741,2.416540705760725e-10,6.112905808371963e-14
1016500,45,51,0.7068253755569458,6.035263679595824,1.6238656382970122e-10,9.417364651266076e-14
1016500,46,42,0.6961172223091125,6.372076683422775,5.110008835233091e-09,4.456107292380268e-11
1016500,47,45,0.6961355805397034,5.95949728854467,4.4121950302657525e-08,2.2390768974932464e-11
1016500,48,48,0.7079264521598816,5.923712139359784,1.1381924350994128e-06,6.585648564741007e-11
1016500,49,56,0.7905731201171875,5.948054712981076,5.796496406140129e-07,3.3538870107047364e-11
1016500,50,44,0.6624961495399475,6.28506059009501,1.4329953031646464e-06,8.291395348048112e-11
1016500,51,47,0.7138117551803589,6.279775076566258,1.129447607609223e-08,4.758205506859375e-09
1016500,52,50,0.829880952835083,5.8401420171461655,9.74190312374096e-09,1.6264118234598087e-10
1016500,53,61,0.878707230091095,5.523528445820235,3.090502986448873e-08,2.233979273370149e-11
1016500,54,55,0.7625676989555359,6.017009795598316,7.171198173028089e-11,4.173889444342807e-15
1016500,55,49,0.7169836759567261,6.118994214559863,1.497149338057831e-07,2.1416733663490238e-10
1016500,56,57,0.8144405484199524,5.79648134705231,3.589853833986246e-08,2.3703073953901942e-11
1016500,57,52,0.808921217918396,5.907977043052435,7.809041804559733e-07,4.5183576490481005e-11
1016500,58,54,0.816598117351532,5.881978135711778,9.777573557566173e-08,5.076810777610073e-09
1016500,59,59,0.8053290843963623,6.04856883654798,1.2092336541493244e-10,4.4247892812316424e-14
1016500,60,62,0.9053760170936584,5.2183293434780165,5.212128052644474e-09,4.362086639967809e-12
1016500,61,60,0.8650563955307007,5.457515038017741,1.3793336412624898e-07,7.980905807097446e-12
1016500,62,58,0.8509283065795898,5.573218704108912,1.0680136579058704e-09,5.791705106701516e-13
1016500,63,63,0.8903054594993591,5.349933968355255,1.151464486897821e-09,3.866744638818317e-12
1016750,0,12,0.22500477731227875,8.463085095904377,1.2664593277815093e-06,7.327808371506748e-11
1016750,1,4,0.14910806715488434,8.68507550243608,1.297214420700358e-06,7.505759153196679e-11
1016750,2,2,0.12401588261127472,8.996332249506985,2.021227070280075e-08,3.6124792861077912e-09
1016750,3,0,0.11144914478063583,8.685030002860291,1.4979411082557732e-06,8.667175607075213e-11
1016750,4,3,0.13317076861858368,8.524354410154553,1.2464527250453895e-11,3.4021460672314133e-14
1016750,5,7,0.21644413471221924,8.53321372971911,1.908715687790922e-11,1.1345636310373876e-14
1016750,6,6,0.2071463167667389,8.139914646169666,2.0545843349683365e-09,1.6068775347564924e-11
1016750,7,10,0.21741756796836853,8.47875362500172,1.2160376326729356e-08,1.7476718502487134e-10
1016750,8,9,0.15537101030349731,8.780032751795957,7.851748570909875e-08,2.36199085179975e-10
1016750,9,5,0.18688830733299255,8.773747894712681,2.2831836338615198e-07,2.7949022054697746e-09
1016750,10,1,0.19661502540111542,8.752625698023659,9.939491517655097e-09,8.072449681059399e-12
1016750,11,11,0.19636183977127075,8.457910086399366,3.876759028340184e-11,1.336431810216031e-14
1016750,12,23,0.36201632022857666,7.153259567402537,2.1702484278800012e-10,4.667766139640689e-13
1016750,13,15,0.28525832295417786,7.091131710732349,2.3390611300771915e-09,1.140084184192454e-11
1016750,14,19,0.3286220133304596,7.307539161938981,8.520463170430654e-11,5.136938009533373e-14
1016750,15,14,0.25202226638793945,8.075973253620718,9.93158192167682e-09,4.5053975508118444e-10
1016750,16,18,0.3362601697444916,7.982971674581629,2.4402920039163867e-08,1.399525027724512e-09
1016750,17,22,0.3480261564254761,8.245882756290914,3.6746850333920603e-09,2.3562601123768244e-10
1016750,18,20,0.34273573756217957,7.570023535506491,1.945226341071595e-06,1.1255194346864214e-10
1016750,19,24,0.4020601511001587,7.268396800592518,8.760788814226377e-07,5.0690440826352466e-11
1016750,20,21,0.36000993847846985,7.56198951921761,6.049317714948016e-07,1.7322459209944936e-08
1016750,21,8,0.2861456274986267,8.142733248030488,1.907770379377218e-06,1.1038471943194362e-10
1016750,22,13,0.30246713757514954,7.969750740584095,7.205641391449104e-07,1.333617837660211e-08
1016750,23,16,0.331194132566452,7.865632569390683,1.8567273894337839e-06,1.0743134192656895e-10
1016750,24,27,0.38938432931900024,7.2345363219884895,6.672855413366383e-09,2.125583443283843e-09
1016750,25,26,0.4108278751373291,7.304805801284591,6.478886497060421e-08,1.544027437669296e-08
1016750,26,17,0.3869072198867798,7.46410404061576,4.96072781764866e-07,2.005959658502908e-09
1016750,27,25,0.48860296607017517,7.063272021412396,9.40329888580574e-07,1.4731112277717006e-08
1016750,28,36,0.5818019509315491,6.380478731612636,3.990286433745436e-07,2.3088032669102962e-11
1016750,29,33,0.5349587202072144,6.557431966449208,1.8279212856699232e-07,7.422002717594724e-10
1016750,30,35,0.5241073966026306,6.891435832326138,2.364286166999491e-09,2.9407059305427853e-10
1016750,31,31,0.4264034628868103,6.89827544790134,3.2291036465004787e-09,1.735169320036514e-10
1016750,32,34,0.534500777721405,6.613680113020038,1.5890637982347178e-07,1.1607968836170731e-07
1016750,33,32,0.519448459148407,6.447726286838709,2.0990502232586143e-06,1.2145228402361454e-10
1016750,34,29,0.5345278978347778,6.933987594968272,9.080930137611679e-07,1.0979637463698828e-08
1016750,35,28,0.4747008681297302,6.950405228505848,2.1160729198258013e-06,1.2243722728767649e-10
1016750,36,53,0.7642363905906677,6.202419232206594,9.151194637126572e-08,7.668813951216903e-11
1016750,37,41,0.6158893704414368,6.85758495226856,7.489227011097414e-07,8.85268179967709e-09
1016750,38,46,0.649372935295105,6.9262764118778355,2.099300866236445e-09,5.4925287723066025e-12
1016750,39,37,0.6064633131027222,6.523726016997053,2.6793785902470412e-08,1.5049645477578925e-11
1016750,40,40,0.6147150993347168,6.417339104924639,1.8504556336319546e-06,1.0706845443653642e-10
1016750,41,30,0.5213356614112854,6.931796467569066,2.0262848703184643e-09,2.2909392162066098e-10
1016750,42,39,0.5823168754577637,6.926769071303079,1.4804888131575197e-10,3.5693296902177873e-13
1016750,43,38,0.6015107035636902,6.444986968881694,1.2748228725261564e-09,9.700538399408935e-13
1016750,44,43,0.6880499124526978,6.113153900052076,1.512368228433707e-08,5.271477519372738e-10
1016750,45,51,0.7000783681869507,6.21609543154247,6.438999565107672e-09,5.883643972763224e-11
1016750,46,42,0.7162697315216064,6.424894972349088,2.709431629786418e-08,2.465202570906099e-10
1016750,47,45,0.7278849482536316,5.896847445307469,7.106283109357798e-09,2.1460760251423855e-12
1016750,48,48,0.7031225562095642,6.140679393688253,1.330426868084223e-06,7.697928332766009e-11
1016750,49,56,0.8185073137283325,6.047419278312125,9.986183636481666e-07,5.778064754673173e-11
1016750,50,44,0.6761257648468018,6.30387105666175,9.115713644183805e-07,5.2744056827407705e-11
1016750,51,47,0.7034327983856201,6.250918682733805,1.2947259375498894e-08,7.051080136910571e-10
1016750,52,50,0.7789589166641235,5.743320670747364,9.666598040345952e-08,6.134364990674007e-09
1016750,53,61,0.8492771983146667,5.747667434456265,1.735568294314201e-07,3.3474315266839376e-10
1016750,54,55,0.7404417395591736,5.668710935286921,2.40740629073173e-09,8.126143070508216e-12
1016750,55,49,0.7029013633728027,6.074520328625086,3.01129633041292e-07,5.371974674961128e-10
1016750,56,57,0.8355516791343689,5.8394551600417275,4.4146324931640045e-08,1.843730873862411e-11
1016750,57,52,0.8275988101959229,5.828272156354962,6.101748369161024e-08,3.5305075970098417e-12
1016750,58,54,0.8166996836662292,5.730631833307298,8.840578276951578e-08,1.0992153600167082e-08
1016750,59,59,0.8195786476135254,6.119775219825189,3.1246805584192084e-10,3.5280107507964974e-13
1016750,60,62,0.9085702300071716,5.295288186996313,8.923686151351194e-09,3.6841366619864373e-11
1016750,61,60,0.8666528463363647,5.4908519014911175,3.167593842577361e-07,1.8327884810822896e-11
1016750,62,58,0.8661743402481079,5.566661713257827,4.1194442894246564e-08,1.134697140574013e-09
1016750,63,63,0.9064454436302185,5.424082754815375,6.301036469406194e-09,3.260908157826159e-10
1017000,0,13,0.2167026698589325,8.463085095904377,8.989932398750342e-07,3.727038789893386e-08
1017000,1,4,0.15591701865196228,8.68507550243608,9.883308494600258e-07,5.7185405907808196e-11
1017000,2,6,0.11070603132247925,8.996332249506985,5.286673419617484e-09,4.313134919491942e-10
1017000,3,0,0.12603257596492767,8.685030002860291,5.348694806337644e-07,3.094786363741603e-11
1017000,4,3,0.16205726563930511,8.524354410154553,3.2017772987825803e-10,1.5893376540339676e-12
1017000,5,11,0.21030381321907043,8.53321372971911,2.1592432099677738e-10,3.5286827182810077e-13
1017000,6,2,0.22188620269298553,8.139914646169666,2.184696127064705e-09,7.012299929356248e-12
1017000,7,9,0.20207150280475616,8.47875362500172,5.141679847585939e-08,1.6263241162811033e-10
1017000,8,1,0.15553750097751617,8.780032751795957,6.519802842124306e-07,5.6460093087694774e-08
1017000,9,5,0.20266203582286835,8.773747894712681,9.244998858966258e-07,5.671983474560518e-08
1017000,10,10,0.19592764973640442,8.752625698023659,1.7621304181540962e-10,2.8325530900348515e-13
1017000,11,7,0.2302292138338089,8.457910086399366,1.982207079874377e-09,7.461403800565008e-11
1017000,12,27,0.3517380356788635,7.153259567402537,1.3535722801027995e-11,2.5185220892908158e-15
1017000,13,15,0.3088728189468384,7.091131710732349,4.4531277180488736e-11,3.577128795979735e-14
1017000,14,19,0.31452715396881104,7.307539161938981,1.263594181285099e-10,3.500356226603641e-13
1017000,15,14,0.2615202069282532,8.075973253620718,1.3973767382553962e-09,4.074549695104949e-12
1017000,16,22,0.34942615032196045,7.982971674581629,1.443787780683543e-09,6.9740037888725165e-12
1017000,17,18,0.34823814034461975,8.245882756290914,1.4823841762109535e-08,4.604080733469154e-10
1017000,18,16,0.32301345467567444,7.570023535506491,2.5196954047060004e-07,1.4579106233593243e-11
1017000,19,25,0.4035440981388092,7.268396800592518,3.282798456309476e-07,1.36747162409744e-09
1017000,20,21,0.352969765663147,7.56198951921761,1.1718126100427486e-07,1.8465268992140385e-10
1017000,21,8,0.2677098512649536,8.142733248030488,1.5077090398315319e-06,8.7236934353252e-11
1017000,22,12,0.31079360842704773,7.969750740584095,1.4319570486270253e-06,8.285387946052929e-11
1017000,23,17,0.33916524052619934,7.865632569390683,6.748452415184361e-07,2.1809232246766934e-08
1017000,24,23,0.3731997013092041,7.2345363219884895,1.0458452344905915e-08,2.3568331578377057e-09
1017000,25,29,0.43567904829978943,7.304805801284591,7.211467382474835e-07,9.279344210207068e-09
1017000,26,20,0.39432787895202637,7.46410404061576,5.706163402569034e-07,3.301619802017402e-11
1017000,27,24,0.4443304240703583,7.063272021412396,5.654097053648595e-07,3.2714939054233726e-11
1017000,28,34,0.5486647486686707,6.380478731612636,7.097012540257685e-09,6.949468820873425e-10
1017000,29,32,0.545073390007019,6.557431966449208,1.9728096711023025e-06,1.1414793121399792e-10
1017000,30,35,0.4915001690387726,6.891435832326138,1.9965785699759751e-10,9.337945664624723e-14
1017000,31,31,0.4653127193450928,6.89827544790134,2.7873251284161987e-09,4.194039598035663e-11
1017000,32,30,0.5721681118011475,6.613680113020038,7.893505028206186e-09,5.4427010284794646e-11
1017000,33,36,0.5331457853317261,6.447726286838709,2.1317846532591684e-07,1.2334631745155556e-11
1017000,34,28,0.5507963299751282,6.933987594968272,1.8687182288510481e-06,1.0812513896794031e-10
1017000,35,26,0.4901098310947418,6.950405228505848,2.9499458196699707e-08,4.487020346437723e-09
1017000,36,50,0.7591217160224915,6.202419232206594,4.7731647081266654e-08,8.315970399060023e-10
1017000,37,37,0.6181222200393677,6.85758495226856,1.6988001023510986e-06,6.993873317873676e-08
1017000,38,42,0.6231327056884766,6.9262764118778355,6.625392773704541e-09,2.2991367073821505e-11
1017000,39,41,0.6316744685173035,6.523726016997053,1.3595297368961208e-08,1.0596219550973884e-11
1017000,40,40,0.632397472858429,6.417339104924639,1.5011906059550718e-07,8.685977392432051e-12
1017000,41,33,0.5347198843955994,6.931796467569066,4.348010055816982e-08,6.035646116853877e-11
1017000,42,39,0.6001394391059875,6.926769071303079,6.563045433250504e-10,3.919593553794916e-12
1017000,43,38,0.6052042245864868,6.444986968881694,3.538859643156364e-08,1.8037966785569828e-09
1017000,44,43,0.7050067186355591,6.113153900052076,2.2476001037735196e-10,3.6707245631175524e-13
1017000,45,46,0.7182436585426331,6.21609543154247,1.3705936984080275e-09,4.323731279786573e-13
1017000,46,51,0.7094970941543579,6.424894972349088,3.4377676282115625e-09,1.9889620080109394e-11
1017000,47,47,0.7167482376098633,5.896847445307469,9.076685988095496e-11,3.0677799629501536e-14
1017000,48,48,0.7295312881469727,6.140679393688253,1.8004401030666291e-06,1.0417452633681623e-10
1017000,49,52,0.7963546514511108,6.047419278312125,6.733861225645292e-07,3.896251824232385e-11
1017000,50,44,0.6678285598754883,6.30387105666175,1.5045962361578989e-06,8.705682569663624e-11
1017000,51,45,0.6901559233665466,6.250918682733805,1.0212557892701863e-08,2.318421051462724e-12
1017000,52,53,0.7992400527000427,5.743320670747364,5.214523617422257e-08,3.496099718212053e-11
1017000,53,60,0.868808388710022,5.747667434456265,6.891129071027825e-07,3.9872479272009494e-11
1017000,54,55,0.8100656270980835,5.668710935286921,1.5012997667285663e-08,7.539924584807637e-10
1017000,55,49,0.6993459463119507,6.074520328625086,1.1598642219104737e-07,7.074096910360739e-11
1017000,56,59,0.844774603843689,5.8394551600417275,2.4212658331384233e-08,5.352181658113399e-09
1017000,57,56,0.8328633904457092,5.828272156354962,4.748565892337155e-08,2.74754823429456e-12
1017000,58,57,0.8371231555938721,5.730631833307298,2.0203363811728365e-07,4.369405580687806e-10
1017000,59,54,0.7876131534576416,6.119775219825189,9.432349241257486e-09,1.978487706867105e-11
1017000,60,63,0.9116693139076233,5.295288186996313,1.8608919263938812e-10,5.135392275900872e-14
1017000,61,61,0.8792219758033752,5.4908519014911175,4.255630906185938e-09,8.495810246560671e-13
1017000,62,62,0.8683418035507202,5.566661713257827,8.344751887836027e-10,2.4826072012800753e-13
1017000,63,58,0.8960829377174377,5.424082754815375,8.153527595303108e-10,2.298851544806021e-13
1017250,0,13,0.20850691199302673,8.463085095904377,5.034799382051143e-07,3.141174444457546e-08
1017250,1,9,0.16994580626487732,8.68507550243608,2.556192615405883e-07,3.82791305163321e-09
1017250,2,2,0.11174331605434418,8.996332249506985,3.420640511102052e-08,4.21176128203089e-09
1017250,3,0,0.10556945204734802,8.685030002860291,5.174410905272207e-07,2.993944670587246e-11
1017250,4,3,0.16040770709514618,8.524354410154553,4.8528181625213664e-11,3.248642427883468e-14
1017250,5,7,0.17048417031764984,8.53321372971911,5.716641953312714e-10,7.668385683899795e-12
1017250,6,6,0.19589056074619293,8.139914646169666,1.277228951245587e-08,1.041088012175441e-09
1017250,7,5,0.2162589281797409,8.47875362500172,7.29526088299287e-08,1.8519133670847883e-10
1017250,8,1,0.13579022884368896,8.780032751795957,5.010107243244626e-09,3.781207347535617e-12
1017250,9,4,0.1633470058441162,8.773747894712681,3.712207367214156e-08,2.147905078790962e-12
1017250,10,10,0.18533386290073395,8.752625698023659,3.05845969747097e-11,9.582753031884403e-15
1017250,11,11,0.23490393161773682,8.457910086399366,7.955417180992814e-11,5.31178607367094e-14
1017250,12,27,0.3915988802909851,7.153259567402537,6.293368341543895e-11,1.5695434897491176e-14
1017250,13,23,0.3458791971206665,7.091131710732349,5.3127269445350367e-11,2.3236522231428662e-14
1017250,14,15,0.30624690651893616,7.307539161938981,2.0039891877784674e-11,2.8455679589553334e-15
1017250,15,14,0.24250438809394836,8.075973253620718,4.4828817408486424e-10,7.052529413696262e-13
1017250,16,18,0.3218414783477783,7.982971674581629,1.4497914235024787e-08,1.3426420450329373e-10
1017250,17,22,0.33129236102104187,8.245882756290914,6.446436489222045e-08,1.5031434123956214e-08
1017250,18,21,0.3554341495037079,7.570023535506491,3.8194243578851704e-07,2.6296286573980074e-09
1017250,19,25,0.3927088677883148,7.268396800592518,1.591220583936119e-07,7.34715002082374e-10
1017250,20,16,0.31181854009628296,7.56198951921761,1.7511467394894403e-06,1.0132238324499348e-10
1017250,21,8,0.25152572989463806,8.142733248030488,5.355823646022303e-07,3.098911152431966e-11
1017250,22,12,0.2755265533924103,7.969750740584095,8.163891112656887e-07,4.723675551759818e-11
1017250,23,17,0.32000306248664856,7.865632569390683,2.559554959604361e-07,1.2080323143321365e-09
1017250,24,19,0.362408846616745,7.2345363219884895,1.3297385708565996e-10,1.529948971874381e-12
1017250,25,29,0.41557806730270386,7.304805801284591,1.0923149155829844e-07,1.1589106262418027e-10
1017250,26,20,0.400098592042923,7.46410404061576,1.3217701725151407e-06,7.647840181595919e-11
1017250,27,24,0.42941519618034363,7.063272021412396,2.8051086401282114e-07,1.623052404858882e-11
1017250,28,34,0.5422194004058838,6.380478731612636,6.701382126689256e-09,8.341335374103406e-11
1017250,29,28,0.5172498822212219,6.557431966449208,1.0073209104802792e-06,5.828418203955664e-11
1017250,30,30,0.46010756492614746,6.891435832326138,4.4725188261909384e-10,4.169551045299203e-13
1017250,31,31,0.4453304708003998,6.89827544790134,3.0057783126098774e-10,1.2425324004684114e-13
1017250,32,35,0.514423131942749,6.613680113020038,3.78762999976622e-09,7.698323507717368e-10
1017250,33,33,0.5373411178588867,6.447726286838709,2.014634153262392e-08,1.163232747434431e-11
1017250,34,36,0.5647631883621216,6.933987594968272,7.813938687544916e-07,4.52119101442715e-11
1017250,35,26,0.49035879969596863,6.950405228505848,1.962321593583614e-07,5.174091192997691e-07
1017250,36,50,0.7576902508735657,6.202419232206594,1.3257099507132958e-07,1.9306730950083504e-08
1017250,37,41,0.606049656867981,6.85758495226856,2.614006034691221e-07,7.827152118668917e-10
1017250,38,38,0.5849286913871765,6.9262764118778355,1.8789656293811667e-09,3.937100697778758e-12
1017250,39,37,0.588910698890686,6.523726016997053,2.9796764066856144e-07,1.837106004468504e-09
1017250,40,44,0.6053419709205627,6.417339104924639,8.230564488895986e-07,4.762253160518649e-11
1017250,41,32,0.5144636034965515,6.931796467569066,1.831178252200981e-06,1.0595305377635028e-10
1017250,42,39,0.5809765458106995,6.926769071303079,1.691048725349888e-10,1.428303576510475e-13
1017250,43,42,0.5892746448516846,6.444986968881694,1.1786610143855084e-08,3.6165678831735896e-10
1017250,44,47,0.6740442514419556,6.113153900052076,7.849576944476897e-10,1.4011369857735358e-12
1017250,45,46,0.6868418455123901,6.21609543154247,1.346115525937252e-08,1.607112187102462e-10
1017250,46,43,0.629372775554657,6.424894972349088,1.4317294232979142e-09,1.438306562646954e-11
1017250,47,51,0.7147940397262573,5.896847445307469,7.159520020736012e-10,1.1325752853220154e-12
1017250,48,48,0.7127749919891357,6.140679393688253,1.0647288739005432e-06,6.160584066462346e-11
1017250,49,56,0.8001527786254883,6.047419278312125,1.1382677745275636e-06,6.586084483116105e-11
1017250,50,40,0.6488150954246521,6.30387105666175,3.875817799405237e-07,2.2425710398981297e-11
1017250,51,45,0.668300211429596,6.250918682733805,1.969890734423899e-07,9.850096791914201e-10
1017250,52,52,0.7727652788162231,5.743320670747364,2.0215371557738323e-07,1.1696733221856046e-11
1017250,53,60,0.8556821346282959,5.747667434456265,4.303573429988899e-08,2.4900729708319025e-12
1017250,54,55,0.7325132489204407,5.668710935286921,2.916168069671109e-09,4.774396156913531e-10
1017250,55,49,0.6542096734046936,6.074520328625086,1.974642146757135e-08,7.302969288888998e-12
1017250,56,58,0.8349707722663879,5.8394551600417275,5.1878787270485254e-08,8.067893885524113e-09
1017250,57,53,0.812979519367218,5.828272156354962,1.4324573872526255e-07,1.9794595348051409e-10
1017250,58,57,0.8160156011581421,5.730631833307298,6.116370888151917e-07,3.0964348124419397e-09
1017250,59,54,0.7655352354049683,6.119775219825189,7.200980157849007e-09,1.5457648281902203e-11
1017250,60,59,0.9444260001182556,5.295288186996313,6.215461199643025e-10,1.3510017771199731e-13
1017250,61,62,0.8990311622619629,5.4908519014911175,1.8990240447518794e-09,1.047110440106515e-12
1017250,62,61,0.8743523359298706,5.566661713257827,1.4305699144747436e-08,6.262738863685177e-12
1017250,63,63,0.8908687233924866,5.424082754815375,6.112121944677721e-10,4.44849438798226e-13
1017500,0,13,0.22020994126796722,8.463085095904377,3.111958244374406e-07,5.4100148960414345e-09
1017500,1,9,0.19162656366825104,8.68507550243608,1.0920410453637592e-06,1.3850968086217913e-07
1017500,2,2,0.12018710374832153,8.996332249506985,1.8635063763766334e-08,2.061938088101163e-09
1017500,3,0,0.08743669092655182,8.685030002860291,3.165709453324206e-07,1.83169816234551e-11
1017500,4,3,0.16159194707870483,8.524354410154553,1.8405496263310303e-11,7.802752102892441e-15
1017500,5,7,0.17711879312992096,8.53321372971911,1.579956826682483e-10,5.717832399064567e-13
1017500,6,6,0.18822230398654938,8.139914646169666,3.795851338700701e-09,5.71568235454135e-11
1017500,7,5,0.19833731651306152,8.47875362500172,1.1729097269934139e-08,1.3359051660304804e-11
1017500,8,1,0.14856083691120148,8.780032751795957,1.5487729080350798e-07,1.1813696226512396e-09
1017500,9,4,0.1680019050836563,8.773747894712681,1.9648091997486768e-07,1.1368501922247097e-11
1017500,10,10,0.17463038861751556,8.752625698023659,1.2267419770804146e-08,1.322711929495816e-09
1017500,11,11,0.21359789371490479,8.457910086399366,5.5194446956338946e-11,6.208955684899608e-14
1017500,12,27,0.38931575417518616,7.153259567402537,5.6719366767046626e-11,4.6259185496415455e-14
1017500,13,23,0.3337881863117218,7.091131710732349,4.800398039489475e-10,2.446726314155668e-12
1017500,14,15,0.3298964202404022,7.307539161938981,6.205537907212354e-10,2.050009960226242e-11
1017500,15,14,0.25087183713912964,8.075973253620718,5.719500911973937e-11,2.0810464417758206e-14
1017500,16,18,0.3233165740966797,7.982971674581629,4.1397731593426275e-08,3.006233495024065e-08
1017500,17,22,0.32801353931427,8.245882756290914,1.6935342904820935e-08,4.820941921616519e-10
1017500,18,21,0.3503503203392029,7.570023535506491,5.701838838769541e-07,4.127914995246318e-08
1017500,19,25,0.39361879229545593,7.268396800592518,2.700772706208295e-07,1.2075822448517918e-09
1017500,20,16,0.33250337839126587,7.56198951921761,6.556567387604692e-07,3.793668563790363e-11
1017500,21,8,0.2649787664413452,8.142733248030488,1.2409217276039715e-06,7.180046310567178e-11
1017500,22,12,0.2994743585586548,7.969750740584095,1.4017274588982134e-06,8.110477756816924e-11
1017500,23,17,0.31569966673851013,7.865632569390683,8.913300409518473e-07,1.3745484280825446e-08
1017500,24,19,0.37840163707733154,7.2345363219884895,6.246006349991565e-09,7.808388188356429e-10
1017500,25,29,0.4437786936759949,7.304805801284591,6.566298350531234e-07,8.704572082263583e-09
1017500,26,20,0.4090723693370819,7.46410404061576,2.1413276751521642e-06,1.2389848232714982e-10
1017500,27,24,0.4568046033382416,7.063272021412396,1.6195783935341131e-06,9.370976114361421e-11
1017500,28,34,0.526707649230957,6.380478731612636,8.235673483849272e-09,2.3107670486924608e-11
1017500,29,28,0.47840237617492676,6.557431966449208,4.5092141418090227e-07,2.6090578996442463e-11
1017500,30,30,0.48770973086357117,6.891435832326138,1.951453460081415e-09,2.6948608698286275e-11
1017500,31,31,0.4657362699508667,6.89827544790134,3.378991367384575e-09,5.2708763714462444e-11
1017500,32,35,0.5293644666671753,6.613680113020038,2.579277327082825e-10,5.763364204846463e-13
1017500,33,33,0.5514118075370789,6.447726286838709,1.2720748122256294e-07,3.6425415957120366e-10
1017500,34,36,0.5456224679946899,6.933987594968272,5.357191448857918e-07,3.099702571220509e-11
1017500,35,26,0.435617059469223,6.950405228505848,3.241670420159776e-08,4.2127071487839733e-10
1017500,36,50,0.7574615478515625,6.202419232206594,5.3028207893195356e-08,1.844978815555854e-09
1017500,37,41,0.6090711355209351,6.85758495226856,6.438564877907279e-07,5.7676835723745994e-09
1017500,38,38,0.6047754883766174,6.9262764118778355,7.305836514624159e-10,7.245700865729827e-13
1017500,39,37,0.5803665518760681,6.523726016997053,3.63627008659726e-08,2.579884780549786e-11
1017500,40,44,0.603297233581543,6.417339104924639,1.0495790870962233e-06,6.072926506416009e-11
1017500,41,32,0.5073419809341431,6.931796467569066,7.658897837114933e-07,4.4314834638738754e-11
1017500,42,39,0.6146246194839478,6.926769071303079,7.397738297493389e-11,1.1808476169192046e-14
1017500,43,42,0.5899807214736938,6.444986968881694,2.944598260926191e-09,9.697421923467271e-12
1017500,44,47,0.6813876628875732,6.113153900052076,1.2291746212290802e-10,4.0817411074302154e-14
1017500,45,46,0.7154000997543335,6.21609543154247,1.871913633572741e-09,6.878662194536872e-13
1017500,46,43,0.6285621523857117,6.424894972349088,1.2197991409403122e-09,1.7503038193163416e-12
1017500,47,51,0.7321908473968506,5.896847445307469,8.928240585364692e-10,3.4165519521656304e-13
1017500,48,48,0.7547139525413513,6.140679393688253,1.979868624848848e-07,1.1455636644143293e-11
1017500,49,56,0.7845041751861572,6.047419278312125,1.4052578152630436e-06,8.130904606978709e-11
1017500,50,40,0.6510618925094604,6.30387105666175,6.068098556792316e-07,3.511037617092919e-11
1017500,51,45,0.6539564728736877,6.250918682733805,1.3451342656393613e-07,2.555813205024586e-10
1017500,52,52,0.7932465672492981,5.743320670747364,6.957648373857236e-07,4.0257363881761564e-11
1017500,53,60,0.8791588544845581,5.747667434456265,2.271102411393541e-09,1.3140732511253563e-13
1017500,54,55,0.7372597455978394,5.668710935286921,6.665658928981102e-10,5.300584310443607e-13
1017500,55,49,0.6654319167137146,6.074520328625086,8.729144591559428e-07,6.8697568246165806e-09
1017500,56,58,0.8362268805503845,5.8394551600417275,1.0526381685820743e-07,1.4362931052721899e-08
1017500,57,53,0.8135467171669006,5.828272156354962,1.5695928660988974e-08,1.1584121227162365e-11
1017500,58,57,0.8216331601142883,5.730631833307298,5.968667648725747e-07,9.995066201033019e-09
1017500,59,54,0.7617720365524292,6.119775219825189,1.8711685299998163e-10,7.45949993483481e-14
1017500,60,59,0.942346453666687,5.295288186996313,7.600623918203083e-09,2.5954303191930476e-11
1017500,61,62,0.8899529576301575,5.4908519014911175,3.442507769369492e-08,2.415045429372234e-10
1017500,62,61,0.8674684762954712,5.566661713257827,4.870025768627706e-09,9.319799474887974e-13
1017500,63,63,0.9041565656661987,5.424082754815375,3.2133983679740116e-10,6.373156322490909e-14
1017750,0,13,0.2546033263206482,8.463085095904377,9.806795693733657e-08,3.9030105221024227e-10
1017750,1,8,0.20883965492248535,8.68507550243608,1.152112029737105e-06,6.666188160349437e-11
1017750,2,2,0.12132016569375992,8.996332249506985,1.1679348767382014e-08,7.592389501607946e-10
1017750,3,0,0.09652615338563919,8.685030002860291,1.0841527235094995e-06,6.272971605998023e-11
1017750,4,10,0.18976947665214539,8.524354410154553,1.294619527720543e-10,7.124548445306372e-14
1017750,5,7,0.19322724640369415,8.53321372971911,3.1230679543855543e-09,3.0380819197286254e-09
1017750,6,6,0.1772429645061493,8.139914646169666,8.143658171155741e-11,3.671762565499061e-14
1017750,7,5,0.22846436500549316,8.47875362500172,1.6864316380338875e-07,8.632084437281426e-10
1017750,8,1,0.1396467238664627,8.780032751795957,2.620917749714546e-07,5.042129861034162e-09
1017750,9,9,0.20774881541728973,8.773747894712681,1.7169282360143389e-07,8.1969246410706e-10
1017750,10,3,0.17232327163219452,8.752625698023659,3.1730579576785087e-09,3.376972633220471e-10
1017750,11,11,0.25026988983154297,8.457910086399366,1.3485808875102718e-10,3.100987510571507e-12
1017750,12,30,0.4282839000225067,7.153259567402537,6.497432909784792e-10,4.975412041801592e-13
1017750,13,22,0.34854429960250854,7.091131710732349,5.171966896262348e-10,4.995633485038249e-13
1017750,14,19,0.34577906131744385,7.307539161938981,2.2918308003896628e-10,4.466336105308535e-13
1017750,15,15,0.2791275978088379,8.075973253620718,4.066723152743205e-10,2.8281200399366478e-12
1017750,16,18,0.3270925283432007,7.982971674581629,6.065729851911708e-08,1.6624586086956358e-08
1017750,17,14,0.32728055119514465,8.245882756290914,1.2579132823970406e-09,5.408238439039164e-12
1017750,18,25,0.34708207845687866,7.570023535506491,4.637853849080859e-07,9.935885613227326e-09
1017750,19,21,0.36285096406936646,7.268396800592518,3.944946720921822e-09,1.1927128561148132e-12
1017750,20,16,0.30975252389907837,7.56198951921761,2.351359801362937e-07,1.3605106503526311e-11
1017750,21,4,0.2556873559951782,8.142733248030488,1.6587586184184022e-06,9.5976752065522e-11
1017750,22,12,0.26793578267097473,7.969750740584095,8.205934291541762e-07,4.7480019830505024e-11
1017750,23,17,0.33868515491485596,7.865632569390683,2.9569515157399867e-07,6.760596177157031e-09
1017750,24,23,0.36972853541374207,7.2345363219884895,8.848593192357753e-10,3.6449045685643546e-11
1017750,25,28,0.42983394861221313,7.304805801284591,7.336101090536313e-07,4.2447113623159455e-11
1017750,26,20,0.41993579268455505,7.46410404061576,1.1726892228564563e-06,6.78524901346521e-11
1017750,27,29,0.5065299272537231,7.063272021412396,1.7949035134276814e-06,1.2449039055069403e-07
1017750,28,38,0.5705833435058594,6.380478731612636,3.861935444473935e-09,2.9922246059287456e-11
1017750,29,24,0.4938940107822418,6.557431966449208,2.1301517174332332e-06,1.2325183482149424e-10
1017750,30,31,0.4924771785736084,6.891435832326138,2.1933742479521386e-09,1.4499101807524243e-10
1017750,31,26,0.4807427227497101,6.89827544790134,1.2660942412018911e-08,2.8984882788895354e-10
1017750,32,34,0.5063083171844482,6.613680113020038,1.1608618645438229e-07,2.6284090875919764e-07
1017750,33,32,0.5548825860023499,6.447726286838709,1.9827587426609084e-06,1.1472359036274872e-10
1017750,34,37,0.5581990480422974,6.933987594968272,9.398953980315754e-07,2.754895849852339e-08
1017750,35,27,0.42307084798812866,6.950405228505848,4.8937291379212634e-08,2.3440347926248934e-07
1017750,36,50,0.7720166444778442,6.202419232206594,1.9230444392412644e-07,3.142889301935112e-08
1017750,37,40,0.6076366305351257,6.85758495226856,2.0546878954250524e-06,1.188854535684453e-10
1017750,38,42,0.6198866963386536,6.9262764118778355,4.989810580825843e-09,6.311894881207539e-12
1017750,39,36,0.6158530116081238,6.523726016997053,7.693308606983346e-07,4.451393738288575e-11
1017750,40,41,0.6072585582733154,6.417339104924639,1.4430463413575748e-07,3.9693709270417413e-10
1017750,41,33,0.5225301384925842,6.931796467569066,2.939741853817755e-07,1.4099661480333438e-09
1017750,42,35,0.5585024356842041,6.926769071303079,2.5173683961045516e-09,6.266873707451999e-10
1017750,43,39,0.6023873686790466,6.444986968881694,6.646567975246541e-10,8.181054924469225e-12
1017750,44,47,0.6677513122558594,6.113153900052076,6.464651024227204e-11,7.287021186366432e-15
1017750,45,43,0.66963130235672,6.21609543154247,1.5470908006663121e-09,2.6878212526969953e-11
1017750,46,49,0.6388112902641296,6.424894972349088,4.127422660963662e-08,3.172705250421823e-11
1017750,47,51,0.7138546705245972,5.896847445307469,6.527537623517818e-09,1.4724161130607243e-08
1017750,48,52,0.7372412085533142,6.140679393688253,6.197432230414852e-07,3.585870843513933e-11
1017750,49,56,0.7953559756278992,6.047419278312125,6.208520692975818e-07,3.5922866933560114e-11
1017750,50,44,0.6509817242622375,6.30387105666175,7.858884936630447e-07,4.547197179259441e-11
1017750,51,46,0.6815658807754517,6.250918682733805,4.567023900645042e-08,7.466456170937034e-09
1017750,52,48,0.7774900794029236,5.743320670747364,5.397974799163196e-07,3.123300058264061e-11
1017750,53,61,0.8744969964027405,5.747667434456265,3.0387192695629075e-07,9.849099556996823e-10
1017750,54,54,0.7943904399871826,5.668710935286921,2.303149778151286e-07,1.8366627151022467e-07
1017750,55,45,0.6378293037414551,6.074520328625086,2.2531618441377264e-07,6.90603628872135e-10
1017750,56,53,0.8245711922645569,5.8394551600417275,5.894075803267218e-08,2.923306770642488e-11
1017750,57,57,0.8148186802864075,5.828272156354962,9.217365859297212e-08,1.2471929256271475e-10
1017750,58,58,0.8305795192718506,5.730631833307298,7.92226660956754e-09,2.557414499301393e-11
1017750,59,55,0.7646723985671997,6.119775219825189,1.1134691268886727e-10,1.0733683034383108e-14
1017750,60,59,0.9231261610984802,5.295288186996313,3.5023469988760546e-09,2.4798374627227632e-11
1017750,61,62,0.8646577596664429,5.4908519014911175,1.7926081403284592e-09,1.1241648247342911e-12
1017750,62,60,0.8645946979522705,5.566661713257827,9.4119204191665e-09,5.445792669894736e-13
1017750,63,63,0.8962986469268799,5.424082754815375,7.868935378367038e-09,3.3542674387792456e-11
1018000,0,13,0.21822325885295868,8.463085095904377,3.572205723628724e-07,1.1426808145547233e-08
1018000,1,8,0.17088691890239716,8.68507550243608,1.1858452434690092e-06,6.861370524725467e-11
1018000,2,2,0.11914994567632675,8.996332249506985,1.1600902621510512e-08,2.299368082690542e-09
1018000,3,0,0.09917812049388885,8.685030002860291,1.6402115514893121e-06,9.490360783318443e-11
1018000,4,10,0.17402291297912598,8.524354410154553,1.7497050409589554e-10,4.952343170386339e-13
1018000,5,7,0.16473174095153809,8.53321372971911,6.919951698271782e-11,6.210267053487044e-13
1018000,6,6,0.1710669845342636,8.139914646169666,7.331967145454757e-10,2.405469857693407e-12
1018000,7,5,0.1942710429430008,8.47875362500172,2.5419002155281436e-08,5.3070968214407703e-11
1018000,8,1,0.14057518541812897,8.780032751795957,5.860754269610471e-07,2.6256720644652336e-08
1018000,9,9,0.19437412917613983,8.773747894712681,2.639812609707868e-07,2.3299922650783623e-09
1018000,10,3,0.1478038728237152,8.752625698023659,9.137478388660375e-11,1.3616973425634821e-13
1018000,11,11,0.24616090953350067,8.457910086399366,1.7288269704587687e-09,1.2784734290326106e-11
1018000,12,30,0.4067542254924774,7.153259567402537,2.8059641041683613e-11,4.677089908252296e-15
1018000,13,22,0.3237692713737488,7.091131710732349,2.429152234441008e-10,3.7003573372671604e-13
1018000,14,19,0.30302366614341736,7.307539161938981,2.934021881895992e-10,4.405885294158106e-13
1018000,15,15,0.26684170961380005,8.075973253620718,4.230350217623798e-11,9.747448159934507e-15
1018000,16,18,0.30361390113830566,7.982971674581629,7.496121922018785e-08,7.262730285247088e-09
1018000,17,14,0.2543413043022156,8.245882756290914,8.913634102958437e-09,5.069365562753508e-10
1018000,18,25,0.363315224647522,7.570023535506491,5.990243578061169e-07,5.502795033441864e-09
1018000,19,21,0.3666671812534332,7.268396800592518,5.965867847348278e-08,1.123220303522679e-10
1018000,20,16,0.33514949679374695,7.56198951921761,1.709668675585339e-06,9.892243800203953e-11
1018000,21,4,0.22487995028495789,8.142733248030488,1.0529931391277378e-06,6.092680412845126e-11
1018000,22,12,0.2887488305568695,7.969750740584095,1.6338952701524964e-06,9.45381440694346e-11
1018000,23,17,0.31468266248703003,7.865632569390683,1.097360102898934e-06,5.343488902097723e-08
1018000,24,23,0.3338027000427246,7.2345363219884895,1.4586080323917447e-10,8.011201441313962e-13
1018000,25,28,0.42362627387046814,7.304805801284591,1.8538433738940969e-06,1.0726447108633207e-10
1018000,26,20,0.40468475222587585,7.46410404061576,1.3582713431134464e-06,7.859038107666392e-11
1018000,27,29,0.5219871401786804,7.063272021412396,7.918249598870422e-07,1.9038917408246808e-08
1018000,28,38,0.6199016571044922,6.380478731612636,7.233430143872484e-08,7.525464997316865e-09
1018000,29,24,0.44046536087989807,6.557431966449208,1.6952507456615019e-06,9.808820807236054e-11
1018000,30,31,0.49744030833244324,6.891435832326138,3.972288190860315e-10,2.264070858614606e-13
1018000,31,26,0.40643054246902466,6.89827544790134,3.1991861173761145e-09,6.1943304741819755e-12
1018000,32,34,0.5140414834022522,6.613680113020038,6.661299579396998e-11,1.252272507258967e-14
1018000,33,32,0.530775785446167,6.447726286838709,1.649994195458411e-06,9.546963738344094e-11
1018000,34,37,0.5627680420875549,6.933987594968272,3.235587134247438e-07,2.037462435638319e-09
1018000,35,27,0.41549190878868103,6.950405228505848,2.955259497409833e-11,2.27495020577875e-15
1018000,36,50,0.7343867421150208,6.202419232206594,4.126695124930258e-07,1.1663767906409046e-06
1018000,37,40,0.6167783737182617,6.85758495226856,3.22979764347004e-07,1.8687799671823044e-11
1018000,38,42,0.575557291507721,6.9262764118778355,3.761192613005421e-09,8.256214275866083e-12
1018000,39,36,0.5997180342674255,6.523726016997053,1.4338341499867048e-07,8.296248965239182e-12
1018000,40,41,0.6092391014099121,6.417339104924639,5.307050148825288e-08,3.696571314026064e-11
1018000,41,33,0.5259475708007812,6.931796467569066,7.397541930090242e-08,1.3190931030584684e-10
1018000,42,35,0.5581302642822266,6.926769071303079,1.7626643423417318e-10,4.859770208412033e-14
1018000,43,39,0.5773526430130005,6.444986968881694,7.149469561788207e-11,2.7707986288778822e-14
1018000,44,47,0.7036666870117188,6.113153900052076,3.0945973648410987e-10,4.976823255417923e-13
1018000,45,43,0.6236312389373779,6.21609543154247,1.2027406015976268e-10,3.784243929162819e-14
1018000,46,49,0.6826823949813843,6.424894972349088,1.8759826939844915e-07,7.358863742490375e-10
1018000,47,51,0.6908643245697021,5.896847445307469,2.194115297607521e-08,2.35119244717054e-08
1018000,48,52,0.6920274496078491,6.140679393688253,2.867657445413854e-07,1.6592435125356528e-11
1018000,49,56,0.766604483127594,6.047419278312125,1.170588965648506e-06,6.77309680137824e-11
1018000,50,44,0.6286853551864624,6.30387105666175,1.3253684032162605e-06,7.668659756670996e-11
1018000,51,46,0.6702777743339539,6.250918682733805,4.514249129770887e-08,3.3295722627746763e-09
1018000,52,48,0.7463178038597107,5.743320670747364,1.4559715703067258e-06,8.424337384966611e-11
1018000,53,61,0.8823871612548828,5.747667434456265,3.3401489978975345e-08,1.544088764469559e-11
1018000,54,54,0.7779011130332947,5.668710935286921,9.67540635599559e-09,3.2247424910524964e-11
1018000,55,45,0.6445567607879639,6.074520328625086,5.359546822921108e-07,3.3607567184321906e-09
1018000,56,53,0.8057090640068054,5.8394551600417275,2.507191583479295e-07,1.6633260288455878e-09
1018000,57,57,0.8126842379570007,5.828272156354962,1.248018424301519e-07,2.46656959381729e-10
1018000,58,58,0.8081918358802795,5.730631833307298,5.72672747368706e-09,9.434029466905686e-12
1018000,59,55,0.7481915950775146,6.119775219825189,2.818835127484312e-10,6.087049980179699e-14
1018000,60,59,0.9088111519813538,5.295288186996313,9.91654117252342e-10,2.8527539906091947e-13
1018000,61,62,0.8551231622695923,5.4908519014911175,9.402847819257486e-10,1.2491151316236165e-12
1018000,62,60,0.8591978549957275,5.566661713257827,2.5440133637843517e-08,1.4719811379193503e-12
1018000,63,63,0.8886744379997253,5.424082754815375,3.0270937713709617e-10,5.838878187011458e-14
1018250,0,13,0.24836020171642303,8.463085095904377,2.353865235555005e-07,2.656478327166681e-09
1018250,1,4,0.1569470316171646,8.68507550243608,8.369933647914588e-07,4.842892977983254e-11
1018250,2,2,0.15155474841594696,8.996332249506985,4.19017836993126e-10,2.6973250319022395e-12
1018250,3,0,0.12118586152791977,8.685030002860291,1.4565051208991974e-06,8.427424540165666e-11
1018250,4,7,0.20035862922668457,8.524354410154553,4.670630154965445e-10,1.1163952500885003e-11
1018250,5,11,0.19698026776313782,8.53321372971911,1.9924247992912203e-11,6.754061767286436e-15
1018250,6,3,0.18400554358959198,8.139914646169666,7.738020582489173e-10,1.226012774083509e-10
1018250,7,5,0.21712017059326172,8.47875362500172,4.9462402868474144e-09,5.761649868145124e-12
1018250,8,1,0.13958245515823364,8.780032751795957,8.92046381868119e-08,2.781223399317033e-10
1018250,9,9,0.23422947525978088,8.773747894712681,9.040789035466211e-08,1.672214986572654e-10
1018250,10,6,0.15271496772766113,8.752625698023659,6.2965843948084895e-09,1.6231342469841443e-10
1018250,11,10,0.23130883276462555,8.457910086399366,1.1204821757890123e-09,1.0305100819330683e-12
1018250,12,27,0.4052145481109619,7.153259567402537,2.0307231538979436e-11,2.7596427497358254e-15
1018250,13,23,0.3499373197555542,7.091131710732349,2.629184086712804e-10,1.928280711331214e-12
1018250,14,19,0.3334885537624359,7.307539161938981,7.13144753802185e-11,7.273964912514384e-14
1018250,15,15,0.28978410363197327,8.075973253620718,5.481967654156128e-11,2.8000342923527744e-14
1018250,16,18,0.29673314094543457,7.982971674581629,1.126231346337866e-08,3.2307155894898273e-10
1018250,17,14,0.28219151496887207,8.245882756290914,6.875825039742995e-10,5.845190076270309e-13
1018250,18,21,0.38056182861328125,7.570023535506491,2.2022991838615112e-07,8.665088557787493e-10
1018250,19,24,0.3734382688999176,7.268396800592518,8.83033196876054e-08,5.109282162042766e-12
1018250,20,16,0.34727662801742554,7.56198951921761,1.7025863217422574e-06,9.851264883121619e-11
1018250,21,8,0.2604599595069885,8.142733248030488,1.5959082307981134e-06,9.234019156607678e-11
1018250,22,12,0.29018381237983704,7.969750740584095,1.1052005520252303e-06,6.394755583277252e-11
1018250,23,17,0.31756412982940674,7.865632569390683,3.119581867580977e-07,1.8315378145362234e-09
1018250,24,22,0.41131290793418884,7.2345363219884895,4.898582526717386e-09,1.7368302687596818e-10
1018250,25,28,0.4545758068561554,7.304805801284591,6.489617533201081e-07,3.754930983134747e-11
1018250,26,20,0.39282238483428955,7.46410404061576,7.527149640685011e-07,4.3552531803146584e-11
1018250,27,33,0.5009151697158813,7.063272021412396,3.394478745236641e-07,2.8687944300656683e-09
1018250,28,42,0.5767287015914917,6.380478731612636,2.8333707758085053e-09,5.62445143022676e-12
1018250,29,25,0.4483368992805481,6.557431966449208,1.095374477345485e-06,4.327181485331437e-08
1018250,30,30,0.47853967547416687,6.891435832326138,2.141544146355325e-08,1.3932187433050436e-09
1018250,31,26,0.4507870674133301,6.89827544790134,2.5358679475021856e-08,8.489414851865016e-09
1018250,32,34,0.5266914367675781,6.613680113020038,7.083641983379946e-10,8.039866176483792e-13
1018250,33,32,0.5734235644340515,6.447726286838709,4.998756807489679e-07,2.8923101735304026e-11
1018250,34,36,0.5527648329734802,6.933987594968272,1.4543315389398998e-06,8.414848066742397e-11
1018250,35,31,0.4185934364795685,6.950405228505848,2.067991201778453e-09,7.152456878928905e-10
1018250,36,54,0.771037757396698,6.202419232206594,2.1824049638618845e-07,2.8273859652373864e-08
1018250,37,40,0.623909592628479,6.85758495226856,6.976719690554869e-07,4.0367711645078586e-11
1018250,38,38,0.635623037815094,6.9262764118778355,1.2496268754125524e-08,8.52024964514411e-11
1018250,39,41,0.5823447704315186,6.523726016997053,1.1680442657545805e-07,4.058236376321393e-10
1018250,40,37,0.614382803440094,6.417339104924639,1.8579263358076708e-07,4.1891640145957185e-10
1018250,41,29,0.531856894493103,6.931796467569066,6.015133331376531e-08,1.400845735811565e-10
1018250,42,39,0.5661819577217102,6.926769071303079,1.512635947212978e-10,1.817651103672446e-13
1018250,43,35,0.5354198813438416,6.444986968881694,5.432637892314631e-10,6.0558202866799055e-12
1018250,44,51,0.6988723278045654,6.113153900052076,1.0034113556955542e-10,2.1125238093262364e-14
1018250,45,43,0.6776663661003113,6.21609543154247,6.058138907921992e-11,1.7644628398523095e-14
1018250,46,46,0.6476553678512573,6.424894972349088,3.2806321451248075e-09,2.140106508194593e-11
1018250,47,47,0.6892918944358826,5.896847445307469,4.0525080286138774e-10,3.883461289181185e-12
